path,sentence
training_data/processed/sentence_audio/Sentence_for_entry_1368_01.wav,nikhvv uuweehstaaneliitoohoo aatiiha
training_data/processed/sentence_audio/Sentence_for_entry_1538.wav,hilaa naanii'a uunateeki teetsiikhaha
training_data/processed/sentence_audio/Sentence_for_entry_0746.wav,katoohskin uuhsti nuuwaane tsituukhstiiha
training_data/processed/sentence_audio/Sentence_for_entry_0153_02.wav,hayeelhsti kvhti aakvvhali kaatu uukanaahsta
training_data/processed/sentence_audio/Sentence_for_entry_0997.wav,na ahskay kaahsohi uuweehstaaneeha
training_data/processed/sentence_audio/Sentence_for_entry_1574.wav,yinikalhstiihakwu iyvv uutvnv'ihstoo uutaahsteelhtii'i
training_data/processed/sentence_audio/Sentence_for_entry_1862.wav,yvvtaaha lha aakwatuulihskvv yinikalhstiihsko
training_data/processed/sentence_audio/Sentence_for_entry_1677.wav,uuliihsi uunvvneelv kaahsaleeni
training_data/processed/sentence_audio/Sentence_for_entry_1268.wav,kato uuhsti kha'lv tsateethiyiihski
training_data/processed/sentence_audio/Sentence_for_entry_1110.wav,kvvnawoohski kolhvhthanvv ulvvhsa'ti uwaanawoohsvv uutiilhehki ama aatliihstv wuulhana
training_data/processed/sentence_audio/Sentence_for_entry_1698.wav,ookinaalii ookinaliikoohi wookineetoolv nvvtaakii'i
training_data/processed/sentence_audio/Sentence_for_entry_0099.wav,ama aatliiha hsvvtoonii'i
training_data/processed/sentence_audio/Sentence_for_entry_1592.wav,ikaata uutaleehi aaneeliihsko uu kuukha yinikawee'a aataaneelv na'vv'i
training_data/processed/sentence_audio/Sentence_for_entry_1249.wav,iika uuniiyohihsti tsuuniilvwhstaaneehi
training_data/processed/sentence_audio/Sentence_for_entry_0875.wav,tsuutootakwvvta kalookiihsko uuwhihsvvnvv'i
training_data/processed/sentence_audio/Sentence_for_entry_1703.wav,uukoonhvvwutvv uuneeka'lvv'i
training_data/processed/sentence_audio/Sentence_for_entry_1083.wav,yituuyhahkheetsonha nuuna amoohi teekuuhiiloohskoo'i
training_data/processed/sentence_audio/Sentence_for_entry_0982.wav,kvvna kanvvhskee aahstiiki'a
training_data/processed/sentence_audio/Sentence_for_entry_0564.wav,tiilhanoohehtii teekaliinooheehskvv'i
training_data/processed/sentence_audio/Sentence_for_entry_0740.wav,lha khilo yuulvvkwhti uuyo ataanhtatiihsti tsuutloohihstii'i
training_data/processed/sentence_audio/Sentence_for_entry_1804.wav,uuyeelvvha uutawoo'vv uuweeyvv'i
training_data/processed/sentence_audio/Sentence_for_entry_0070.wav,ateelatsuulhvv uweenvvhsti uutuuliiha
training_data/processed/sentence_audio/Sentence_for_entry_1052.wav,kato uuhsti hoolhvvhska
training_data/processed/sentence_audio/Sentence_for_entry_0704.wav,hi'a ahskaya tiikheewi
training_data/processed/sentence_audio/Sentence_for_entry_0291.wav,ateela tiiyhtii akhthiiya aakaahsuuyeehsvv'i
training_data/processed/sentence_audio/Sentence_for_entry_1632.wav,atsalaki uuyhvvtla 'yuuniiyvvha' lha uuyh:vtla yika'niiyiihskoo'i uuyhvvtlahskini uukvvwiyuuhsoo uuniiyiihskoo'i
training_data/processed/sentence_audio/Sentence_for_entry_1675.wav,sihkwa tsuulikhsi teekanvvkaliiha
training_data/processed/sentence_audio/Sentence_for_entry_0248.wav,ayvvwiya aatseelvvhska
training_data/processed/sentence_audio/Sentence_for_entry_0404.wav,uwaakheewhsvv uuhsehstohtii ookinaalii'i
training_data/processed/sentence_audio/Sentence_for_entry_0506.wav,hiiyooliikahs na awiina
training_data/processed/sentence_audio/Sentence_for_entry_0368.wav,takwaleela uunhikiihstohtii aaneelhtiiha
training_data/processed/sentence_audio/Sentence_for_entry_1008.wav,iina yituuhi'leena wahka hilvvhski iyuwaakhti teekaweehsoolvvhstiihskoo'i
training_data/processed/sentence_audio/Sentence_for_entry_0335.wav,alhsteelhtohti uuthayoolhv tiiteelhkwaahski
training_data/processed/sentence_audio/Sentence_for_entry_0773.wav,eenha'i aanatayvvlathvhskvv tuukhthohsti
training_data/processed/sentence_audio/Sentence_for_entry_1713.wav,uniihsi uuthvhihsthanvv'i
training_data/processed/sentence_audio/Sentence_for_entry_1076_02.wav,teekuutalv'v hs kahs anaakaliihski
training_data/processed/sentence_audio/Sentence_for_entry_1280.wav,tsiinawooko yuyhvvtla tooyi
training_data/processed/sentence_audio/Sentence_for_entry_0626.wav,ikaata tawooli anoohsta tikaayheehsti iikaatanhoo anataahihi
training_data/processed/sentence_audio/Sentence_for_entry_1686_01.wav,kvvnoohsahsta uulhskwalita tsiiyvvwahtha
training_data/processed/sentence_audio/Sentence_for_entry_0069.wav,yitsatuulahs ateelatiihtii titsalvvwhihstaanhtii'i
training_data/processed/sentence_audio/Sentence_for_entry_0416.wav,kato uhsti tuutaleenha'i ahskiina hseetaninho
training_data/processed/sentence_audio/Sentence_for_entry_0447.wav,staaya hahsoonhsta
training_data/processed/sentence_audio/Sentence_for_entry_1013.wav,tskwiihsti kawooniiha aahseenhoo lha koohuuhsti yatiiha
training_data/processed/sentence_audio/Sentence_for_entry_1310.wav,khawoonu amaayi uuniilvvkwhti
training_data/processed/sentence_audio/Sentence_for_entry_0303_02.wav,nikoohiilvv yvvwi taalaahsta'eehskoo'i
training_data/processed/sentence_audio/Sentence_for_entry_0411.wav,khiloo'ihs eeha ahskana nikeehsvvna
training_data/processed/sentence_audio/Sentence_for_entry_1107.wav,kato uuhsti hvvtsalhvhska
training_data/processed/sentence_audio/Sentence_for_entry_1334.wav,khoola tsuuniihstiikiihsti uuniilvvkwhti kiilhi
training_data/processed/sentence_audio/Sentence_for_entry_1270.wav,khamaama aneeyhahthahi tuuniiyhoha
training_data/processed/sentence_audio/Sentence_for_entry_0283_01.wav,khiloo uuyhanihskvv uuthvvkaana uukhthahvvhsvv'i
training_data/processed/sentence_audio/Sentence_for_entry_1330.wav,aniikhooteehski koohuuhsti tiikwvvnhi
training_data/processed/sentence_audio/Sentence_for_entry_0230.wav,hahthvvkii'ahs aayhvvtakwaloohskv
training_data/processed/sentence_audio/Sentence_for_entry_0180.wav,alhiiloohsti eehskitiihsi
training_data/processed/sentence_audio/Sentence_for_entry_1421.wav,sahkhoonikee uulhsuuwhita uulhstuula
training_data/processed/sentence_audio/Sentence_for_entry_1078.wav,kuuku teekvvwayooteehsti kiilhi
training_data/processed/sentence_audio/Sentence_for_entry_0532.wav,tso'i tsuuteethiyvvta tsiyohski keehsvv'i
training_data/processed/sentence_audio/Sentence_for_entry_0807.wav,aahsiila'tvv ka'tvv anhawo uutoohsvv'i
training_data/processed/sentence_audio/Sentence_for_entry_0260.wav,khaawhi uutiilheki aatsoothahska
training_data/processed/sentence_audio/Sentence_for_entry_0170.wav,koohuuhsti kalhsta ahi'lvvhstii'i
training_data/processed/sentence_audio/Sentence_for_entry_1378.wav,nuula koohuuhsti kvvnoohsehti aakwatuuli
training_data/processed/sentence_audio/Sentence_for_entry_1399.wav,tootalv kalvvla'ti aaneeho awooha'li
training_data/processed/sentence_audio/Sentence_for_entry_1516.wav,uutaatooliihstohti aatsiithayoohseelee'i
training_data/processed/sentence_audio/Sentence_for_entry_0270.wav,tsiiyvhtseeni aakweehihstaaneehv iyuuhsti hseekaatsvv tsikihska
training_data/processed/sentence_audio/Sentence_for_entry_0831.wav,nihi kalhkwookiinee keehseehsti
training_data/processed/sentence_audio/Sentence_for_entry_0133_01.wav,ateela uukooha kaatoohi aahvv uukiihsvv'i
training_data/processed/sentence_audio/Sentence_for_entry_0989.wav,kaahsanaali tayuuleenvvhv aataweelakiihskv na kalhtsoote tsuukonhvv'i
training_data/processed/sentence_audio/Sentence_for_entry_0375.wav,tsuunateelhkwaahstii taateeyhoohvhsko aniineeli
training_data/processed/sentence_audio/Sentence_for_entry_1785.wav,kiilhi uunhaalvvhi uuweekhaha
training_data/processed/sentence_audio/Sentence_for_entry_1615.wav,uuniinhaahsuka teekatee'a
training_data/processed/sentence_audio/Sentence_for_entry_1537.wav,sunaale utli witsateehsv na uuyoo kalhtvv'i
training_data/processed/sentence_audio/Sentence_for_entry_0132.wav,tsuutootakwvvta hseelu kaatu uuniikiihsti uuniilvvkwhta aniitsalaki
training_data/processed/sentence_audio/Sentence_for_entry_1020.wav,kaayoolhi khaawhi hskitliihstaahsi
training_data/processed/sentence_audio/Sentence_for_entry_1211.wav,iikaata tsiihskwa tsukaanowvv waniiloohsko koola yinuulhsthana
training_data/processed/sentence_audio/Sentence_for_entry_0841.wav,tsuuniilvvwhihstaaneehi nvvya taaniilhvhska kaatoohi aathaleehsvv'i
training_data/processed/sentence_audio/Sentence_for_entry_0044.wav,koohstikwu iitsataanhthehti iitsvvneho
training_data/processed/sentence_audio/Sentence_for_entry_1672.wav,uuliiwhootsvv'ihs na iinata
training_data/processed/sentence_audio/Sentence_for_entry_1174.wav,itsee'iyuuhsti aataaneelv kaneela ookinaalii'i
training_data/processed/sentence_audio/Sentence_for_entry_1701.wav,uunaaloo'itahs anhawo thineehsi
training_data/processed/sentence_audio/Sentence_for_entry_1433.wav,setani titsatloohsv nikeehsvvn yiki khoohi iika eeliikwu iitsuulaaha yihstaa'i
training_data/processed/sentence_audio/Sentence_for_entry_0377.wav,tso'i tsuuteethiyvvta aakiyvvlhvv aniiyohskii'i
training_data/processed/sentence_audio/Sentence_for_entry_0124.wav,hi'a ahskaya aahsee akaahsuuyeeta uwoonihihstii'i
training_data/processed/sentence_audio/Sentence_for_entry_0958_01.wav,na tsiiyu kanooyvvka
training_data/processed/sentence_audio/Sentence_for_entry_0361.wav,tsuunootuuhi aanataakoonathtiihskv uutheela'tvv'i
training_data/processed/sentence_audio/Sentence_for_entry_1208.wav,tsoohstataanhvvlhi uulvvkwhti tsiihstu tsuuyhstii'i
training_data/processed/sentence_audio/Sentence_for_entry_0817.wav,kaatu uukanaahsta uuwaatuunhv uweetsi atshuutsa uuteethiyiihskvv'i
training_data/processed/sentence_audio/Sentence_for_entry_1327.wav,eeliikwuuhs khiloo yaakhinoohihs nikalhsthanvhskv
training_data/processed/sentence_audio/Sentence_for_entry_1365.wav,nhvnhtaki waatsi hsi amaayi winitsateethinvvna
training_data/processed/sentence_audio/Sentence_for_entry_1066.wav,kooleehi uutlvvka kanakhthi
training_data/processed/sentence_audio/Sentence_for_entry_0728.wav,wikanvvnhvv tlvv tsiteekatlohsv
training_data/processed/sentence_audio/Sentence_for_entry_1828.wav,wahka hawiiya akilvvkwhti akikiihstii'i
training_data/processed/sentence_audio/Sentence_for_entry_1007.wav,toohiyuu uulvvkwhti uweelhvvti
training_data/processed/sentence_audio/Sentence_for_entry_0660.wav,tiitaaniihsohti tuuniilvvwhihstaanee aniihskay kanuula aaniikaalhska
training_data/processed/sentence_audio/Sentence_for_entry_1010.wav,koohuuhsti eetsahthvvtvvnhvv hawoohiliiyvvhsvv'i
training_data/processed/sentence_audio/Sentence_for_entry_0827.wav,tikaahathtituuwhthanv keethvhsti taahstluuhskvv'i
training_data/processed/sentence_audio/Sentence_for_entry_0652.wav,tiitaalhiiloohstiihski uuluhtsv aanalaahskaliihskvv'i
training_data/processed/sentence_audio/Sentence_for_entry_0092.wav,uutleetshehti uutuulvvhv aahseehskini lha vvhski yinuutvvneelee'i
training_data/processed/sentence_audio/Sentence_for_entry_1446.wav,tiihskweenhvv kvvhti uunalhilv aniitshuutsa
training_data/processed/sentence_audio/Sentence_for_entry_0922.wav,kaneetsi uwaanhilv hskwaalheehsti
training_data/processed/sentence_audio/Sentence_for_entry_1006.wav,tiitaalhiiloohsthanv kathvhska
training_data/processed/sentence_audio/Sentence_for_entry_0417.wav,kato uuhsti tskiitse uhsv tsikeehsvv'i
training_data/processed/sentence_audio/Sentence_for_entry_0707.wav,tiitse tiikwhanyoohstituuyoohuuhsi
training_data/processed/sentence_audio/Sentence_for_entry_1779.wav,hilaa tsuukvvwalhti hsaakwu iithalatu tsuweetsi
training_data/processed/sentence_audio/Sentence_for_entry_0332.wav,halhsalatvvka lheeka
training_data/processed/sentence_audio/Sentence_for_entry_0504.wav,tsuunootuuhi aniitsiilvvhski taathvhihstiihskoo'i
training_data/processed/sentence_audio/Sentence_for_entry_0259.wav,atsiil koolhvhti kvhti uutsiihslhanv kookhsti
training_data/processed/sentence_audio/Sentence_for_entry_0026.wav,tshaneeliinee tikhanowatvvhsti lheehsti tsataayhooneelvv'i aatiiha
training_data/processed/sentence_audio/Sentence_for_entry_0221_02.wav,haalhv hiiyanvvhe hi'a kiilhi
training_data/processed/sentence_audio/Sentence_for_entry_0290.wav,skikhthiiyeehsti khilakwu tvtsiluhtsi
training_data/processed/sentence_audio/Sentence_for_entry_0695.wav,tiiyhvvkiihsti nituuwaanhti tuulaahsuulhv'i
training_data/processed/sentence_audio/Sentence_for_entry_0630.wav,teekalhti khalii tuuwuutheehse hsohi
training_data/processed/sentence_audio/Sentence_for_entry_1725.wav,uuhstaayvvhvhski uuteethiyiihskv uuhstaayvvnhvv'i
training_data/processed/sentence_audio/Sentence_for_entry_1656.wav,uutiilhehkikwu uukhathvv'i
training_data/processed/sentence_audio/Sentence_for_entry_0185.wav,skwaalheehsti uuwaanhila tsolani uulhkhootvvnhvv'i
training_data/processed/sentence_audio/Sentence_for_entry_0136.wav,akiina uuwaakhaha hsookwili akwatseeli
training_data/processed/sentence_audio/Sentence_for_entry_1023_02.wav,uunaliikoohsvv uunataalhoohsa uuneelhunhv analaahskaliihski
training_data/processed/sentence_audio/Sentence_for_entry_1141.wav,lhawoothu uunvvliiye'v aanhvvwiihskvv khantsiihsteetsi uwaatsvvyhvv'i
training_data/processed/sentence_audio/Sentence_for_entry_1789.wav,uweethi oohsi akaanawoohihstii'i uuha
training_data/processed/sentence_audio/Sentence_for_entry_0366.wav,hi'a akeeyhuutsa atshuutsanho uunaliikhti uunatuuliiha
training_data/processed/sentence_audio/Sentence_for_entry_0665.wav,haatlhvv tiitaathinhiitoohi iitsataalhkvv'i
training_data/processed/sentence_audio/Sentence_for_entry_0694.wav,kvhthanvvtohti uuwhahsvvhska tiinheehskeehski
training_data/processed/sentence_audio/Sentence_for_entry_1164.wav,hikhskoo iilaahsihti iikanvvhiita hsteeyita uuwhthanv wahka akiina aahslhatiihskvv'i
training_data/processed/sentence_audio/Sentence_for_entry_1558.wav,yhahtheena uutlvvtalvvta uutsayooha ulaahsihteeni
training_data/processed/sentence_audio/Sentence_for_entry_0584.wav,lhvvtatsi tiihsiinaahvhstiihski lhvvtatsi tuukhthiilvvhsvv'i
training_data/processed/sentence_audio/Sentence_for_entry_0869.wav,tsuuhska tluhkvv aaniiliitoo tiiniiyoolhi
training_data/processed/sentence_audio/Sentence_for_entry_1845.wav,tlv yeeka na'v itsuunataali tikaneelv wikaakhahvhsko uweetsi ayoolhi
training_data/processed/sentence_audio/Sentence_for_entry_0650.wav,tsuunataahstuuti aakaathinhvvhsv tiitaahihi aatsiniiyvvha
training_data/processed/sentence_audio/Sentence_for_entry_0384.wav,aniineeli tsuunhawo taahstakayhtiiha
training_data/processed/sentence_audio/Sentence_for_entry_1305.wav,anhawo kvhti khanaahsoolvvhstiihskoo khanhstatsi aakaanvv'i
training_data/processed/sentence_audio/Sentence_for_entry_0588.wav,kaako taakwhalaakiihske uhsvv tsikeehsv
training_data/processed/sentence_audio/Sentence_for_entry_1459.wav,skwhaniiyihs witseetaahsti nuulthanee aniiyohskii tshiiya'vv'i
training_data/processed/sentence_audio/Sentence_for_entry_1453_02.wav,siikwu aakwatuuli ama
training_data/processed/sentence_audio/Sentence_for_entry_0624.wav,tawiihskala koolhvhthanvv kaalhita uhskha uuwhahthvvhvv'i
training_data/processed/sentence_audio/Sentence_for_entry_1034.wav,kiikakee uulhsuuwhita wakilvvkwhtvv'i
training_data/processed/sentence_audio/Sentence_for_entry_1756.wav,lha yakilvvkwhta uutskwita kaalhita
training_data/processed/sentence_audio/Sentence_for_entry_0679.wav,tikanhsooti wituulhanhv tikeeliihski
training_data/processed/sentence_audio/Sentence_for_entry_0353.wav,kanuukookv ootsiineekiihsko ama okatithahsti
training_data/processed/sentence_audio/Sentence_for_entry_0521.wav,ama uutseewaahstohthanv aayootaalhahvv'i
training_data/processed/sentence_audio/Sentence_for_entry_1184.wav,iinakee wv'uuloohsv lhvvtatsi uulthiihsa
training_data/processed/sentence_audio/Sentence_for_entry_1011.wav,uuneekuutsvv iyuuhsti uweetsi atshuutsa nikoohiilv kawoonhtiihskoo'i
training_data/processed/sentence_audio/Sentence_for_entry_0391.wav,kaakama uhstiikiihstiuutuuliiha
training_data/processed/sentence_audio/Sentence_for_entry_1434.wav,ikaata tiihseehihstii hseeti ata tikoolhvhthanv keehsoo'i
training_data/processed/sentence_audio/Sentence_for_entry_0020.wav,uuthanooyeehti uutuuli aahseenhoo lha athanooyo yuwaaya
training_data/processed/sentence_audio/Sentence_for_entry_0113_01.wav,lhvv akweenvvhstii katvvnvv'ihstiiha
training_data/processed/sentence_audio/Sentence_for_entry_1819.wav,vvhskhiyhi kha'lvv keehso taaniihstayoohihvv'i
training_data/processed/sentence_audio/Sentence_for_entry_0466_02.wav,uulvvhsa'ti khalii uunvvti uuhsvnhvv'i
training_data/processed/sentence_audio/Sentence_for_entry_1800.wav,uwooyeeni kvhti uuyooliilvv'i
training_data/processed/sentence_audio/Sentence_for_entry_0725.wav,uutootakwata tuulvvwhihstaaneeho tlookeehsi teekaatalukiihskvv'i
training_data/processed/sentence_audio/Sentence_for_entry_0563.wav,yoona tuulhiiloohsthanvv'i
training_data/processed/sentence_audio/Sentence_for_entry_1046.wav,tskwiihsti koohiyuhti uuweeha
training_data/processed/sentence_audio/Sentence_for_entry_0507.wav,lha yakwaanhthe aniitha'li aniiwiinuutsa teetsaakhahvv'i
training_data/processed/sentence_audio/Sentence_for_entry_1406.wav,oonhi uuluhtsvv'i
training_data/processed/sentence_audio/Sentence_for_entry_0047.wav,uuthana iinata aatanhsiini
training_data/processed/sentence_audio/Sentence_for_entry_1388.wav,khuyeekwoni nvhkiinee thoo'i aaneetooho iikaata tsunilvvhstaaneehi
training_data/processed/sentence_audio/Sentence_for_entry_1108.wav,hilaa iiyanii'i kvvna tehinaalha'a
training_data/processed/sentence_audio/Sentence_for_entry_1631.wav,uuthana uuyhoona nuuwaanhti takwaleeluu'i
training_data/processed/sentence_audio/Sentence_for_entry_1682_01.wav,koohuuhsti uulhstaanheele tlvv weetoohv lha yi'uuluhtsee'i
training_data/processed/sentence_audio/Sentence_for_entry_0570.wav,taanhuukoo na'vv koolhv kaathiiyoo'i
training_data/processed/sentence_audio/Sentence_for_entry_0342.wav,koohuuhsti uwaanhila akhthooli uulhstvvnhilv'i
training_data/processed/sentence_audio/Sentence_for_entry_0935.wav,haalhv wikaloohi na kanhthaniitoohi
training_data/processed/sentence_audio/Sentence_for_entry_1044.wav,koohiineekoo uweetsi atshuutsa amaayi yituuniihsohtsa
training_data/processed/sentence_audio/Sentence_for_entry_0061.wav,uuweeyvv akwatawoohstii uukoota aakilvvkwhta hsiinhoo atawoohsti keehsvv'i
training_data/processed/sentence_audio/Sentence_for_entry_0372.wav,tha'li iyuulhiiloota ikoohiita aanitoona'vv'i
training_data/processed/sentence_audio/Sentence_for_entry_1009_01.wav,tshuhka yikvvwala'a kiilhi kawoohskoo'i
training_data/processed/sentence_audio/Sentence_for_entry_1678.wav,katootsuliyeetiiha
training_data/processed/sentence_audio/Sentence_for_entry_0794.wav,koohiikiyvv tsikeehse tiiniilookiihski hsookwili taanhtiihskee taaniitaluukiihskvv tlookeehsi
training_data/processed/sentence_audio/Sentence_for_entry_1810_02.wav,uutoohiyu uuyootsvv ayoolhi uuweekhaha
training_data/processed/sentence_audio/Sentence_for_entry_0668.wav,sonheela hskoohi iyanii'i tiinateelhkwaahski tuuniihskwa'tv khoohi kookeeyi
training_data/processed/sentence_audio/Sentence_for_entry_0568.wav,teekaniiwee'a akhsvvhsti uukvvwalhi
training_data/processed/sentence_audio/Sentence_for_entry_1285.wav,tsaakhine'ihsthanv keeliihskv
training_data/processed/sentence_audio/Sentence_for_entry_0810.wav,tikaathtii wakilha kaatu
training_data/processed/sentence_audio/Sentence_for_entry_1251.wav,kato uuhsti tsuunateelhohkwaahstii teetsateelhohkwa'ee'i
training_data/processed/sentence_audio/Sentence_for_entry_1023_01.wav,wayha yituuthvvkaana kiilhi keelhuhvhskoo'i
training_data/processed/sentence_audio/Sentence_for_entry_1370.wav,yaniiluhkikwu hsunaale nookwuule nuuniiluhtsvvnakwu yiiki
training_data/processed/sentence_audio/Sentence_for_entry_0678.wav,khilookhe koohuuhst tsuunootsalvht uuha
training_data/processed/sentence_audio/Sentence_for_entry_0087.wav,atiithohtii kvhtii aatiithahska uukama
training_data/processed/sentence_audio/Sentence_for_entry_1390.wav,nvvnoohi ayeelhi aa'i khiloo'i
training_data/processed/sentence_audio/Sentence_for_entry_0313.wav,ahani ayeelhi haleehvvka
training_data/processed/sentence_audio/Sentence_for_entry_1253.wav,tsuunhkiiloohsti iika teekhkiiloohskoo'i
training_data/processed/sentence_audio/Sentence_for_entry_1504.wav,tho niitsatvvka tuuwoohseela eelhawee nuunalihsthanvv'i
training_data/processed/sentence_audio/Sentence_for_entry_0642.wav,uulhtsvvtakwata tuuniinhookiihsv tiiniinhookiihski
training_data/processed/sentence_audio/Sentence_for_entry_1314_01.wav,hvhtlata kothvv'i tooyu uutiilhehka
training_data/processed/sentence_audio/Sentence_for_entry_1643.wav,kaatu aanoolhvhtiihsko utsaleehsti
training_data/processed/sentence_audio/Sentence_for_entry_0796_01.wav,svvkhtha uwaanhsvv uukiihsti uuteehsvv'i
training_data/processed/sentence_audio/Sentence_for_entry_0029.wav,uweethi anhawo ahiita keehso uutaatsakalhti
training_data/processed/sentence_audio/Sentence_for_entry_0204.wav,tso'iihaa tikeethvhsti tuunhotlhiinvvhsv'i
training_data/processed/sentence_audio/Sentence_for_entry_0389.wav,kalhtsootee aanheehskeehskvv tsiihsteeliiha
training_data/processed/sentence_audio/Sentence_for_entry_0281.wav,kaako akhthahi nuulhsthaniitoolvv'i
training_data/processed/sentence_audio/Sentence_for_entry_0174.wav,kohuuhstihs alhawiitiihsk tsatuuli
training_data/processed/sentence_audio/Sentence_for_entry_0926.wav,suuteethiyvvta tsikeehsvv khoohi iika hstaaya uuneehsooyhsvv'i
training_data/processed/sentence_audio/Sentence_for_entry_0284.wav,na atshuutsa akeeyhuutsa aakhthaahstaaneeha
training_data/processed/sentence_audio/Sentence_for_entry_0403.wav,tooyi takeehsiihsv aahseenho to uuyhvvtla
training_data/processed/sentence_audio/Sentence_for_entry_0398.wav,tso'i tiihstvvhalhituukvv'i
training_data/processed/sentence_audio/Sentence_for_entry_0009.wav,ayo'uulhi ahskaya aatateekvv tsiikowahthiiha
training_data/processed/sentence_audio/Sentence_for_entry_0197.wav,aniiyvvwiyaa uuniilvvkwhti uunaanheehsti
training_data/processed/sentence_audio/Sentence_for_entry_1789.wav,uweethi oohsi akaanawoohihstii'i uuha
training_data/processed/sentence_audio/Sentence_for_entry_0745.wav,khoohstu taakhiyvvhstooyhstiihskoo'i
training_data/processed/sentence_audio/Sentence_for_entry_1038.wav,hi'a nikvvnha kilihsi kowheelvv'i
training_data/processed/sentence_audio/Sentence_for_entry_1778.wav,katoo aatvvneehvv uweenha'i nuulhsthanee'i
training_data/processed/sentence_audio/Sentence_for_entry_0312.wav,thaluukiihski kaakeeta uulehtohti uuneelhthanvv'i
training_data/processed/sentence_audio/Sentence_for_entry_1536.wav,koohuuhsti uutayvvlatha tuuwaa'ilhvv'i
training_data/processed/sentence_audio/Sentence_for_entry_1458.wav,skhon tiitla tikatooka tiihsuuhvhska
training_data/processed/sentence_audio/Sentence_for_entry_0611.wav,aniitsalaki uunatootakwiteena uhsv taaniilaawiikoo'i
training_data/processed/sentence_audio/Sentence_for_entry_1617.wav,hi'a uutlvvki uunhawaahstiiha
training_data/processed/sentence_audio/Sentence_for_entry_0639_01.wav,thuuyuunhsti'i teekvvthohii'a
training_data/processed/sentence_audio/Sentence_for_entry_1382.wav,iika eehi nvvta uuthana hsiinhv hsvvnooyi eehi nvvta keehsvv'i
training_data/processed/sentence_audio/Sentence_for_entry_0804.wav,katoohvv nititseenvvta tsuwikvvyaniihskv
training_data/processed/sentence_audio/Sentence_for_entry_1521.wav,khooka nikaweehskv yathvvkaana uhsv utaleehiaanatiihskoo aniitsalaki
training_data/processed/sentence_audio/Sentence_for_entry_1491.wav,tootatsalvvwhihstaaneeleehsihs thaliinee iika
training_data/processed/sentence_audio/Sentence_for_entry_1471.wav,suukeeta uwoolhvvnhonha tikaathtii wuutlhanvv'i
training_data/processed/sentence_audio/Sentence_for_entry_1649.wav,ilvhiyuuhs uutsiilvv tsateeta
training_data/processed/sentence_audio/Sentence_for_entry_0237.wav,ikaata aniiyohski aniiyhvvkhi nuunalhsthana
training_data/processed/sentence_audio/Sentence_for_entry_0021.wav,uutiilhehka huutalv'vvka athanooyo
training_data/processed/sentence_audio/Sentence_for_entry_0796_02.wav,hataki anhawo aahsiila'tvv tsika'ta'a
training_data/processed/sentence_audio/Sentence_for_entry_1775.wav,kalookwe uuhsvvteena aakwvvya
training_data/processed/sentence_audio/Sentence_for_entry_1133_01.wav,hilaa ika tsuukvvwalhti
training_data/processed/sentence_audio/Sentence_for_entry_0210.wav,uuhuulvvniihsti uutuliihskvv aahseenho uuhskaalvv'i
training_data/processed/sentence_audio/Sentence_for_entry_0759.wav,tuuyuukhtvv kvvnoohihseeha
training_data/processed/sentence_audio/Sentence_for_entry_0877.wav,kalookwe kanvvkaliiha
training_data/processed/sentence_audio/Sentence_for_entry_1287.wav,kaakoo uunheehsalhanee amalhtii'i
training_data/processed/sentence_audio/Sentence_for_entry_0390.wav,uuhsthihkvv aahsteeyo akeeyhuutsa
training_data/processed/sentence_audio/Sentence_for_entry_1071.wav,siyoo aatiiha hiiyoohseelv hiiko'vv'i
training_data/processed/sentence_audio/Sentence_for_entry_0516.wav,lheehsti tsihiiyeehsthani uhstii'i
training_data/processed/sentence_audio/Sentence_for_entry_1152.wav,katoo toothvhthani na tiiyhahtheena
training_data/processed/sentence_audio/Sentence_for_entry_0689.wav,tiilhanoohehtiihs uunooyhvhkv hahthvvkii
training_data/processed/sentence_audio/Sentence_for_entry_0249.wav,atseehsto kana'vv aanaanheehihv aniitshuutsa
training_data/processed/sentence_audio/Sentence_for_entry_1738.wav,yvvwi uuhskha uuwhahthvvhvv aahskoohskvv'i
training_data/processed/sentence_audio/Sentence_for_entry_0858.wav,skoohi niteekhtv'vv hsvvki tikaakhohti tuuwhahsvv'i
training_data/processed/sentence_audio/Sentence_for_entry_0234_02.wav,tsiihskwa'tv tsiiyeewiihskvv yhe'kalhi tatsiiyvhkwitvvni
training_data/processed/sentence_audio/Sentence_for_entry_0886_02.wav,ahiita uuloohsv aatsikooliiyee
training_data/processed/sentence_audio/Sentence_for_entry_0909.wav,haalhv tsaneehse tsalhstulo
training_data/processed/sentence_audio/Sentence_for_entry_1786.wav,uweela kvvnhihstiha
training_data/processed/sentence_audio/Sentence_for_entry_1736.wav,uuhsiwha thaluukiihski eehskhvhsi
training_data/processed/sentence_audio/Sentence_for_entry_0358.wav,amaayi withalhthatuuka
training_data/processed/sentence_audio/Sentence_for_entry_0898.wav,kalvvlatike whi'looka
training_data/processed/sentence_audio/Sentence_for_entry_1001.wav,kathti uuyoohuuhsi uunhawookii'i
training_data/processed/sentence_audio/Sentence_for_entry_0947.wav,ka'niiyiihski iyuulhstohtii uutuuliha
training_data/processed/sentence_audio/Sentence_for_entry_1193.wav,tso'i iyuulhiiloota iyuutanvvhiita uuwhiitvvhv tha'li iyuulhiiloota khanuukalhi
training_data/processed/sentence_audio/Sentence_for_entry_0771.wav,aniiyvvwiyaa amayeelhi aaneehiiya
training_data/processed/sentence_audio/Sentence_for_entry_1807.wav,amaayi hawiini uuyoohuuhseelv waatsi
training_data/processed/sentence_audio/Sentence_for_entry_1341.wav,khuwaaya tskwiihsti kanateeko kooki yinuulhsthana
training_data/processed/sentence_audio/Sentence_for_entry_0151.wav,hi'a atshuutsa akuuhsa ayvvwiyaa'i
training_data/processed/sentence_audio/Sentence_for_entry_0916.wav,tsateeloohoohseehs vvhskina tsaneekuutiihskv
training_data/processed/sentence_audio/Sentence_for_entry_1731.wav,seekaatsvv uuhsaltaanv kaakeeta nvvya
training_data/processed/sentence_audio/Sentence_for_entry_1226.wav,kaakoo tsuutaathinha iitsataalhkvv'i
training_data/processed/sentence_audio/Sentence_for_entry_1744.wav,hatlvvhskini tuuwhahskoo tsuuhsuulo
training_data/processed/sentence_audio/Sentence_for_entry_1545.wav,na utlvvki tskwiihsta uutiilhehvhskvv'i
training_data/processed/sentence_audio/Sentence_for_entry_1385.wav,nvvtaaki waakweetoolv thoo'i keetoohvv iikoohiita
training_data/processed/sentence_audio/Sentence_for_entry_1243.wav,uweethi tsuulaahski uuha eetsi
training_data/processed/sentence_audio/Sentence_for_entry_0149.wav,itsee kanuulvvhsvv toohiyu uwootuuhi akoowhahthvhti keehsoo'i
training_data/processed/sentence_audio/Sentence_for_entry_0708.wav,tiikwhayooti teetsiikwhayo'vhsko tsuweetsi
training_data/processed/sentence_audio/Sentence_for_entry_1076_01.wav,sookwili uunatuutalvvtii uwuutalvvnv hsookwili uutseelii'a
training_data/processed/sentence_audio/Sentence_for_entry_0345.wav,halhskuuyha teehataniilvvkeehsti
training_data/processed/sentence_audio/Sentence_for_entry_0030.wav,koohuuhsti uuhsti tskooya ataatsvvyhski uuwaatsvvyha uwooyeeni
training_data/processed/sentence_audio/Sentence_for_entry_1414.wav,itsee oohsi ataahstaayhtii uutaahsvnhv aanataakoonathtiihskvv'i
training_data/processed/sentence_audio/Sentence_for_entry_1796_02.wav,uuwoolhahs tihstataanhvvtlhi
training_data/processed/sentence_audio/Sentence_for_entry_1061.wav,kato uuhsti hiiyeehsa'tv hvhtiihskoo yitsootsaneehsa
training_data/processed/sentence_audio/Sentence_for_entry_1124.wav,haalhv wikaloohi hstaalii'i
training_data/processed/sentence_audio/Sentence_for_entry_1746.wav,ama tsuwetaahstii tsuuhsvvtooni tuuneehstala'tv uhsvv tsikeehsvv'i
training_data/processed/sentence_audio/Sentence_for_entry_0551.wav,taataanheehseehskvv uuwhthaniitaahsti uuyhalv tsuutaanhehseehstii atsiithayoohseela
training_data/processed/sentence_audio/Sentence_for_entry_0656.wav,na ahskaya atsalaki tiitaanhvvwiihski
training_data/processed/sentence_audio/Sentence_for_entry_1820.wav,katoo yikalhsta vvhskina yinunatvvneela
training_data/processed/sentence_audio/Sentence_for_entry_1664.wav,weehsi aniita uuniikhvhihsti keehsoo'i
training_data/processed/sentence_audio/Sentence_for_entry_1041.wav,soo'i kookeeyi iyvv tvvhsuulkotsi taateeyhoohvhskvv'i
training_data/processed/sentence_audio/Sentence_for_entry_0965.wav,kanuulv aakaalhska
training_data/processed/sentence_audio/Sentence_for_entry_1167_02.wav,witaniiyeliihskvv'i ikoohiita waakweetoolvv'i
training_data/processed/sentence_audio/Sentence_for_entry_0452.wav,kato uuhsti uulhsuuwhita thihsuuwhihsi kaltsoote
training_data/processed/sentence_audio/Sentence_for_entry_1016.wav,kaayeewhski kvhti kaayeewhska aahsano
training_data/processed/sentence_audio/Sentence_for_entry_1628.wav,na akeeyha uuyheehi uuyhoha
training_data/processed/sentence_audio/Sentence_for_entry_1806.wav,koohuuhsti aakhskalhtsvv aakiyootee'a
training_data/processed/sentence_audio/Sentence_for_entry_0977_01.wav,kanvvlhohsti whinhsanaki
training_data/processed/sentence_audio/Sentence_for_entry_1470.wav,suuteethiyvvta tsikeehsvv tsaakhiwahsv hi'a waatsi
training_data/processed/sentence_audio/Sentence_for_entry_1439.wav,seelu tsuuta tsuukhayhoota taakohvhstiha
training_data/processed/sentence_audio/Sentence_for_entry_0651.wav,tsunataahi'liitaahstii eeka tiithiyoohihi
training_data/processed/sentence_audio/Sentence_for_entry_0616.wav,kaakama taakhiwihsvv ama tetsiihstutli'a
training_data/processed/sentence_audio/Sentence_for_entry_0618.wav,taahskiinaatiihsko koohuuhsti yuunhaalvvhsthana
training_data/processed/sentence_audio/Sentence_for_entry_0735.wav,ayo toohsa akhskala
training_data/processed/sentence_audio/Sentence_for_entry_0211.wav,hihvvna takwaleela ikvvyi tiitla aaha
training_data/processed/sentence_audio/Sentence_for_entry_1578.wav,uutoohiyu uukaanawi nuulhsthanv khoohi iika tookha
training_data/processed/sentence_audio/Sentence_for_entry_0344.wav,skwalhskoolhtaahsi akiwooniihstii'i
training_data/processed/sentence_audio/Sentence_for_entry_0356.wav,amalhtohti hihkhalitsa
training_data/processed/sentence_audio/Sentence_for_entry_0347.wav,tsoolani uulhskwaluuta uuhsti atshuutsa
training_data/processed/sentence_audio/Sentence_for_entry_1429.wav,stiikhita tuuniyaweekvv'i hskwaalheehsti tuunaaneeloonhvv'i
training_data/processed/sentence_audio/Sentence_for_entry_1068.wav,koohstiiyuutlhi kaluuyhsti khtiihskvv ata taahslhuuyhskvv'i
training_data/processed/sentence_audio/Sentence_for_entry_1560.wav,hilaa iyanii tsuuniitlvvki aaniiya'a ahani tsuuniitlvvkii'i
training_data/processed/sentence_audio/Sentence_for_entry_0655.wav,tsaanhthahs uunha kaneelv tiitaanheehseehski
training_data/processed/sentence_audio/Sentence_for_entry_1395.wav,nvvya tiikhvvtaanvv'i aanheekhsthanv aataaneelvv kaneela
training_data/processed/sentence_audio/Sentence_for_entry_1721.wav,tsuuhsakee tiinhawoohstohti tuunhawoohsti
training_data/processed/sentence_audio/Sentence_for_entry_1296_02.wav,alhtsatoohvhski khanoheeta tuulhtsatoonheelv yvvwi
training_data/processed/sentence_audio/Sentence_for_entry_1609.wav,iikaata tuunhaluutv tsuhstii keehsoo'i
training_data/processed/sentence_audio/Sentence_for_entry_0339.wav,halhstuulaanv hinuukootsvv'i uuyhvvtlayheenho tooyi
training_data/processed/sentence_audio/Sentence_for_entry_1326.wav,aatsiihsoonvvnha khilakwu iyvvta uuluhtsv kanakhthi
training_data/processed/sentence_audio/Sentence_for_entry_1027.wav,uhsti kiilhi keeliihsiineeha
training_data/processed/sentence_audio/Sentence_for_entry_0531.wav,ama atliihstohti uulvvhsa'ti uuyoohstohthanvv'i
training_data/processed/sentence_audio/Sentence_for_entry_1624.wav,uunvvkwholthvv uuhskolvvtsv uulookilv uulhkaliiyvvha
training_data/processed/sentence_audio/Sentence_for_entry_0135.wav,thali tsuuhsvvhita ikoohiita uukiilhiyootsvv'i
training_data/processed/sentence_audio/Sentence_for_entry_1265.wav,khalooweekhti tsoohsta tikeethvhsti taatoolhvvhskoo'i
training_data/processed/sentence_audio/Sentence_for_entry_1718.wav,uunvvti uulvvkwti uutiithahstii'i
training_data/processed/sentence_audio/Sentence_for_entry_1760.wav,kaako na uuthvhihsti
training_data/processed/sentence_audio/Sentence_for_entry_1419.wav,tiihsatvvti kvvhti t:ekaniiyiihskoo tsihstu
training_data/processed/sentence_audio/Sentence_for_entry_0115.wav,nikoohiilvv akalhiiyi keehsoo uutaahsteelhtii'i
training_data/processed/sentence_audio/Sentence_for_entry_1827.wav,hi'a ahskaya tskwiihsti wahka tuunaalha'a
training_data/processed/sentence_audio/Sentence_for_entry_1324_02.wav,khila witsiihstuuhvvka tsoolani
training_data/processed/sentence_audio/Sentence_for_entry_0348.wav,halhskweethuhki tsikooliiya
training_data/processed/sentence_audio/Sentence_for_entry_1801.wav,koohuuhsti uuwuuyathi tsiikoowahthiha
training_data/processed/sentence_audio/Sentence_for_entry_1607.wav,takwaleela uuhvv uulhooyi akwatuuliiha
training_data/processed/sentence_audio/Sentence_for_entry_1367.wav,nihi hstalhinoohehtii uutuuliiha
training_data/processed/sentence_audio/Sentence_for_entry_1019.wav,kayhkooki khanooheelhiitoohoo'i
training_data/processed/sentence_audio/Sentence_for_entry_1739.wav,tluhkvv uuhskhooli wuuloolhv hsalooli kiilhi uukheeheena
training_data/processed/sentence_audio/Sentence_for_entry_0755.wav,khilo tuuhstanooyhvhkv kaathvvki'a
training_data/processed/sentence_audio/Sentence_for_entry_1185.wav,invvhi weetooha tsahthvvkootii'i
training_data/processed/sentence_audio/Sentence_for_entry_1590.wav,ata uweethi uukoohska
training_data/processed/sentence_audio/Sentence_for_entry_0254.wav,atsiila koolhvhti hskitiihsi
training_data/processed/sentence_audio/Sentence_for_entry_1520.wav,uutoohiyuu uutaatsathti atshuutsa
training_data/processed/sentence_audio/Sentence_for_entry_0054.wav,tooyuu aniitaaweehi keehsoo iikaata aniitsalaki
training_data/processed/sentence_audio/Sentence_for_entry_0178.wav,hilaa iikoohiita uulhiiliitoolee eetstooyeehskv
training_data/processed/sentence_audio/Sentence_for_entry_0156.wav,ayooneekahs hstaalii'i akvvnhakee'ikhe
training_data/processed/sentence_audio/Sentence_for_entry_0301.wav,hilaa iika hiiyakwiyvv'eele
training_data/processed/sentence_audio/Sentence_for_entry_0976_01.wav,wahka akiina uuhslha'ta tuunvvlhoolhvv'i
training_data/processed/sentence_audio/Sentence_for_entry_0514.wav,hiyeeki aakoohseela uuyeetsvv'i
training_data/processed/sentence_audio/Sentence_for_entry_0912.wav,tso'iiha tikoohstvvniihsti thiinuuka uunalaahskalhtii'i
training_data/processed/sentence_audio/Sentence_for_entry_0179.wav,tiinheehskeehski alhiiloohsti kvhtiihskoo aalhiiloohskvv iyvv uuhskwaalhstii yhahtheena
training_data/processed/sentence_audio/Sentence_for_entry_1364.wav,nikoohiilvv aalaahskaliihsko kooki yiki
training_data/processed/sentence_audio/Sentence_for_entry_0463.wav,hiiyooliikihs khilo ahsvvkwaloohski tsuulvvwhihstaaneehi
training_data/processed/sentence_audio/Sentence_for_entry_1838.wav,wanikee akwhsto uwhtohti ul:vvkwhti
training_data/processed/sentence_audio/Sentence_for_entry_1553.wav,uutleetsv aatsiloonu'eelha
training_data/processed/sentence_audio/Sentence_for_entry_1546.wav,haalhvv uutiihskalha
training_data/processed/sentence_audio/Sentence_for_entry_1345.wav,uutiihskalha eeliihskv aahseenhoo khvvnikeehsv takatookvv'i
training_data/processed/sentence_audio/Sentence_for_entry_1861.wav,na ayooneeka yooneeka kawooniiha
training_data/processed/sentence_audio/Sentence_for_entry_1229.wav,teehihskaahoohs tsuuniikanootsa
training_data/processed/sentence_audio/Sentence_for_entry_1135.wav,hihski naanii'a wahka teetsinaalha'a
training_data/processed/sentence_audio/Sentence_for_entry_1404.wav,na oolha akvvhskwoohstohti eehskhvhsi
training_data/processed/sentence_audio/Sentence_for_entry_0050.wav,suuteethiyvvta iyuutaali itsee takwaleela aatanvvhskoo'i
training_data/processed/sentence_audio/Sentence_for_entry_1000.wav,keethv katha anaakaliihski atsvvhsti
training_data/processed/sentence_audio/Sentence_for_entry_1453_01.wav,svvhi aawkhthvvkaanv hsiikwu tikawooniihsiihsvv khoohi iika
training_data/processed/sentence_audio/Sentence_for_entry_1601.wav,kaatoohi uuhiihsatha
training_data/processed/sentence_audio/Sentence_for_entry_1271.wav,khantsiihsteetsi aaniinohiiliitooha tooyi
training_data/processed/sentence_audio/Sentence_for_entry_1722.wav,nikaata tsuuhsano taathehska
training_data/processed/sentence_audio/Sentence_for_entry_0586.wav,ikaata aakaaliihskv yaneetooha tsuulhsihki tiikhthinvvthti taanakhthinvvthvhskoo'i
training_data/processed/sentence_audio/Sentence_for_entry_1679.wav,teekeekatshvvhstiihskvv uunaliyeehsuuhsthohsti aliyeehsuuhstho uuliyeehsuuhsthkvv'i
training_data/processed/sentence_audio/Sentence_for_entry_1246.wav,tsuuniiliihstanaali tsuuhsuhti uulvvkwhti
training_data/processed/sentence_audio/Sentence_for_entry_1737.wav,tskwiihsti kookhskvv iyuuhsti uuhsiwhahska
training_data/processed/sentence_audio/Sentence_for_entry_1735.wav,uuhskwoolhii aahskooliiye'a
training_data/processed/sentence_audio/Sentence_for_entry_0334.wav,svvhiyeeyi uuthana aalhstaayvvhvhskoo'i
training_data/processed/sentence_audio/Sentence_for_entry_1702.wav,kiikvvha nuulhsthanv uuneeka uunhuwv kiika tuuyhvvhskwola
training_data/processed/sentence_audio/Sentence_for_entry_0903.wav,uutuuliihskv ikoohiita tsuulvvwhihstaanhti tsiinaalhvvhska
training_data/processed/sentence_audio/Sentence_for_entry_1329.wav,kaniilhv ayeehstvvti uuleehsa tikhayohtiihskii'i uwhtsakvvnvv'i
training_data/processed/sentence_audio/Sentence_for_entry_0849.wav,aniitse thuuya anoohsta tikaayheehsti
training_data/processed/sentence_audio/Sentence_for_entry_1829.wav,waahuhii wuuhsteelhti akeeyhuutsa tsiiyooliika
training_data/processed/sentence_audio/Sentence_for_entry_1750.wav,koohuuhsti aakoohseelvvneela uuthalhawoohsvv'i
training_data/processed/sentence_audio/Sentence_for_entry_1431.wav,stu'iihsti kalohsti ahstu'iihstohti
training_data/processed/sentence_audio/Sentence_for_entry_0208.wav,stiikhitakwu akhskani tiitla yuutitsakhanhana yuwhikoowhahtha aahuutsawooltvv'i
training_data/processed/sentence_audio/Sentence_for_entry_0744.wav,nvhki iilaahsihti iitikanvvhiita tuulhkvv'i
training_data/processed/sentence_audio/Sentence_for_entry_1002.wav,kaatheehsati uuyhoha tiitaahstaayvvhvhski
training_data/processed/sentence_audio/Sentence_for_entry_0351.wav,kato uutvvnhti aalhsoohstiiha
training_data/processed/sentence_audio/Sentence_for_entry_0859.wav,taaniihstayoohihvv ataanhehti tsiikwheenvvhska
training_data/processed/sentence_audio/Sentence_for_entry_1424.wav,thaliitsoone kvnhti tsiiyoolv hsalooli
training_data/processed/sentence_audio/Sentence_for_entry_1768.wav,uuwa'ni koolhvhthanvv anhawo uunhuwa
training_data/processed/sentence_audio/Sentence_for_entry_0715.wav,teehikhthahihs tiihsehsti
training_data/processed/sentence_audio/Sentence_for_entry_0793.wav,lha yuutuulvvhee kaataaha takwaleela uuhilvvhsti naahskina iyuuhsti uunvvkalvvhvv'i
training_data/processed/sentence_audio/Sentence_for_entry_0349.wav,tikaatuuhvv yuweena tsuutanvvkalvvta taanhawoohskoo'i oohstanhoo alhskweethuwo aalhskweethuhvhskoo'i
training_data/processed/sentence_audio/Sentence_for_entry_0474.wav,wikvvlitliihski yahthoothana ama aathanooleekoo'i
training_data/processed/sentence_audio/Sentence_for_entry_0217.wav,ayhatlvvtihs tshawahihsti tsatuuli
training_data/processed/sentence_audio/Sentence_for_entry_1231.wav,lha tsuukvvwalhti yinikvvnhiihsiihsko aliiheelihsti keehsvv'i
training_data/processed/sentence_audio/Sentence_for_entry_0795.wav,tsthanvvhs hsookwili uuniinhsaneehsti kaataluukooti
training_data/processed/sentence_audio/Sentence_for_entry_1598.wav,uuhalvvna uunooyhvhkvv kaathvvkii'a
training_data/processed/sentence_audio/Sentence_for_entry_1450.wav,lhahs hsii yika'luhka
training_data/processed/sentence_audio/Sentence_for_entry_1116.wav,tihsehihstii uwaahskalvvnv uunhawo
training_data/processed/sentence_audio/Sentence_for_entry_0920.wav,na kiilhi ama uuneewhthvhti aaneelhtiiha
training_data/processed/sentence_audio/Sentence_for_entry_0723.wav,tlaayhkvv ooklhahooma kaatuuhvv tsiki tlaayhka tuutoohsthanee'i
training_data/processed/sentence_audio/Sentence_for_entry_0164.wav,tsoolani taakhstuunha tsi'awoohsthanvv'i
training_data/processed/sentence_audio/Sentence_for_entry_0374.wav,eelhawee aanii'nvv'i
training_data/processed/sentence_audio/Sentence_for_entry_0979.wav,uulhtsvvtakwata uunvvtsiitoolvv'i
training_data/processed/sentence_audio/Sentence_for_entry_0976_02.wav,thinvvlhooka
training_data/processed/sentence_audio/Sentence_for_entry_1056_01.wav,koowheeli tikoowheelootohti tuunatanvvhsvv'i
training_data/processed/sentence_audio/Sentence_for_entry_0311_02.wav,tseenvvhsti yitsatuuli ale la yiki oohsiikwu
training_data/processed/sentence_audio/Sentence_for_entry_0944.wav,iinata uuliiwhootsvv uuniihsanhvv'i
training_data/processed/sentence_audio/Sentence_for_entry_0747.wav,aakaaliihskv yeeto tsuulhsihki tuukhthinvvthoo'i
training_data/processed/sentence_audio/Sentence_for_entry_0895.wav,kalvvla'tihs kalvvloo kalvvlati
training_data/processed/sentence_audio/Sentence_for_entry_0432.wav,koohstvvniihsti kvhti uuhskwalvvniihstohti kiilhi uuneelhthanvv'i
training_data/processed/sentence_audio/Sentence_for_entry_1766.wav,khanawookvv iyuuhsti uuwaanaawi'a
training_data/processed/sentence_audio/Sentence_for_entry_0806.wav,tuuyaweetsa kaahsaleen kanheehv uutoonhthanvv'i
training_data/processed/sentence_audio/Sentence_for_entry_1483.wav,svvhi hsvvhiyeeyii khskwa'tv khaneehska teetsihstaayhtiihskvv'i
training_data/processed/sentence_audio/Sentence_for_entry_1292.wav,tsiithuukvv iikaa tatsiinilhani tsiiko'vv'i
training_data/processed/sentence_audio/Sentence_for_entry_0963.wav,kanuukookvv ootsiikhuukiihsko ama ookatiithahsti
training_data/processed/sentence_audio/Sentence_for_entry_0354.wav,aama hikiihsvv'i tikaatuuhvv wheetoolvv'i
training_data/processed/sentence_audio/Sentence_for_entry_0247.wav,aatseeliihstvv tuulhvvnv aniitsiilvvhski
training_data/processed/sentence_audio/Sentence_for_entry_1780.wav,tsuweetsi aniitshuutsa taawhahthvvheeka
training_data/processed/sentence_audio/Sentence_for_entry_0687.wav,tso'hskoo tsuuhsvvhita tsuunataahstuuti uuyvvhsti tuuwuukhtaaneelv tikuukhtiihski
training_data/processed/sentence_audio/Sentence_for_entry_1225.wav,tsuutaleenhvvta uuniihskoolhtiita'na
training_data/processed/sentence_audio/Sentence_for_entry_0799.wav,eliikwuuhs yhiitiikwalvvteeyhsta kaakwathvv'i
training_data/processed/sentence_audio/Sentence_for_entry_1651.wav,iinata uutsoonathv uuthvvkaana uuya'nvhsvv'i
training_data/processed/sentence_audio/Sentence_for_entry_0467.wav,eeliihsi ahsvvnooyi keehsvv'i
training_data/processed/sentence_audio/Sentence_for_entry_0910.wav,kaakwathvv tsineetliiyv'a
training_data/processed/sentence_audio/Sentence_for_entry_0948.wav,koola yiki nikoohiilv kanoohaliitoohoo'i
training_data/processed/sentence_audio/Sentence_for_entry_0837.wav,thaluukiihski kalhtsoothtohti tuuwhahska
training_data/processed/sentence_audio/Sentence_for_entry_1380.wav,kato uuhsti nitsvvnhti hinhookeeni
training_data/processed/sentence_audio/Sentence_for_entry_0261.wav,suutali iyuwaanhilv hsunaale teehitsvvhsthanvv'i
training_data/processed/sentence_audio/Sentence_for_entry_0805.wav,tsiiyaatooliikakwu
training_data/processed/sentence_audio/Sentence_for_entry_1437.wav,na tikalookiihski hseelu anhthahskiihski taawhihska
training_data/processed/sentence_audio/Sentence_for_entry_1633.wav,uuyhvvtla ama aakhthateekii'a
training_data/processed/sentence_audio/Sentence_for_entry_1112.wav,yhahtheenoo hvvnoohsahvv'i nitsaanhikiitakwu
training_data/processed/sentence_audio/Sentence_for_entry_0113_02.wav,tskwiihsti alhstayhti aatvvnv'ihstiihsko taaniihstayoohihvv'i
training_data/processed/sentence_audio/Sentence_for_entry_1012.wav,lheehsti kawooniitayhahthvvtaahstiihskeehsti
training_data/processed/sentence_audio/Sentence_for_entry_0534.wav,ayo'uulhi ahskaya atoolnvvhsti uuthayoolhvv'i
training_data/processed/sentence_audio/Sentence_for_entry_1704.wav,uuneekilhti aataaneelv uutiihskalhanvv'i
training_data/processed/sentence_audio/Sentence_for_entry_1192_02.wav,hilaa iyuutaali tshawhahthvvhiitoohoo'i
training_data/processed/sentence_audio/Sentence_for_entry_1629.wav,waatsi tsuuyoohuuhseelv hsvvhi uuyhoha
training_data/processed/sentence_audio/Sentence_for_entry_1689.wav,tooyu uulhsihka khoohi uhsvv'i
training_data/processed/sentence_audio/Sentence_for_entry_1232.wav,tsuulhi'iilvvhsthanvv lha vvhski ikaa yitikanoolvhskee'i
training_data/processed/sentence_audio/Sentence_for_entry_1381.wav,hilaa iyvv theehsi nuuyaaki
training_data/processed/sentence_audio/Sentence_for_entry_0239.wav,kaako uuyhvvhsteeluunhee'i
training_data/processed/sentence_audio/Sentence_for_entry_0034.wav,tskwiihsta uutaananeehsvhvhsti uutuuli aahseenho tskwiihsti taakvvwalhtiita'na
training_data/processed/sentence_audio/Sentence_for_entry_0371.wav,tskwiihsti a'ni aanthvhihstiihsko hstilaweeli
training_data/processed/sentence_audio/Sentence_for_entry_1047.wav,vvhskwu hskoohi naateethiiya kvvwakoohv yiki khilo ahiita koolhkoo'i
training_data/processed/sentence_audio/Sentence_for_entry_0265.wav,akhahskeeni uuwehihstaaneelvv uunvvtsa
training_data/processed/sentence_audio/Sentence_for_entry_0212.wav,elati hihvvka alhstayvhti
training_data/processed/sentence_audio/Sentence_for_entry_1771_01.wav,uwaahsa uuluhtsvv'i
training_data/processed/sentence_audio/Sentence_for_entry_1104.wav,na ahskaya yvvwi ulhvv'i khvvnhvv'i iikoohiita aatsihstuuti tuutuukhtaahsi
training_data/processed/sentence_audio/Sentence_for_entry_0839.wav,nvvya tsuunhstii uuwaatlhunee nvvnoohi
training_data/processed/sentence_audio/Sentence_for_entry_1084.wav,svvkhtha teekanoohskiihskv kuuhiihstiiha
training_data/processed/sentence_audio/Sentence_for_entry_1599.wav,tuuhaneeka'lvv tuukhayoohihseeha
training_data/processed/sentence_audio/Sentence_for_entry_0576.wav,tuulaahsuulhvv tuukhaneeyhvvhv tuulaahsuuleehsa
training_data/processed/sentence_audio/Sentence_for_entry_1182.wav,aniiyohski tsitsiiya'vv iina waakweetoolvv'i
training_data/processed/sentence_audio/Sentence_for_entry_1241.wav,uutoohiyu tsuukhthooyvv'ihsti aakaaliiha
training_data/processed/sentence_audio/Sentence_for_entry_1795_02.wav,tsoohiyuuhseehsti
training_data/processed/sentence_audio/Sentence_for_entry_0844.wav,itse anhawotsi'neha
training_data/processed/sentence_audio/Sentence_for_entry_0992.wav,itsee kaahskiloo alhstaayhti uuyhoha
training_data/processed/sentence_audio/Sentence_for_entry_0537.wav,na atshuutsa itsee koohstvvniihsti uuyvvwhthvvhvv'i
training_data/processed/sentence_audio/Sentence_for_entry_1392.wav,uuyhvvtla ooniiyiihskvv nvvwoothi aakwatuuliiha
training_data/processed/sentence_audio/Sentence_for_entry_0068.wav,ateela akeeyhti keehsvv tiitaleeni ahskanhi
training_data/processed/sentence_audio/Sentence_for_entry_1818.wav,tskwiihsti tsuukvvwalhti keehsv kalhtsoote vvhskina iyuuhsti lha yakhiwahsee'i
training_data/processed/sentence_audio/Sentence_for_entry_1137.wav,katooki hatiihskee lha koohuuhsti
training_data/processed/sentence_audio/Sentence_for_entry_1316.wav,tuukonhonha ata uwhtloohsv koothvv'i
training_data/processed/sentence_audio/Sentence_for_entry_0090.wav,kaahsaleeni aatlaawa'tvv teekalha ateela
training_data/processed/sentence_audio/Sentence_for_entry_1100.wav,kvvnhake takwaleela aakiha
training_data/processed/sentence_audio/Sentence_for_entry_0127.wav,thalhskoohi naateethiiya nitikvvteeyhohvhskoo'i na akayvvlikee'i
training_data/processed/sentence_audio/Sentence_for_entry_0272.wav,tiikhiyuuhskeeni tiikaataahaa nituulhsthanv uutanhsiinvvhsa
training_data/processed/sentence_audio/Sentence_for_entry_0954.wav,uneehsayhvvtla kanolvvhskoo hsvvhiyeeyi
training_data/processed/sentence_audio/Sentence_for_entry_0075.wav,aayanuuli aahiliihsvv iyuuhsti tuunvvta aateeyohvv'i
training_data/processed/sentence_audio/Sentence_for_entry_0722.wav,hilaa itiinhita naanalhstiihsko tlaanuuhsi
training_data/processed/sentence_audio/Sentence_for_entry_0791.wav,nihihs tsoolhvvnhe hi'a kaatakuuku
training_data/processed/sentence_audio/Sentence_for_entry_1669.wav,koohiita uutlvvtsv iyuuhsti uuleehsoota nuulhsthanvv'i
training_data/processed/sentence_audio/Sentence_for_entry_1294.wav,tsithaaka khanooke aahstiiki'a
training_data/processed/sentence_audio/Sentence_for_entry_0863_02.wav,tiinhawo tuuleehsv thaluutsoohi
training_data/processed/sentence_audio/Sentence_for_entry_0386.wav,hi'a taahstanvvnhvv thihstaawatuuka
training_data/processed/sentence_audio/Sentence_for_entry_0856.wav,alee kiilhi nitsiiyaathinhooka aahseenhvv tatsiiyaakhahiiya
training_data/processed/sentence_audio/Sentence_for_entry_1313.wav,atolnvvhsti kvvtiihsko yakweetoola
training_data/processed/sentence_audio/Sentence_for_entry_1554.wav,uutli whiloohi
training_data/processed/sentence_audio/Sentence_for_entry_1410_02.wav,oohsta kawooni
training_data/processed/sentence_audio/Sentence_for_entry_1723.wav,uuhstaakalvv wuuyvvla lha thaliine yuniikoohee'i
training_data/processed/sentence_audio/Sentence_for_entry_1644.wav,uuniitsathi nuunatvvnhv yvvwi aatsi'niiyvvhv uuyhvvhsteeta
training_data/processed/sentence_audio/Sentence_for_entry_1205.wav,tsikiliili yinikawee aataaneelv na'vv khiloo takaluhtsi aanatiihsko aniitsalaki
training_data/processed/sentence_audio/Sentence_for_entry_1623.wav,tsuulhooyiihaa tuunanhuwo aniiyohski
training_data/processed/sentence_audio/Sentence_for_entry_1332.wav,khoohi tsikeehsv tsitsiiko'vv'i
training_data/processed/sentence_audio/Sentence_for_entry_1062.wav,uuyhahstlatiihsti nikeehsvvna uuyeelvvhsv kootsaneehsti kaloone'a
training_data/processed/sentence_audio/Sentence_for_entry_1074.wav,uhsv tsikeehsv uuthana aakwoothanvv'i
training_data/processed/sentence_audio/Sentence_for_entry_0969.wav,kanvvti aahstv'vhska uhstii'i
training_data/processed/sentence_audio/Sentence_for_entry_0713_01.wav,katoohv tiinataanhawi nuunalhsthane'i
training_data/processed/sentence_audio/Sentence_for_entry_0451.wav,haatlvvyv aahsuuhvhska
training_data/processed/sentence_audio/Sentence_for_entry_0517.wav,ayeelhi yv ayeelv tuuleeyvvhsvv'i
training_data/processed/sentence_audio/Sentence_for_entry_0758.wav,katoohv tootsa'yohi hsteeyita
training_data/processed/sentence_audio/Sentence_for_entry_0949.wav,kanoohaliitoohi nituuntiwhsiita tlookeehsi
training_data/processed/sentence_audio/Sentence_for_entry_0392.wav,tikoowheelooti lha ahstiikiihsti yiki
training_data/processed/sentence_audio/Sentence_for_entry_1525.wav,na akayvvlikee uuneeka'lv uutaneekooyuuha
training_data/processed/sentence_audio/Sentence_for_entry_0014.wav,tso'i iyuwaakhti aataatooliihstiihsko hsiika
training_data/processed/sentence_audio/Sentence_for_entry_0712.wav,tsatuuliihskvv'ihs iyuuhsti tiineelhtohti tsakiihse
training_data/processed/sentence_audio/Sentence_for_entry_1697.wav,uunalaahskalhti iiteena
training_data/processed/sentence_audio/Sentence_for_entry_0809_01.wav,kato uuhsti hiikowhahthiiha itsee'iyuuhsti tikoowheelooti
training_data/processed/sentence_audio/Sentence_for_entry_0109.wav,hi'a atatsi ookinaalii'i
training_data/processed/sentence_audio/Sentence_for_entry_0676.wav,tikalookiihski uuwhihsvvnvv uukhayoohsonhvv naakaahskvvna keehsvv iyuuhsti
training_data/processed/sentence_audio/Sentence_for_entry_0511.wav,tskwiihsti nuunatvvnhv yvvwi uuyaatholhvv alhstaayhti
training_data/processed/sentence_audio/Sentence_for_entry_0816.wav,saluuyi uunakhsehsti katuuhsi taaneethvhskoo tsuunakhthohtii'i
training_data/processed/sentence_audio/Sentence_for_entry_1369.wav,nookwuu hsteenvvhsti uutuuliiha
training_data/processed/sentence_audio/Sentence_for_entry_1391.wav,nvwhthoohiiyata iiteeheehsti
training_data/processed/sentence_audio/Sentence_for_entry_0063.wav,itsee tikoowheelooti uuteelv tiiteelhohkwaahski
training_data/processed/sentence_audio/Sentence_for_entry_0098.wav,katawoohskvv ama uutliitsv tsi'leeni
training_data/processed/sentence_audio/Sentence_for_entry_1075_01.wav,hiiyuutalaki hsookwili uuneelaki walhstaayvvnhiita
training_data/processed/sentence_audio/Sentence_for_entry_1790.wav,aakinuulvvnhvv tiikiihsohihstii uweeyvv'i hstaayi kanoohuukiihskvv iyuuhsti
training_data/processed/sentence_audio/Sentence_for_entry_0033.wav,uunalaahskalhtii yuulhiiloolha aataleeniihsko aanalaahskaliihskvv'i
training_data/processed/sentence_audio/Sentence_for_entry_0985.wav,suulhiiloota iyuutanvvhiita uwaahsatooyhv takwaleela khila uunhikiihsvv'i
training_data/processed/sentence_audio/Sentence_for_entry_0842.wav,tiiniiyoolhitvv taaniilhvvhskv vvhskina iyuuhsti tv'ookaanhikiihsvv'i
training_data/processed/sentence_audio/Sentence_for_entry_1498.wav,vvtaluulhti tskwiihsta yitvvkowhahtha thehka
training_data/processed/sentence_audio/Sentence_for_entry_0852.wav,kaatsanuuli takwaleela uuha
training_data/processed/sentence_audio/Sentence_for_entry_0960.wav,utli witsatuuka na kanhsta
training_data/processed/sentence_audio/Sentence_for_entry_0341.wav,kawooniihski katookv na'v uulhstvvlhunv'i
training_data/processed/sentence_audio/Sentence_for_entry_0815.wav,tiikaatuuliita nituulhsthana tiitaalhiiloohsthanv tuuyootsvv'i
training_data/processed/sentence_audio/Sentence_for_entry_1612.wav,khanhstatsi uunhaahsteetla aakaanvv aatiithahska
training_data/processed/sentence_audio/Sentence_for_entry_1254.wav,hilaa iikoohiita whinhkee'i tsuuniitlvvkii'i
training_data/processed/sentence_audio/Sentence_for_entry_1368_02.wav,nikhvv uweetooliitaahstii uulvvkwhti
training_data/processed/sentence_audio/Sentence_for_entry_0475.wav,hila yuuteethiyvvta tseetsi aathanuutsa
training_data/processed/sentence_audio/Sentence_for_entry_0480.wav,uweetsi atshuutsa aathawoo'a
training_data/processed/sentence_audio/Sentence_for_entry_0223.wav,skoohi ateelvv tsuunikvvwalhti hsaakwu iyanataanhthehti taayheehvv'i
training_data/processed/sentence_audio/Sentence_for_entry_0112.wav,atvvneeliihski yuulhstohtii aateelhohkwa'a tiiteelhohkwaahski
training_data/processed/sentence_audio/Sentence_for_entry_1001.wav,kathti uuyoohuuhsi uunhawookii'i
training_data/processed/sentence_audio/Sentence_for_entry_1507.wav,tsoohiyuuhahs aniitskili aaneehv
training_data/processed/sentence_audio/Sentence_for_entry_1427.wav,steeyita koolhvhthanvv ataaneehsoolatehtii uunoolhvvha
training_data/processed/sentence_audio/Sentence_for_entry_0512.wav,kalhkwaahskoo tso'i uuteethiyvvhsatiihsvv ayaathohihi nuulhsthanvv'i
training_data/processed/sentence_audio/Sentence_for_entry_1584.wav,aniiyvvwiya tsuukiitalhi tuunatilhkoo'i
training_data/processed/sentence_audio/Sentence_for_entry_1178.wav,hilaa iikhita alhskweethuwo halhskweethuhvhski
training_data/processed/sentence_audio/Sentence_for_entry_1004.wav,ataayhvhsteehstiihski atiithahsti uuniinvvhsto kaathiiyoo'i
training_data/processed/sentence_audio/Sentence_for_entry_0308.wav,alaahsuulhti tuulvvwhihstaaneehvv uuleenvvhv tiithiyoohihi
training_data/processed/sentence_audio/Sentence_for_entry_0933.wav,hihski iyuulhiiloota uunvvta tsinvvtseeha
training_data/processed/sentence_audio/Sentence_for_entry_0937.wav,kaniitatvv uuniiyhti aaneelhtiiha kiilhi
training_data/processed/sentence_audio/Sentence_for_entry_1517.wav,uutoohiyu aahse uutaakeeyuuhse'i
training_data/processed/sentence_audio/Sentence_for_entry_1762.wav,tuuwaayalhvv uuti tiitla uutiihskalha khiloo'i
training_data/processed/sentence_audio/Sentence_for_entry_0914.wav,suutlhiiloota ikaa unvvti uunekiihsvv'i
training_data/processed/sentence_audio/Sentence_for_entry_0927.wav,tiinheehskeehski nikoohiilvvkanhtohki khtiihskoo taanheehskeehskvv'i
training_data/processed/sentence_audio/Sentence_for_entry_1338.wav,aakinoohaliitoolvv i'akiluhtsa aakwhthoohsa'tvv'i kalookwe
training_data/processed/sentence_audio/Sentence_for_entry_1045_01.wav,tsiiyo'iyhtaaneha nikaweehskvv'i
training_data/processed/sentence_audio/Sentence_for_entry_0930.wav,kaanhkoo kaleeyvvhi khaawhi utiilhehki aatiithahskvv'i
training_data/processed/sentence_audio/Sentence_for_entry_1805.wav,katoo tsitsayeetska
training_data/processed/sentence_audio/Sentence_for_entry_1765.wav,tskwiihsti yuulhstaayvvnha uwaakhuuleekoo'i
training_data/processed/sentence_audio/Sentence_for_entry_0369.wav,neelaatuukwu nuuteethiyvvha uuneeltv ookinaalii'i
training_data/processed/sentence_audio/Sentence_for_entry_0888.wav,hihsk iyuwaanhilv ka'luhkoo'i
training_data/processed/sentence_audio/Sentence_for_entry_0387.wav,kiikakee tikoowheelooti kvhti uuhstanvvnhanvv'i
training_data/processed/sentence_audio/Sentence_for_entry_1589.wav,koohiitiihs iyikhthiiyeehst tseenvvhsti tatsakoonhiiyootsi
training_data/processed/sentence_audio/Sentence_for_entry_1660.wav,kato uuhst aaniikiihskoo uunakhsootsaneeta
training_data/processed/sentence_audio/Sentence_for_entry_0565.wav,hilaa iyakalvvlti eeliikwu yiteehalhthatuuka
training_data/processed/sentence_audio/Sentence_for_entry_1302.wav,khanuukalhi akwateehsti aakwatuuliiha
training_data/processed/sentence_audio/Sentence_for_entry_1831.wav,wayha yituuniiyoohsii aaniinayeekoo'i
training_data/processed/sentence_audio/Sentence_for_entry_0855.wav,kato uuhsti kaatsvvyhska na khantsiihsteetsi
training_data/processed/sentence_audio/Sentence_for_entry_0040.wav,alhstaayhti aataaneelhvv tuunheelv tsuuniiyoohsiihski
training_data/processed/sentence_audio/Sentence_for_entry_0978.wav,tsohskoo tso'i koowheeli kanvvnhv na'vv tsineela
training_data/processed/sentence_audio/Sentence_for_entry_1291.wav,aanhskvvthi tsikha'lvv aatsiiyelhalvv khaniikeeni
training_data/processed/sentence_audio/Sentence_for_entry_1505.wav,thootsuuwha uuhstiikha hsiinhv na tlaayhka keehsvv'i
training_data/processed/sentence_audio/Sentence_for_entry_1478.wav,suuhsvvhita heetoolv thaliinee'i iiheetoolvv'i
training_data/processed/sentence_audio/Sentence_for_entry_0596.wav,tsuuniitlvvki waaya'a taaleehiihsiha
training_data/processed/sentence_audio/Sentence_for_entry_0464.wav,uunoohuukaana iikaata 8taahsvhtlvv tuuyoohsthanvv'i
training_data/processed/sentence_audio/Sentence_for_entry_1680.wav,uukaanhaniiteena iyuuhsti uulookila
training_data/processed/sentence_audio/Sentence_for_entry_0222.wav,haalhv hiyheeka hskwaalheehsti
training_data/processed/sentence_audio/Sentence_for_entry_1148.wav,ootalv eehi lhvvtatsi kelhohi
training_data/processed/sentence_audio/Sentence_for_entry_1072.wav,iinata uuhskalhtsvv kanvvhskeeni uwoothihsvv'i
training_data/processed/sentence_audio/Sentence_for_entry_0471.wav,hihthala'tv na tsiiyu hahsuunhonhvv'i
training_data/processed/sentence_audio/Sentence_for_entry_1039.wav,kiinuuthti khstoolhsta
training_data/processed/sentence_audio/Sentence_for_entry_1618.wav,uunhawo aayoohsta aahsiilatv kanuuyvhihvv'i
training_data/processed/sentence_audio/Sentence_for_entry_1489.wav,tha'li itiilaahsuulo tuuwhahi
training_data/processed/sentence_audio/Sentence_for_entry_0585.wav,yituukhthinvvteehsa lha oohsta yakoowhthiihskoo'i
training_data/processed/sentence_audio/Sentence_for_entry_1462.wav,sohi teekuutheehsko uulikoohvhsti
training_data/processed/sentence_audio/Sentence_for_entry_0367.wav,tsuunhstii aniikeehuutsa tiineelhti ta naaneelhtiihskoo'i
training_data/processed/sentence_audio/Sentence_for_entry_0797.wav,akhskani tiitla hiiteeyhsta
training_data/processed/sentence_audio/Sentence_for_entry_0125.wav,akaayaluuti aanhtiihskoo tsiihstvvna taaniiniiyiihskvv aniitsalaki
training_data/processed/sentence_audio/Sentence_for_entry_0885.wav,neelaki iikvwatvvnhti yeeli'a kaloonuuheehskoo'i
training_data/processed/sentence_audio/Sentence_for_entry_0749.wav,tuuliihsti kha'lv aniitsalaki talikwa uuniihskwalv'eehoo uunateethiyiihskvvi
training_data/processed/sentence_audio/Sentence_for_entry_0394.wav,kato kalhsta ahstoohskii'i
training_data/processed/sentence_audio/Sentence_for_entry_0558.wav,tsuunilaawihstii teekeekatsvvhsthanv hso'i tsikha'lvv'i
training_data/processed/sentence_audio/Sentence_for_entry_0550.wav,taataanhaawhstvv nvvnoohi tuunatloohsvv'i
training_data/processed/sentence_audio/Sentence_for_entry_1082.wav,kuhkwe tsuuniiyhohi yvvtaaha uunvvhsa taanataayoohstohtiihskoo'i
training_data/processed/sentence_audio/Sentence_for_entry_1235.wav,tsuuyhvvtlvv tiitla tsuukhthi kanoolvvhskvv'i
training_data/processed/sentence_audio/Sentence_for_entry_0143_01.wav,ookinaalii'i nitayuunvvnvv koowheeli tsikooliiye'a
training_data/processed/sentence_audio/Sentence_for_entry_0078.wav,tikoowheeli kaahskilv tuulha'v tuutiikaleeyv tikoowheelooti uuyhala
training_data/processed/sentence_audio/Sentence_for_entry_0857.wav,saakwuu weehsa tsiiyaakhaaneeha
training_data/processed/sentence_audio/Sentence_for_entry_1384.wav,haatlvv nvvta tiihsehsti
training_data/processed/sentence_audio/Sentence_for_entry_1282.wav,keethiiloohsti kvhti uunheekwatvvhv uunhilhkvv'i
training_data/processed/sentence_audio/Sentence_for_entry_1194.wav,tso'i iyuunatootakwaahsti ikoohiita tiitoolanvvhsti tuuwhthanvv'i
training_data/processed/sentence_audio/Sentence_for_entry_1640.wav,khilo uyhvhsteehski uunhawootsv koola tsikeehsvv'i
training_data/processed/sentence_audio/Sentence_for_entry_0258.wav,atsina nikoohiilvv itsee keehsoo'i
training_data/processed/sentence_audio/Sentence_for_entry_0166.wav,kato uhsti hihiitooha
training_data/processed/sentence_audio/Sentence_for_entry_1009_02.wav,skoohi iyanii'i yvvwi tuuwoo'vv'i
training_data/processed/sentence_audio/Sentence_for_entry_0502.wav,hiiyaathvvtvvhvvka nitiitvvneeliihsvv'i
training_data/processed/sentence_audio/Sentence_for_entry_0649.wav,haatlvv tsuutaleenvvhe tiitshvvhsti
training_data/processed/sentence_audio/Sentence_for_entry_0364.wav,uuliiwhootsvv anaakaliihski uunuulvvnhvv uunhikiihstohtii takwaleela
training_data/processed/sentence_audio/Sentence_for_entry_1799.wav,uwoothita aakhtskwalvvthvv'i
training_data/processed/sentence_audio/Sentence_for_entry_1732_01.wav,iikaata uuniihskanooli keehso uunatvvnv'ihstohtii'i
training_data/processed/sentence_audio/Sentence_for_entry_0202_02.wav,itsee anaakaliihski uulhana ahiita uunhikiihsv takwaleela
training_data/processed/sentence_audio/Sentence_for_entry_1022.wav,kiilhi uuyoohsiiha hiiyeelooka
training_data/processed/sentence_audio/Sentence_for_entry_0732.wav,tootakwonhvv hsvvnatootakwaahsti tvvkaluhtsi
training_data/processed/sentence_audio/Sentence_for_entry_1752.wav,uuthani hi'a anhawo
training_data/processed/sentence_audio/Sentence_for_entry_0829.wav,khalhseetsi kaalhtohti eehskhvhsi
training_data/processed/sentence_audio/Sentence_for_entry_1209.wav,tsiihstvvna tiikiiyhaluuka
training_data/processed/sentence_audio/Sentence_for_entry_0767.wav,eekwa kalhtsoote aanaanheehskeha
training_data/processed/sentence_audio/Sentence_for_entry_0363.wav,tskwiihsti aanaakaliiha tooyi tiineelhtii'i
training_data/processed/sentence_audio/Sentence_for_entry_0036.wav,kilhi taahsuwhihskvv uuthvvkaana uutanaawhsthanvv'i
training_data/processed/sentence_audio/Sentence_for_entry_0962.wav,uutiilhehvhsa kalhtsoote tiitla aakinuukootsvv'i
training_data/processed/sentence_audio/Sentence_for_entry_1782.wav,na uutaatsi uweetsinhv akeeyha uuniitlhooyi tikeekakaanhtii'i
training_data/processed/sentence_audio/Sentence_for_entry_1473.wav,tha'li iyuulhiiloota uuhi'liitoolv hsuulhiiloota khanuukalha kateehskvv'i
training_data/processed/sentence_audio/Sentence_for_entry_0100.wav,kato uuhsti aatliihstiiha uulvvhsa'tiihs kuukukhe
training_data/processed/sentence_audio/Sentence_for_entry_1103.wav,kvvnhootahs na iinata tsika'na
training_data/processed/sentence_audio/Sentence_for_entry_0972.wav,yvvki kaahathvv kanvkwaloo'a
training_data/processed/sentence_audio/Sentence_for_entry_0192.wav,kaataahaa nuulhsthana uunhuwvv uunhawaa'iiyvvhsvv'i
training_data/processed/sentence_audio/Sentence_for_entry_1700.wav,uunaliikhti tsuunaliikoohsv tsitsiiko'v khoohi
training_data/processed/sentence_audio/Sentence_for_entry_1063.wav,thalhskoohi tikookhsti teekalo hsaakwuu niteekaakwheenhvvhsvv'i
training_data/processed/sentence_audio/Sentence_for_entry_0232.wav,ayhvvtlatiihstiihski uuwhahihsti uutuli kooki iyvv'i
training_data/processed/sentence_audio/Sentence_for_entry_0287.wav,lha koohuuhsti yakwatuli tsikaatheenooliitoohakwu
training_data/processed/sentence_audio/Sentence_for_entry_1343.wav,katoo tsatvvnhtii teetsuukhta kayeekwooni nvhkiinee'i
training_data/processed/sentence_audio/Sentence_for_entry_1262.wav,khaka'li kha'lvv ookana uunvvkoo'ihstii keehsoo'i
training_data/processed/sentence_audio/Sentence_for_entry_0620.wav,lheehsti vvhski iihstaayi titsalvvwhihstaaneheehsti toothaahstayeehsiihs
training_data/processed/sentence_audio/Sentence_for_entry_0012.wav,ataatloohsti aakineehsvv taaniihstayoohihvv'i
training_data/processed/sentence_audio/Sentence_for_entry_0277.wav,kanvvhiita aakhsoohskvv aakhsoohskoo ama yuuneekiihseena
training_data/processed/sentence_audio/Sentence_for_entry_0395.wav,na tiitaahstooyeehski uweetsi atshuutsa aahstooyeehskoo'i
training_data/processed/sentence_audio/Sentence_for_entry_0025_01.wav,uunoohskiihsvv aaku'iihsthana uutayhilvv'i
training_data/processed/sentence_audio/Sentence_for_entry_0581.wav,tiinaakaliihski tsuyaanv tuukhsvvhsthanv tuutheeyvvhsa
training_data/processed/sentence_audio/Sentence_for_entry_1227.wav,tsuukaanawv tiitla taanukhtiihskoo hsaahsa koola yinuulhsthana
training_data/processed/sentence_audio/Sentence_for_entry_0578.wav,koohiita uulhsihkvv yvvya'a yitvvkheewaaka
training_data/processed/sentence_audio/Sentence_for_entry_1652.wav,uunatsoonathi aaniineela aakee tsitsuuhstaakala
training_data/processed/sentence_audio/Sentence_for_entry_0693.wav,tikaanheehihi keehsv thalatuuhsiinee titsiniitoohi tsikeehsvv'i
training_data/processed/sentence_audio/Sentence_for_entry_1602.wav,lha yuulvvkwhti uuhiihsohtaanehti
training_data/processed/sentence_audio/Sentence_for_entry_0238.wav,tiiniitaanhawi uuyhvvkhiitv ayohski
training_data/processed/sentence_audio/Sentence_for_entry_0110.wav,katoo hatvvneeheehsti tootakwiiteena
training_data/processed/sentence_audio/Sentence_for_entry_0731.wav,hilaa ihsinaale hatiitiihskoo tootakwiiteen hsunaalee'i
training_data/processed/sentence_audio/Sentence_for_entry_1786.wav,uweela kvvnhihstiha
training_data/processed/sentence_audio/Sentence_for_entry_0201.wav,na tiinheehskeehski uuthana tsithaaki uuniiyvvhstii uunheehskeehvv'i
training_data/processed/sentence_audio/Sentence_for_entry_0984.wav,kanvvwoo uuweehihstaane aahstaayv uutiinvvhsv hskwaalheehsti
training_data/processed/sentence_audio/Sentence_for_entry_0880.wav,akiloohihsehtii uuneelhthanv aahseenhoo katsanuuli kaa'ihsvv'i
training_data/processed/sentence_audio/Sentence_for_entry_0840.wav,steeyita kvhti tsiiya'lvvlvv ayhvvkhi
training_data/processed/sentence_audio/Sentence_for_entry_1585.wav,uukitsvvta iyvv khila waaki'luhtsv'i
training_data/processed/sentence_audio/Sentence_for_entry_1465_02.wav,siikwu hso'i tsihskhvhsi
training_data/processed/sentence_audio/Sentence_for_entry_1142.wav,lhawoothuuha takwaleela kanvvkaliiha
training_data/processed/sentence_audio/Sentence_for_entry_0703.wav,tikhtlvhti teehskhvhsi hayeelhsti tootakvhtlvhi
training_data/processed/sentence_audio/Sentence_for_entry_0772.wav,eelhawee keehsv yvvwi kawooniihski kawooniihskv iikoohiita
training_data/processed/sentence_audio/Sentence_for_entry_1059.wav,sihkwa hawiiya tskwiihsti ko'i aatolhvntihsko'i
training_data/processed/sentence_audio/Sentence_for_entry_1638.wav,hilaa iikaa tuutiithahee khila uuyhvhstaa'ee'i
training_data/processed/sentence_audio/Sentence_for_entry_0549.wav,tuutoo'vv uwoowheelooti aahstanvvnhv tuutaanhaawhsthanv nakhthahvvna keehsv iyuuhst kiliihsi uwoowheelootiiyi
training_data/processed/sentence_audio/Sentence_for_entry_0641.wav,kaatsanuuli uwaateeyhsthana aateeyohv tuulhihkwatiinvvhsv takwaleela
training_data/processed/sentence_audio/Sentence_for_entry_1776.wav,yituuhsihthvvniila uwooyeeni uuweehihstaaneehoo'i
training_data/processed/sentence_audio/Sentence_for_entry_0013.wav,ataatooliihsti uuthayoolhv alhtsatoohvhski
training_data/processed/sentence_audio/Sentence_for_entry_1561.wav,na ahskaya uutlvvkwhti uutselvvhsoo'i
training_data/processed/sentence_audio/Sentence_for_entry_0459.wav,hahsuuyaki iyuuhsti tsatuuliihskvv'i
training_data/processed/sentence_audio/Sentence_for_entry_1278.wav,tekhanaahsteetliiha tuwaa'ilhvv'i
training_data/processed/sentence_audio/Sentence_for_entry_1769.wav,tuuwaanikalhv uniilvvkwhti uunkhilvvti waahuhi
training_data/processed/sentence_audio/Sentence_for_entry_0894.wav,hiilvvnhilee'ihs tsihstalhilvv
training_data/processed/sentence_audio/Sentence_for_entry_1777.wav,uulhtsvvtawata uuneelhunhv wayha uhsvv tsikeehsvv'i
training_data/processed/sentence_audio/Sentence_for_entry_0587.wav,suulhiiloota iikaa hseelu tuukhtlhvvhv hsookwili tsuukiihsti
training_data/processed/sentence_audio/Sentence_for_entry_1551.wav,tsatlaahsiithv'eehahs eeliikwu yikvvkwatvvnhti keehsvv'i
training_data/processed/sentence_audio/Sentence_for_entry_0242.wav,hilaa yanii'i atsati teehiniiyvvhe
training_data/processed/sentence_audio/Sentence_for_entry_1035.wav,kiitlha nuuhsta tsanhuwvv'i
training_data/processed/sentence_audio/Sentence_for_entry_1547.wav,nvvwoothi uukiihsa kaatsanuula uutiiwhsvv'i
training_data/processed/sentence_audio/Sentence_for_entry_0081.wav,kato uuhsti aatiiha
training_data/processed/sentence_audio/Sentence_for_entry_0879.wav,kalohihstii wuukhthvvleehsvv'i
training_data/processed/sentence_audio/Sentence_for_entry_0172.wav,kaahskilvv hilhahvvka na kuuku
training_data/processed/sentence_audio/Sentence_for_entry_0182.wav,koohuuhsti yahskaahstaane awhi aalhiyvvhsanaawhstiihskoo'i
training_data/processed/sentence_audio/Sentence_for_entry_0569.wav,tsuutanvvkalvvta thanhawootsa
training_data/processed/sentence_audio/Sentence_for_entry_0805.wav,tsiiyaatooliikakwu
training_data/processed/sentence_audio/Sentence_for_entry_1559.wav,svvhi tsikeehsvv aakhtlvvkvv aahseenhoo oohsiikwu iiki khoohi iika
training_data/processed/sentence_audio/Sentence_for_entry_0246.wav,takwaleelu hatsa'vvka
training_data/processed/sentence_audio/Sentence_for_entry_1413.wav,haatlvv tatsiikhanhi hi'a oohsi
training_data/processed/sentence_audio/Sentence_for_entry_0430.wav,tikoowheelooti yikhtlvvha ahskwalookoo'i
training_data/processed/sentence_audio/Sentence_for_entry_0373.wav,sa'tu iyuwaanhilv uhsv kaayuula aaniilhi'nvv'i
training_data/processed/sentence_audio/Sentence_for_entry_1346.wav,hi'a tikalookiihski kwhana taathvhihstiihsko teekanateekoo'inho
training_data/processed/sentence_audio/Sentence_for_entry_0294.wav,akhthiihsi akhthooli nikohiilvv uuteeyhahthohtiihskoo'i
training_data/processed/sentence_audio/Sentence_for_entry_0058.wav,hataweehsoolvvhsta toothaahsthayeehseeka
training_data/processed/sentence_audio/Sentence_for_entry_1355.wav,naahiyuu'ihs khila theehsi
training_data/processed/sentence_audio/Sentence_for_entry_0049.wav,skoohi tsuuteethiyvvta uuneelatvv talikwa khila uutuulvvhv uuta'nvvhstiiyi
training_data/processed/sentence_audio/Sentence_for_entry_0757.wav,tuuyaweeko'ihs yi'uuluhtsa tsuulvvwhihstaaneeliitoolv
training_data/processed/sentence_audio/Sentence_for_entry_0300.wav,suutalhskoo ateelvv kakwiiyiiha takwaleela hsiinvvta
training_data/processed/sentence_audio/Sentence_for_entry_0168.wav,uutoota uutseeli takwaleela aahi'leeha
training_data/processed/sentence_audio/Sentence_for_entry_0443.wav,sookwili keeyhahthahi uuhslhatvv'i
training_data/processed/sentence_audio/Sentence_for_entry_1172.wav,aniitsee thuuya tiinateehsuuka
training_data/processed/sentence_audio/Sentence_for_entry_0101.wav,hihski ko'i tiitliihstohti taakwatuuliiha
training_data/processed/sentence_audio/Sentence_for_entry_0433.wav,nvvtaaki tskwiihsti aniihskwaani aaneeha
training_data/processed/sentence_audio/Sentence_for_entry_0093.wav,lheehsti atle'ihsti yitsayhoheehsti
training_data/processed/sentence_audio/Sentence_for_entry_0987.wav,kaahsakwalvv kaahskiloo alhstaayhtii uuniihskila tsuuneenvvhsvv'i
training_data/processed/sentence_audio/Sentence_for_entry_1276.wav,khananeehski aahsiilateewhska
training_data/processed/sentence_audio/Sentence_for_entry_1742.wav,na weehsa tuuhsuhkalhvv tikoohstaayi
training_data/processed/sentence_audio/Sentence_for_entry_0236.wav,ahskhooli kalvvlatiilha uuyhvhtheehsti uuneelhthanvv'i
training_data/processed/sentence_audio/Sentence_for_entry_0071.wav,uuteelohoohsv aatsiloonu'eehskvv'i
training_data/processed/sentence_audio/Sentence_for_entry_0622.wav,uunatootakwonhvv uhsvv uwooniihihsti tuuhsvvhsthanvv'i kvvwahthayoohseela uwooniihihstii'i
training_data/processed/sentence_audio/Sentence_for_entry_0038.wav,tuuyaweetsa ayhvvkhi aakhthiiyvv uunaalii'i uutaneetliiyvvhsthanvv'i
training_data/processed/sentence_audio/Sentence_for_entry_0541.wav,hi'a atshuutsa ahkhalii ayvvwiyaa'i
training_data/processed/sentence_audio/Sentence_for_entry_1051.wav,kaayoolhikwu yuulhstaayvvnha koolhvhskoo'i
training_data/processed/sentence_audio/Sentence_for_entry_0632.wav,nvvnoohi teekanatiiwhskv awhi tsiiko'v uhsvv tsikeehsvv'i
training_data/processed/sentence_audio/Sentence_for_entry_0315.wav,haleewhihstohta takwaleela
training_data/processed/sentence_audio/Sentence_for_entry_1015.wav,kaayeehsa'tv uwaatsvvyhv khantsiihsteetsi
training_data/processed/sentence_audio/Sentence_for_entry_1527.wav,uutaanhtoo uuleewhihstaaneelvv'i
training_data/processed/sentence_audio/Sentence_for_entry_0326.wav,tiiliyeehsuulo taakiyohuuhsi
training_data/processed/sentence_audio/Sentence_for_entry_0847.wav,uwootuutsvv kaahiyuuloo uuwoolhvvnhvv'i
training_data/processed/sentence_audio/Sentence_for_entry_1248.wav,tsuulhsinhvvtahs teetsalvvwhihstaaneeho'i
training_data/processed/sentence_audio/Sentence_for_entry_1242.wav,tsuulaahski uuhskalhtsvv hi'a ahskaya
training_data/processed/sentence_audio/Sentence_for_entry_1319.wav,tskwiihsta yvwi nuunatvvnhvv uuwheelatiitaahsti uulvvkwhti
training_data/processed/sentence_audio/Sentence_for_entry_0336.wav,kalhtsootee taanaanheehskeehskv aalhsteeliihskoo'i
training_data/processed/sentence_audio/Sentence_for_entry_1443.wav,tlvv hskoohitskw naanii'v yvvwi
training_data/processed/sentence_audio/Sentence_for_entry_0975.wav,ootalvv aniileeki tikanvvhiita hsteeyita taaniinheehoo'i
training_data/processed/sentence_audio/Sentence_for_entry_1256.wav,skoohi tsuuhsvvhita thoo'i uuweetoolv tuulvvwhihstaaneehvv'i
training_data/processed/sentence_audio/Sentence_for_entry_1472.wav,tha'liiha tiihsuhti taakwatuuliiha
training_data/processed/sentence_audio/Sentence_for_entry_1279.wav,khanaahsteelhti hiinoolhv hi'luhtsvvhi
training_data/processed/sentence_audio/Sentence_for_entry_0408.wav,na uuthana kiilhi tsiihskaaha
training_data/processed/sentence_audio/Sentence_for_entry_0145.wav,itsee kalhtsati kvhti aakooniha
training_data/processed/sentence_audio/Sentence_for_entry_0018.wav,itsee ataalhaneehsalhti uunvvneelv uuhstaayvvhvhski
training_data/processed/sentence_audio/Sentence_for_entry_0738.wav,tooyu uuyhvvtla tooyi tookha
training_data/processed/sentence_audio/Sentence_for_entry_1714.wav,tiilhstoyhti kvhti taaniihstooye uuniinooteena
training_data/processed/sentence_audio/Sentence_for_entry_0675.wav,tikaleenvvhiita kiilhi tikaleenvvhiita aahsiila'tv uuwuutalvvtsheelvv ka'leni kanvvhiihsvv iyuuhsti
training_data/processed/sentence_audio/Sentence_for_entry_0439.wav,hahsiinuuka katvvnv haahsiineehsvv'i
training_data/processed/sentence_audio/Sentence_for_entry_1696.wav,takwaleela kanhsaneehskv tuulikaalhsvv uunataateehsvvta
training_data/processed/sentence_audio/Sentence_for_entry_0329.wav,tso'itskwa ateelvv tsuukvvwalhti alyeehsuuhstho uuliiyeehsuuhska
training_data/processed/sentence_audio/Sentence_for_entry_0594.wav,akhthiihsi tiitla tsalaahsuulhvv haaahsuulaki
training_data/processed/sentence_audio/Sentence_for_entry_1400.wav,ooklhahooma tsiki kiikake ahskaya aatiiha aniitsahta uuniiwooniihihsti
training_data/processed/sentence_audio/Sentence_for_entry_1161.wav,uhsvv nikeehsvvna yiki iika keehsoo'i
training_data/processed/sentence_audio/Sentence_for_entry_1417.wav,oohsiyo thoohiitsu
training_data/processed/sentence_audio/Sentence_for_entry_0803.wav,tiiniiyoolhi uuniilvvkwhti kaatoohi tsuunaaneelhtii'i
training_data/processed/sentence_audio/Sentence_for_entry_1542.wav,khohi iika uuteethiyiiha tsoohstaatanhvvtlhi
training_data/processed/sentence_audio/Sentence_for_entry_0822.wav,nikoohiilvv kaakeeta aahsalataanvvhvhskvv nvtikalhstohti tsinuulhiniikvvka
training_data/processed/sentence_audio/Sentence_for_entry_0673.wav,halaa tsuukvvwalhti hsuulhiiloota tikatvvti
training_data/processed/sentence_audio/Sentence_for_entry_1610.wav,neelaki kiilhi uunhaalvvkaahsii
training_data/processed/sentence_audio/Sentence_for_entry_0380.wav,khvvlhi uuhsatvvnv aahseenho lha yuniiyvvhee'i
training_data/processed/sentence_audio/Sentence_for_entry_1356.wav,hihski nanii'a tsuuniilvvwhihstaaneehi
training_data/processed/sentence_audio/Sentence_for_entry_1823.wav,haalhv waakitiihstii tsatuuli hi'a khaneehsa'i
training_data/processed/sentence_audio/Sentence_for_entry_0046.wav,tooya na'v yikaluhtsheela aatanooyhvvlhihstiihskoo'i
training_data/processed/sentence_audio/Sentence_for_entry_0409.wav,ahskaya uuhskalhsti uuneelhthanv kiilhi
training_data/processed/sentence_audio/Sentence_for_entry_0886_01.wav,koohuuhsti nuutvvnhvvna uuloohsv ootsitoona'vv na'vv'i
training_data/processed/sentence_audio/Sentence_for_entry_0724.wav,tlaayhkvv tsuuntaahstuuti waya'a
training_data/processed/sentence_audio/Sentence_for_entry_1188.wav,tsalvvkwhtihs iiya koolhvhthanvv keliihski
training_data/processed/sentence_audio/Sentence_for_entry_0240.wav,anhawo kaayhatlvv uuyhvhskiiyiiha
training_data/processed/sentence_audio/Sentence_for_entry_1571.wav,amaayi aakwatuuha
training_data/processed/sentence_audio/Sentence_for_entry_0320.wav,tiinhtlatiihski tilhsteelhtohti tiilkvvtuulo taanhtiihskoo'i
training_data/processed/sentence_audio/Sentence_for_entry_1331.wav,khooka hseelu tiiniinoohskiihski
training_data/processed/sentence_audio/Sentence_for_entry_0376.wav,aniihskwaanii'i takeehsi kooki iyvv'i
training_data/processed/sentence_audio/Sentence_for_entry_1466.wav,so'iiya whiihskilata hi'a kaahskilo
training_data/processed/sentence_audio/Sentence_for_entry_1564.wav,uutootakwata kanoohaliitoohoo yuunoohaleena
training_data/processed/sentence_audio/Sentence_for_entry_1530.wav,uutaanhthiihsanhvv khvvlhi uunaalha'a
training_data/processed/sentence_audio/Sentence_for_entry_0343.wav,ikaata aniitsalak aniikeeyhuuts uuniilvvkwhti uunalhskiihstii'i
training_data/processed/sentence_audio/Sentence_for_entry_0999.wav,tlookeehsi tsuwuutheeta nvvya kaahsvvthvhska
training_data/processed/sentence_audio/Sentence_for_entry_0538.wav,haatlvv teehiiyvvwhiitiata
training_data/processed/sentence_audio/Sentence_for_entry_1858.wav,yinikalhstiihakwu ilvhtlv uweenvvhstii yuutuuli eko yinikalhstiihakwu iyvv'i
training_data/processed/sentence_audio/Sentence_for_entry_1018.wav,khiloo kayhkooki yiki tsuulootski kaanhta'ta aanatiihskoo'i
training_data/processed/sentence_audio/Sentence_for_entry_1238.wav,teekaliikahs nika tsuukhsvvhsti tsiki
training_data/processed/sentence_audio/Sentence_for_entry_0669.wav,ilvvhski tsuuteethiiyvvta tiiteeyhoohvhski nikeehsoo'i
training_data/processed/sentence_audio/Sentence_for_entry_0583.wav,tuukhthaahsthanv uuhskoohsti aatsvvyhstv tuukhthooyvvhsa
training_data/processed/sentence_audio/Sentence_for_entry_1032.wav,kiika uutanvvliiye'a tsanhuwvv'i
training_data/processed/sentence_audio/Sentence_for_entry_1461.wav,sookwili tikaleenvvhiita kvvhti kaataluuki'a
training_data/processed/sentence_audio/Sentence_for_entry_1064.wav,tha'li nitekalatihstv tikokhsti tekokhsko'i hsika
training_data/processed/sentence_audio/Sentence_for_entry_0902.wav,tskwiihsti kanaalha'i uuyhtiita'na uutseeliikoohi
training_data/processed/sentence_audio/Sentence_for_entry_0769.wav,hihski tsuuteethiyvvta eehv talikwa
training_data/processed/sentence_audio/Sentence_for_entry_0508.wav,ootalvv kalvvla'ti taanaanheehstaalhahvhsko awooha'li
training_data/processed/sentence_audio/Sentence_for_entry_1626.wav,tsuuwhakeeta tiinhawoo tuunhvvhsvv tsuuyhvvtlv uuweena
training_data/processed/sentence_audio/Sentence_for_entry_0413.wav,hiyooliikahs na ahskaya
training_data/processed/sentence_audio/Sentence_for_entry_0277.wav,kanvvhiita aakhsoohskvv aakhsoohskoo ama yuuneekiihseena
training_data/processed/sentence_audio/Sentence_for_entry_0072.wav,hi'a alhskweethuwo hskoo ateelvv tsuukvvwalhti
training_data/processed/sentence_audio/Sentence_for_entry_1486.wav,svvkhtha tuuwhahsv tikaatuuhvv'i
training_data/processed/sentence_audio/Sentence_for_entry_0509.wav,kato uuhsti khanvvhsulv aaya'a
training_data/processed/sentence_audio/Sentence_for_entry_1425.wav,tsuukaanawvv naanatvvnhtiihsko hsaahsa koola yinuulhsthana
training_data/processed/sentence_audio/Sentence_for_entry_0193.wav,uukaanawoohsa uunhaweehsv kaahsaleena
training_data/processed/sentence_audio/Sentence_for_entry_1289.wav,uunheehstaalhahvv takaloohi tsiihskwa a'ta
training_data/processed/sentence_audio/Sentence_for_entry_1455.wav,itsee takwaleela taatseelha hsiinhv uweethi keehsvv'i
training_data/processed/sentence_audio/Sentence_for_entry_0750.wav,lha yakilvvkwhti tiikwaliyeehsuulooti yitakilvvwhihstaaneeha
training_data/processed/sentence_audio/Sentence_for_entry_0456.wav,hilaayvv tsuulakootse hookhskv
training_data/processed/sentence_audio/Sentence_for_entry_0245.wav,uuthana tikatuuhvv yuweena aatsanvvhskoo'i
training_data/processed/sentence_audio/Sentence_for_entry_0472.wav,t:ithaleehsti kvhti uuthaleehsv yhahtheena
training_data/processed/sentence_audio/Sentence_for_entry_1321.wav,uuyvvhstii kanvvhska uutseelii kheemili
training_data/processed/sentence_audio/Sentence_for_entry_0414.wav,ahskayekvvhsta oohstiineeli uutvvnhv akeeyha
training_data/processed/sentence_audio/Sentence_for_entry_0275.wav,akhthiihsi tiitla wuutleehsv aniihso'inhoo akhskani tiitla wuunatleehsvv'i
training_data/processed/sentence_audio/Sentence_for_entry_0716.wav,tso'i yuulhiiloota taatliihstvv tiihsuuwhihsti taakwatuuliiha
training_data/processed/sentence_audio/Sentence_for_entry_1396_01.wav,nvvyoohi ootalvv tuutoo'vv kaneela
training_data/processed/sentence_audio/Sentence_for_entry_0896.wav,tsiiyu kalvvlati kanoohiili
training_data/processed/sentence_audio/Sentence_for_entry_0727.wav,tlvv hskoohi aatlhi'iliihsvv witatsiluhtsi
training_data/processed/sentence_audio/Sentence_for_entry_1793.wav,uwootuuhi takwaleela aatsiineelv tuuhskwa'ta
training_data/processed/sentence_audio/Sentence_for_entry_0154.wav,tsuukanhteena kvvnhihstohti hikvvhaluuyha
training_data/processed/sentence_audio/Sentence_for_entry_0873.wav,na kaltsoohita ahskaya aaneelhti uutaakeehsv uuyoohuuhsehtii'i
training_data/processed/sentence_audio/Sentence_for_entry_1524.wav,kato uuhsti tshvhsi na uutaana'ni
training_data/processed/sentence_audio/Sentence_for_entry_0461.wav,svvki iinake eehi yuunvvnhihsthana aniitsalaki tsuweetsi taanahsuuyvhsko'i
training_data/processed/sentence_audio/Sentence_for_entry_1715_02.wav,koohuuhsti uunooyhvhka kaakwathvv'i
training_data/processed/sentence_audio/Sentence_for_entry_1843.wav,weehsahs hiikoowahthi
training_data/processed/sentence_audio/Sentence_for_entry_0096.wav,kato uuhsti aatli'aama uunvvtakhe
training_data/processed/sentence_audio/Sentence_for_entry_0406.wav,na aahsalatvv aahseehsvvta nikalhsta
training_data/processed/sentence_audio/Sentence_for_entry_1255.wav,sonheelaatu ihskoohitskwa kalhkwahskoo nvhki uuteethiyvvhsatiihsvv itsee tsuuniihsvvhstii uunaanheehskeehv aniitsalaki talikwa na'vv'i
training_data/processed/sentence_audio/Sentence_for_entry_0983.wav,kanvvhskeeni aatsiiyoole taanhawoo'i ale atsinvvhsteehsti nuulhsthanee'i
training_data/processed/sentence_audio/Sentence_for_entry_0554.wav,uuyhvvtli iika tuutaawo'v alhtsatoohvhski
training_data/processed/sentence_audio/Sentence_for_entry_1416.wav,oohsiikwuhs tsataanhtha
training_data/processed/sentence_audio/Sentence_for_entry_0160.wav,lha khiloo yuulvvkwhta ahalaata
training_data/processed/sentence_audio/Sentence_for_entry_1042.wav,akwvvnvvka kooki iyuulhstohtii'i
training_data/processed/sentence_audio/Sentence_for_entry_1539.wav,uuteehoohihst koolhvvhska tsinaatvvneeho
training_data/processed/sentence_audio/Sentence_for_entry_0613.wav,hilaa iyvv tootvvniiyeeliihsi
training_data/processed/sentence_audio/Sentence_for_entry_0636.wav,uunatootakwaahskvv tiinateelhohkwaahski tikeeyoohvhski tuuwoohsiihsaanhvv uuniikooliiye'vv'i
training_data/processed/sentence_audio/Sentence_for_entry_0031.wav,lhvv uweenvvhsti yatvvnv'ihstii aataakheehskoo'i
training_data/processed/sentence_audio/Sentence_for_entry_1502.wav,thoohi nikeehsvvna keehsv kvvyaathvkaanv
training_data/processed/sentence_audio/Sentence_for_entry_0485.wav,athilhti uwoolhvvnhv aniineeli uunhawoohsti
training_data/processed/sentence_audio/Sentence_for_entry_0711_01.wav,tiinataanhvvlhihs hi'a aniitshuutsa
training_data/processed/sentence_audio/Sentence_for_entry_0870.wav,tso'i tsuuhsvvhita uuliitsvv iinakee'i
training_data/processed/sentence_audio/Sentence_for_entry_0288.wav,tsoolani aakhthiiha khiloo'i
training_data/processed/sentence_audio/Sentence_for_entry_0133_02.wav,tha'li itsuuteethiyvvt yuutaali itsee takwaleela aakiihskoo'i
training_data/processed/sentence_audio/Sentence_for_entry_1712.wav,uunhthee'ihs khoohi ika tsa'luhihsti keehsv
training_data/processed/sentence_audio/Sentence_for_entry_1213.wav,tsithaaka kvvtsalhanvv uulvvkwhti uukiihsti
training_data/processed/sentence_audio/Sentence_for_entry_1079.wav,tseetoolvvhihs kuuku
training_data/processed/sentence_audio/Sentence_for_entry_0959.wav,eeliikwuuhs takwaleela yihskinhsaneehsi
training_data/processed/sentence_audio/Sentence_for_entry_0821.wav,tso'iihaa iyanii'i taantaneetliiyvtaaniikaweehskvv'i tsiiyu
training_data/processed/sentence_audio/Sentence_for_entry_0882.wav,nuukhsehstvvna yiki khilo kaloonaahstiihsko'i
training_data/processed/sentence_audio/Sentence_for_entry_1216.wav,kato uuhsti ahskaya tsiyuu tiilhawiithtiihski
training_data/processed/sentence_audio/Sentence_for_entry_1813.wav,uuhskaahsehti vvyhuuki uuniiyvvhvv'i
training_data/processed/sentence_audio/Sentence_for_entry_1447.wav,khoohi ika taakilvvwhihstaaneeha hsunaalee naahskwu tootvvkilvvwhstaaneeli
training_data/processed/sentence_audio/Sentence_for_entry_0360.wav,ameekwoo aneehi atsa'ti tsuunthana keehsoo'i
training_data/processed/sentence_audio/Sentence_for_entry_1196.wav,thalatu iiyuwaanhilvv tsikeehsvv tsuuloohihsthanvv'i
training_data/processed/sentence_audio/Sentence_for_entry_0190.wav,alhthawoohsti akhiwahihstii aakwatuuli
training_data/processed/sentence_audio/Sentence_for_entry_0977_02.wav,tikanvvlhoohsti tuutsvnheelvv'i
training_data/processed/sentence_audio/Sentence_for_entry_1166.wav,suutali iilaahsihti hsuutali iihsihthatiihsti iikathi na alaahskaliihski
training_data/processed/sentence_audio/Sentence_for_entry_1479.wav,svvtooni uukhaliitsv uukaanhanvv ama uukaanhana
training_data/processed/sentence_audio/Sentence_for_entry_0542.wav,tsahthvvkaanvvhs ayooneeka tsalaki kawooniihskv
training_data/processed/sentence_audio/Sentence_for_entry_0667.wav,ikvvyii tiinataawoohski tsuuniilaawihstii ayaathohihi nuulhsthanvv'i
training_data/processed/sentence_audio/Sentence_for_entry_1650.wav,iikaata anahsuunhiitoohi uuniitsiiya taanhtiihskoo yuunahsuunha
training_data/processed/sentence_audio/Sentence_for_entry_0515.wav,ahani ayeelhi tsoolheehsti
training_data/processed/sentence_audio/Sentence_for_entry_0402.wav,kaluhtsvv hiiyaahseheelv naanha uhti takwaleela
training_data/processed/sentence_audio/Sentence_for_entry_1641.wav,uuyhvhsti aawhi uutiithahsti uulvvkwhti
training_data/processed/sentence_audio/Sentence_for_entry_0322.wav,kato uuyeelhti aaliiheeliika
training_data/processed/sentence_audio/Sentence_for_entry_0958_02.wav,hilaa iyvv kanooyvvkeehsti
training_data/processed/sentence_audio/Sentence_for_entry_1494.wav,thaluukiihski tikhanvvwootohti uutsvhvhsi
training_data/processed/sentence_audio/Sentence_for_entry_1761.wav,ahskaya yuuthvhsonha uuthvhsonhvv aanoohseehoo'i
training_data/processed/sentence_audio/Sentence_for_entry_0454.wav,ahsiilatvv atawoohilatiihskvv uuyohsthana uuhsuulo uuhsuuleehsv oohsta nuuwaaneelvv'i
training_data/processed/sentence_audio/Sentence_for_entry_0039.wav,anataneetliiyvvhstiihski taanhthinheehoo analaahskaliihski
training_data/processed/sentence_audio/Sentence_for_entry_1860.wav,hiiko'vv'ihs khiloo yoona aanheehstiihskvv'i
training_data/processed/sentence_audio/Sentence_for_entry_1145.wav,lheekhiihs takaluhtsi uutvvnhe
training_data/processed/sentence_audio/Sentence_for_entry_1168.wav,skoohitskwa iyuulhiiloota iikvvnateena tuuwhihsa hseelu
training_data/processed/sentence_audio/Sentence_for_entry_1317.wav,nikoohiilvv tikoowheeli taanhtv'vhsko koothvv'i
training_data/processed/sentence_audio/Sentence_for_entry_1150.wav,iinatawo'uuka howa
training_data/processed/sentence_audio/Sentence_for_entry_1605.wav,tuunatoo'v thoowheelvvka uulhiihsta
training_data/processed/sentence_audio/Sentence_for_entry_0705.wav,tiikhthinvvthti tsuukiihsti nuulhsthanv'i
training_data/processed/sentence_audio/Sentence_for_entry_0410.wav,kato uuhsti wuuthanv ahskanhi
training_data/processed/sentence_audio/Sentence_for_entry_1851.wav,katoo tikvvnhti tsatuuli wuunvvkhtvv ateela
training_data/processed/sentence_audio/Sentence_for_entry_1684.wav,na analaahskaliihski tiitsee tuunalhstuula
training_data/processed/sentence_audio/Sentence_for_entry_0108.wav,haalhv awhahthvhti atuutaleehsti
training_data/processed/sentence_audio/Sentence_for_entry_1247.wav,haalhvv tsanvvne na tsuuloolhti akwanhawo
training_data/processed/sentence_audio/Sentence_for_entry_0319.wav,na kanvvhiita uuhsthihki tsiki ayvvwiya alkvvtanoohstohti uutuuliiha
training_data/processed/sentence_audio/Sentence_for_entry_0331.wav,lheehsti yhalitsiihskwhiitooheehsti
training_data/processed/sentence_audio/Sentence_for_entry_0901.wav,nuula nuunatiinvvtakwu kalhtsoote wiiniiluhtsvv'i
training_data/processed/sentence_audio/Sentence_for_entry_1274.wav,yvv niitsvvka khanaalv'ihsti
training_data/processed/sentence_audio/Sentence_for_entry_0824.wav,kaako na hsahkhoonike uulhstuuli tsiki ahskaya
training_data/processed/sentence_audio/Sentence_for_entry_1283.wav,uunhehkwoo'v tsuulvvwhihstaanehtii uuhskwa'ta taateelhohkwaahskvv'i
training_data/processed/sentence_audio/Sentence_for_entry_0952.wav,uuhalvvna uunooyhvvtlhihsthana taaniilaawiikvv uutaleenvvhvv'i
training_data/processed/sentence_audio/Sentence_for_entry_0640.wav,teehaluuyi kha'lv aataleeniihsko'i kooki
training_data/processed/sentence_audio/Sentence_for_entry_1094.wav,iihsa kvvkuuhstiiha eetsi
training_data/processed/sentence_audio/Sentence_for_entry_0589.wav,ama taakwhayoohska tiinhawo tsuutheehsti
training_data/processed/sentence_audio/Sentence_for_entry_0183.wav,suulhiiloota iikoohiita uulhtsatoonhvv'i
training_data/processed/sentence_audio/Sentence_for_entry_0279.wav,akhtha ayeelvvhi aakhanha hsaakwakhth'i
training_data/processed/sentence_audio/Sentence_for_entry_0441.wav,ahsiyvvwi uuwoonihsv taanatloohskvv'i
training_data/processed/sentence_audio/Sentence_for_entry_0661.wav,tiitaaniyiihski ookinalhinoohehti aakwatuuli
training_data/processed/sentence_audio/Sentence_for_entry_0520_01.wav,hihski tiitse tikoowheelootohti tuuyvvhv tiitaana'nvv'i
training_data/processed/sentence_audio/Sentence_for_entry_1435.wav,seelakwooya hstaayi akoowahthvvhtii kanulvvhsvv'i
training_data/processed/sentence_audio/Sentence_for_entry_0177.wav,tskwiihsti uulhstaayvnhvv yiki aalhikiihskoo'i
training_data/processed/sentence_audio/Sentence_for_entry_0775_01.wav,eelati uulhstvvlhunvv'i
training_data/processed/sentence_audio/Sentence_for_entry_0915.wav,uunvvta kaneeki'eeha wahka
training_data/processed/sentence_audio/Sentence_for_entry_1099.wav,toohiyuu tiinvvnhakalhsti tuutaathinha'a
training_data/processed/sentence_audio/Sentence_for_entry_1220.wav,tso'iinee uukanhtatv whiyhvhkwataki
training_data/processed/sentence_audio/Sentence_for_entry_1422.wav,uunatseetsti hsali tsuuniikiihsti uuniilvvkwhti
training_data/processed/sentence_audio/Sentence_for_entry_1048.wav,koolhkahs tsalaki
training_data/processed/sentence_audio/Sentence_for_entry_1339.wav,tsiihskwa uuniilvvkwti khuuwa uuniikiihstii'i
training_data/processed/sentence_audio/Sentence_for_entry_0024.wav,ataayheehski uutlvkv aatsiinvvwaanvv'i
training_data/processed/sentence_audio/Sentence_for_entry_1676.wav,lha uutoohiyuu uulihsti yiki
training_data/processed/sentence_audio/Sentence_for_entry_0579.wav,takhsi nvvnoohi tuuntiiwhsiitiihsvv tsiikoowahtha
training_data/processed/sentence_audio/Sentence_for_entry_0684.wav,aanaanheehihv tikoowheelooti kvhti aatsiithihstohthanvv'i
training_data/processed/sentence_audio/Sentence_for_entry_1715_01.wav,uuhalvvni uunoyhvhkoo uutaleenhtii yiki taanilaawiikvv'i
training_data/processed/sentence_audio/Sentence_for_entry_1783.wav,uweetsi akeeyhuutsa taahskwati'a khoohi kooki
training_data/processed/sentence_audio/Sentence_for_entry_0028.wav,tsaani oohsti khanooheeta tshaneeliinee aayaatholhvv aatsiineehsti ataayhooneehi akeeyha
training_data/processed/sentence_audio/Sentence_for_entry_0251.wav,atsiila aahv aanaateeyoho aanalhskiihskv kaathiiyoo'i
training_data/processed/sentence_audio/Sentence_for_entry_0608.wav,katoohv tunaakalenvhe
training_data/processed/sentence_audio/Sentence_for_entry_1387.wav,nvhki yuulhiiloota aatanaawhstiihskoo nituukitsvvnhiihsvv'i
training_data/processed/sentence_audio/Sentence_for_entry_0748.wav,nituulaahsuulhvvna aatsvvhsiiyee'a atshuutsa
training_data/processed/sentence_audio/Sentence_for_entry_0431.wav,na ahskaya kaluuyhsti kuuhalhti uuhskwaalhsvv'i
training_data/processed/sentence_audio/Sentence_for_entry_1163.wav,khilatvv iika'luhka uuhsuunhiitoolvv'i
training_data/processed/sentence_audio/Sentence_for_entry_0602.wav,taaliiyoohihv ikoohiita khilo tuunoohskiihse tsuulaahsuulo
training_data/processed/sentence_audio/Sentence_for_entry_1639.wav,uuyhvhsteeta ahskaya tsaa'iihsvv tsiikoowahthiiha
training_data/processed/sentence_audio/Sentence_for_entry_1222.wav,kohiiki tsikeehsv tsoola aanathvhihstiihskv anitsalaki
training_data/processed/sentence_audio/Sentence_for_entry_1717.wav,uunoolvvthana kha'lvv aataleeniihskvv itsee aateethiyiihskvv'i
training_data/processed/sentence_audio/Sentence_for_entry_1749.wav,ama aakhthateekii'a
training_data/processed/sentence_audio/Sentence_for_entry_0501.wav,skoohi iyuuthawoohsthanv iikoohiita tsiiyaathvvtaahsthanv kawooniihskvv'i
training_data/processed/sentence_audio/Sentence_for_entry_0274.wav,akhooteehsti kuuhalhti koolhvvhska
training_data/processed/sentence_audio/Sentence_for_entry_0401.wav,ahseeki aakwataanhtatvv lheeka
training_data/processed/sentence_audio/Sentence_for_entry_1105.wav,koohuuhsti kvvwhanoohsti ukhihihsti aaneelhtiihskv uuyhvhtsinvvtsvv'i
training_data/processed/sentence_audio/Sentence_for_entry_0943.wav,uukvvwiyuuhi uuwooniihsa tuuniilteelv yvvwi tsuunalhsteelhtii'i
training_data/processed/sentence_audio/Sentence_for_entry_0899.wav,kalvvloo hsakhoonikee'i
training_data/processed/sentence_audio/Sentence_for_entry_0468.wav,hi'a atshuutsa anaatha tsuulhinoohehtohti uulvvkwhti
training_data/processed/sentence_audio/Sentence_for_entry_1167_01.wav,hilaa iikoohiita uulhi'iliitoole
training_data/processed/sentence_audio/Sentence_for_entry_1144.wav,teeheena lheeka
training_data/processed/sentence_audio/Sentence_for_entry_0968.wav,tlvv hskoohi iyuwaakhti nituuhstayoolhv aahseenhv tuunvvtiihsiloo'v akoniihskvv'i
training_data/processed/sentence_audio/Sentence_for_entry_1600.wav,tsoolani hihstu'i aakhawoohstiiha
training_data/processed/sentence_audio/Sentence_for_entry_1348.wav,kooki yinuulhsthana kwhanuunhsti teekateehsko eetsi ale teekalhtiihskoo'i
training_data/processed/sentence_audio/Sentence_for_entry_0766.wav,iina keeka
training_data/processed/sentence_audio/Sentence_for_entry_0599.wav,tootakaliyeehsuuleehsi nihina
training_data/processed/sentence_audio/Sentence_for_entry_0307.wav,ayo'uulhi ahskaya uukhsehsti aalaahskvvhskoo'i
training_data/processed/sentence_audio/Sentence_for_entry_0813.wav,hilaa naanii'a yvvwi aaneeha talikwa kaatuuhvv'i
training_data/processed/sentence_audio/Sentence_for_entry_0167.wav,kalhkwooki iiyanii hsalooli teetsiilv aakinoohaleena
training_data/processed/sentence_audio/Sentence_for_entry_1825.wav,waatuuliihsi aanoolhvvhsko waatuuliihsi
training_data/processed/sentence_audio/Sentence_for_entry_1377.wav,nuula takiniikoonhiiyootsiihs
training_data/processed/sentence_audio/Sentence_for_entry_1586.wav,uukitsteeyi aatiitiihskoo tsuulvvwhstaanhti yiki
training_data/processed/sentence_audio/Sentence_for_entry_0848.wav,kato uuhsti aaki'a tsiihstu
training_data/processed/sentence_audio/Sentence_for_entry_0268.wav,tha'li tikaakwathi uukhilvvtohtii uulvvkwhti
training_data/processed/sentence_audio/Sentence_for_entry_1751.wav,uuthana kalhtsoote aanheehskeeha
training_data/processed/sentence_audio/Sentence_for_entry_1648.wav,lhahs yahthvvki'a uutsi tsuyhaniihskvv'i
training_data/processed/sentence_audio/Sentence_for_entry_0227.wav,tsino'aliitoohvv aakiyoohuuhseelv hayeelhsti
training_data/processed/sentence_audio/Sentence_for_entry_1415.wav,oohsi akaanawoohihstii tiihvvthti ata taahskwaalhska
training_data/processed/sentence_audio/Sentence_for_entry_1500.wav,thiyoohali kaniiya kaleeki
training_data/processed/sentence_audio/Sentence_for_entry_1727.wav,tsuhstii takwaleela uukooti taakilvvkwti hsiinhv tsuuthana keehsvv'i
training_data/processed/sentence_audio/Sentence_for_entry_0200.wav,kanuulvvhi aanaanheetsoohska tiiniiyoolhi
training_data/processed/sentence_audio/Sentence_for_entry_0825.wav,amaayi wuuteeliitsv kaakwathti uutaakwateehsthana
training_data/processed/sentence_audio/Sentence_for_entry_1668.wav,uuleenaalhv lhayheenhoo yakhthahs he itiitla wuuloohihstii'i
training_data/processed/sentence_audio/Sentence_for_entry_0996.wav,kaatshinoohsta nalhstvvlhuhskvvna keehsv iyuuhsti kaahsohkwathi nuulhsthanvv'i
training_data/processed/sentence_audio/Sentence_for_entry_1203.wav,tsalaki uweethi iina iitikathi tootala
training_data/processed/sentence_audio/Sentence_for_entry_1463.wav,sonheela iyuwaanhilv hsunaalee tsiikoowahthvhti kanakhthi
training_data/processed/sentence_audio/Sentence_for_entry_1133_03.wav,hilaa aalhi'ili
training_data/processed/sentence_audio/Sentence_for_entry_0911.wav,awhi kaneeka koolhvhthanvv anhawo uuna'a
training_data/processed/sentence_audio/Sentence_for_entry_0235.wav,ayhvhtseeni tatsiiyooliihsv tsihstu aahseenhoo teetsiinvvtvv'i
training_data/processed/sentence_audio/Sentence_for_entry_0698.wav,tikhalvvkvv tiilha wuuloohsvv'i
training_data/processed/sentence_audio/Sentence_for_entry_0073.wav,akwateethtii akilvvkwhti yikatawoo'a
training_data/processed/sentence_audio/Sentence_for_entry_0453.wav,tlookeehsi yitootayuulvvwhihstaaneeli aahsuula'iiyvvhskoo'i
training_data/processed/sentence_audio/Sentence_for_entry_0925.wav,teekanvvnhvv teekaneehstalti'a
training_data/processed/sentence_audio/Sentence_for_entry_1323.wav,khila wikeetoolv tikaatuuhvv'i
training_data/processed/sentence_audio/Sentence_for_entry_1510_01.wav,tskwiihsti kawooniihsko oohsta yuutaanhtha
training_data/processed/sentence_audio/Sentence_for_entry_0717.wav,anaakaliihski anhikiihstiihski tiithaleehsti aakhiyoha
training_data/processed/sentence_audio/Sentence_for_entry_0289.wav,akhthiihsi kvhti uuteeko hskwaalheehsti
training_data/processed/sentence_audio/Sentence_for_entry_0234_01.wav,lheehsti tsihiyhvhkwitvvni
training_data/processed/sentence_audio/Sentence_for_entry_0035.wav,aataananvv taakilvvwhihstaaneeho kooki yinuulhsthana
training_data/processed/sentence_audio/Sentence_for_entry_0292.wav,akhthohti uutuuli uuteethiyiihskvv'i
training_data/processed/sentence_audio/Sentence_for_entry_1659.wav,ayhvvkhi uukhsehsti uulthiihsti nikeehsvvn uuyeelvvhsvv'i
training_data/processed/sentence_audio/Sentence_for_entry_0598.wav,talikwa tsalaki ayeelhi uutoolhvvhsvv'i ooklhahoomi
training_data/processed/sentence_audio/Sentence_for_entry_0700.wav,taanooyha'tahs tiiniikhanowatiitoohi
training_data/processed/sentence_audio/Sentence_for_entry_1788.wav,uweelihiihsti uutaanhta'tvv'i uuthvvkaana uutoota uutlvvkvv'i
training_data/processed/sentence_audio/Sentence_for_entry_1467.wav,suutaleeki iyakiweehsti aakwatuuli
training_data/processed/sentence_audio/Sentence_for_entry_0006.wav,hilaa tsuukvvwalhti hsaakwu iikaahsvvthi ata
training_data/processed/sentence_audio/Sentence_for_entry_0908.wav,kaniyeeka tsuulvvwhstaanehti uuha
training_data/processed/sentence_audio/Sentence_for_entry_0077.wav,suutali iyuwaanhilv hsunaale katiitiihskoo'i
training_data/processed/sentence_audio/Sentence_for_entry_1848.wav,wuuteeliikvv itiitla wuuteeliiko iika eehi nvvta
training_data/processed/sentence_audio/Sentence_for_entry_1296_01.wav,khanooheeta khanooheehski khanooheeta khanooheeha
training_data/processed/sentence_audio/Sentence_for_entry_1482.wav,svvhi hsunaale tsikeehsv lheeka aakweetoolvv'i
training_data/processed/sentence_audio/Sentence_for_entry_0157.wav,na ahskaya uweetsi atshuutsa aakvvhskoolvvka
training_data/processed/sentence_audio/Sentence_for_entry_0084.wav,hitiihsiiya kaahskilo lha yuutlanvvta kalatiihsti takwaleeluu'i
training_data/processed/sentence_audio/Sentence_for_entry_1290.wav,kooki yinuulhsthana khaneehska aaniinhsaneehskoo aniitshuutsa
training_data/processed/sentence_audio/Sentence_for_entry_1580_01.wav,aakikaanawoohskatv hstiikhita nookwu
training_data/processed/sentence_audio/Sentence_for_entry_1069.wav,skwaalheehsti uuniiyoohuuhseelv uwoohstvvniila
training_data/processed/sentence_audio/Sentence_for_entry_0631.wav,stuuti tuulvvtvvniihsthanv uunvvkootsa
training_data/processed/sentence_audio/Sentence_for_entry_1616.wav,hayeelhsti kvhti taahskwaalhska tuunhaahsuhkalhvv'i
training_data/processed/sentence_audio/Sentence_for_entry_1691.wav,taloonikee uulhsuuwhita takwaleela aakiha
training_data/processed/sentence_audio/Sentence_for_entry_0102.wav,lheehsti tsatlooyhilvv'i
training_data/processed/sentence_audio/Sentence_for_entry_0753.wav,na tiiteelhohkwaahski tootakwiiteena uutootakwata tuulvvwhihstaaneehoo'i
training_data/processed/sentence_audio/Sentence_for_entry_0614.wav,seekaatsvv tuuhstayoolhv kalookwe aahstaayvv kootsaneehstii'i iyuuhsti
training_data/processed/sentence_audio/Sentence_for_entry_1839.wav,waahsoolha uuweeliihsv aahsenhoo khamama keehsvv'i
training_data/processed/sentence_audio/Sentence_for_entry_1244.wav,tsuulhtshvvyaahsti yikeehse lha yikvvwalthiihsee'i
training_data/processed/sentence_audio/Sentence_for_entry_0572.wav,lheehsti tsitoohskhiyvvki kaliihstaayvhvhskvv'i
training_data/processed/sentence_audio/Sentence_for_entry_1098.wav,uuhseekaatsvv kvvnha aanatiiha
training_data/processed/sentence_audio/Sentence_for_entry_0428.wav,skwaalheehsti wakatiineela uuhskwaalheehsvv'i
training_data/processed/sentence_audio/Sentence_for_entry_1836.wav,waloohsi naaniiwe'a
training_data/processed/sentence_audio/Sentence_for_entry_1264.wav,ama khalii aatliihsti hsvvtooni
training_data/processed/sentence_audio/Sentence_for_entry_0298.wav,svvtoonii aakhuuki'a ama
training_data/processed/sentence_audio/Sentence_for_entry_1207.wav,ilvvhiyuuhs hiyaahskiitsv tsiihsa
training_data/processed/sentence_audio/Sentence_for_entry_0450.wav,ahsuuhsti kaahsuu'a
training_data/processed/sentence_audio/Sentence_for_entry_1757.wav,uutskwiihsti uukaanhanv hsvvhi tsikeehsvv'i
training_data/processed/sentence_audio/Sentence_for_entry_0523.wav,kanoohaliitoo kaalhita kvhti uuyoolhv awhi
training_data/processed/sentence_audio/Sentence_for_entry_0798.wav,kaatiikeeni uuyhelhalv kuuku uuyootsv uulaahstvvthana amaayi aatuuhiiniitoohvv'i
training_data/processed/sentence_audio/Sentence_for_entry_0228.wav,ookinaalii tsiiyoha haalhv wikaloohi
training_data/processed/sentence_audio/Sentence_for_entry_1284.wav,uutlvvki uutiilhehvhskvv khanehkwooka
training_data/processed/sentence_audio/Sentence_for_entry_0811.wav,tiihseehihsti katu aalhaha ataakhehti
training_data/processed/sentence_audio/Sentence_for_entry_0600.wav,tekaalyeehsuuli tootvvkilvwhstaaneeleehsi
training_data/processed/sentence_audio/Sentence_for_entry_0610.wav,skwaalheehsti tootakaaneelonhi hsunaalee uutootakwata
training_data/processed/sentence_audio/Sentence_for_entry_0415.wav,ahskayeekvvhstatootvvkooliiye'i aniiyohski tuunanhuwvv'i
training_data/processed/sentence_audio/Sentence_for_entry_0788.wav,kaataaha eeloohi iiteeha; haatlvvkwu yuwiikiiluhtsa kaata iitiikowhahthiihskoo'i
training_data/processed/sentence_audio/Sentence_for_entry_1053.wav,kaahskilv aalhahvv waatsi uwoohonvhtohthanvv'i
training_data/processed/sentence_audio/Sentence_for_entry_0120.wav,akanakhthi uuyvvhsti witsiya'vv'i
training_data/processed/sentence_audio/Sentence_for_entry_0250_01.wav,kaatoohi aatseewi'a ama
training_data/processed/sentence_audio/Sentence_for_entry_0088.wav,aatla aakohvhskvv tuukhsvvhstvv tsikoowahthiiha
training_data/processed/sentence_audio/Sentence_for_entry_0304.wav,tskooya aatanhsiini hiiyalaahstv'vvka
training_data/processed/sentence_audio/Sentence_for_entry_0566.wav,ilvvhiyuuhs thoohi ntakalhsthan heli taanhawa
training_data/processed/sentence_audio/Sentence_for_entry_0832.wav,kaalhita uyoohsthana nuutalee wuuyvvhvv'i
training_data/processed/sentence_audio/Sentence_for_entry_0150.wav,tseetsalhiiloohsthanvv ukoowhahthvhti uutuuli tsatsi
training_data/processed/sentence_audio/Sentence_for_entry_1081.wav,kaako uuwuuhalhanee'i hi'a kalookooti
training_data/processed/sentence_audio/Sentence_for_entry_1834.wav,tikaatuuhvv witsikaathi
training_data/processed/sentence_audio/Sentence_for_entry_1411.wav,oohsta khanoheeta alhtsatoohvhski
training_data/processed/sentence_audio/Sentence_for_entry_1728.wav,uhsti kanvvnhv aa'iihsv uuleenaalhvv'i
training_data/processed/sentence_audio/Sentence_for_entry_0580.wav,uuyaanvv kvhti uuhstu'iihsv tahskhi
training_data/processed/sentence_audio/Sentence_for_entry_0076.wav,ahani tatsi'ti hi'a hsuhti
training_data/processed/sentence_audio/Sentence_for_entry_0492.wav,athoolitahs hi'a tiitaalhiiloohstiihski
training_data/processed/sentence_audio/Sentence_for_entry_0399.wav,kaatu'i uuhstvvhalhanvv'i
training_data/processed/sentence_audio/Sentence_for_entry_0067.wav,hihski yuwaanhilvv tsikeehsvv khoohi hsunaalee uuteenhvv'i
training_data/processed/sentence_audio/Sentence_for_entry_1565.wav,teehilaawiitseekoo'ihs uunatootakwaahskv :ika
training_data/processed/sentence_audio/Sentence_for_entry_1671.wav,uulkoohvhsti iyvv tvvleenvvhi taateelhohkwaahskvv'i
training_data/processed/sentence_audio/Sentence_for_entry_1192_01.wav,hilaa iyuutaali teehiiwhihsko hseelu
training_data/processed/sentence_audio/Sentence_for_entry_1568.wav,uunatootakwonhvv tvvnaleenvvhi taanateelhohkwaahskvv'i
training_data/processed/sentence_audio/Sentence_for_entry_1170.wav,ikvvyihs hi'luhk hsiinhv ayv keehsvv
training_data/processed/sentence_audio/Sentence_for_entry_1682_02.wav,kato uulhstaanhe na kiilhi
training_data/processed/sentence_audio/Sentence_for_entry_0186.wav,taayoohihvv taalhkhoothtiihskoo kuuku
training_data/processed/sentence_audio/Sentence_for_entry_0338.wav,hilaa iikoohiit aahiliitooho yuulhstuuleeha
training_data/processed/sentence_audio/Sentence_for_entry_1146.wav,lheehsti yitsaneekuutseehsti
training_data/processed/sentence_audio/Sentence_for_entry_1642.wav,weehsa khaneehsa'i uutsa'a
training_data/processed/sentence_audio/Sentence_for_entry_1187.wav,thalatu ihsihthatiihsti hsaakwu iilaahsihti nikalhstiihskoo'i
training_data/processed/sentence_audio/Sentence_for_entry_0285.wav,nvvya kvhti uukhtheeluunhv atshuutsa
training_data/processed/sentence_audio/Sentence_for_entry_1266.wav,khalookweekhti na'vv aakwathvhsvv'i
training_data/processed/sentence_audio/Sentence_for_entry_1160.wav,hilaa iika teetsatuuliiha
training_data/processed/sentence_audio/Sentence_for_entry_1297.wav,lheehsti tsiihinhooheelhi nuulhsthaniitoolvv'i
training_data/processed/sentence_audio/Sentence_for_entry_0106.wav,tiitoolanvvhsti teekoolhvvhskoo ata taayoolhvhskoo'i
training_data/processed/sentence_audio/Sentence_for_entry_1055.wav,koohuuhsti :niiyho aahseenhv lha yakwaanhtha iyuuhsti keehsvv'i
training_data/processed/sentence_audio/Sentence_for_entry_0770.wav,haatlv aneehi na analaahskaliihski
training_data/processed/sentence_audio/Sentence_for_entry_1864.wav,koohiiki tsikeehsvv aniiyvvwakiihski taaniinhooheehskvv aniitsalaki
training_data/processed/sentence_audio/Sentence_for_entry_0643.wav,tikoohstaaya tuuhsuhkalhv kvhti tuunhuukoohsv weehsa
training_data/processed/sentence_audio/Sentence_for_entry_0980.wav,itsee anhawotsiinvvneelvv'i
training_data/processed/sentence_audio/Sentence_for_entry_0964.wav,eeliikwuuhs yihskhinoohihs uunhaa koolhvvhsvv kanuuko'ihstohtii'i
training_data/processed/sentence_audio/Sentence_for_entry_1811.wav,lha yakwalhstaayvvnhee hsunaale nookwuunhv aakiyoohsiiha
training_data/processed/sentence_audio/Sentence_for_entry_0293.wav,atshuutsakwu tsikeehsvv uukhthohvhsvv'i
training_data/processed/sentence_audio/Sentence_for_entry_1394.wav,tikaakeeti keehsv tihsaltooti nvvya khilo noohsteeliihskvvna yiki
training_data/processed/sentence_audio/Sentence_for_entry_1210.wav,tsiihstvvna ataatsvvyhski uwaatsvvyhvv uulaahsihteeni
training_data/processed/sentence_audio/Sentence_for_entry_0048.wav,aakaluuka uwaanhila tluhkvv'i uutanuutheeyoolvv'i
training_data/processed/sentence_audio/Sentence_for_entry_0276.wav,hi'a alaahskaliihski akhskaniita
training_data/processed/sentence_audio/Sentence_for_entry_0128.wav,aakee witakeetooli lheeka
training_data/processed/sentence_audio/Sentence_for_entry_1342.wav,khuwaayowituulvvwhihstaaneeho tsoohstataanhvvlhi
training_data/processed/sentence_audio/Sentence_for_entry_1567.wav,tlvv uutootakwiitiihsvv takaluhtsi
training_data/processed/sentence_audio/Sentence_for_entry_1595.wav,tsoolhkihs uukvvwiyuuhi
training_data/processed/sentence_audio/Sentence_for_entry_0303_01.wav,aalaahsta'eehskvv uulhv iinata
training_data/processed/sentence_audio/Sentence_for_entry_0181.wav,takwaleela kvhti uuwaanhila thaluukiihski keethv uulhiyvhkwitvvnvv'i
training_data/processed/sentence_audio/Sentence_for_entry_0359.wav,amaayuulhti taakinaawhthvvhv hi'a tiilaahsuulo
training_data/processed/sentence_audio/Sentence_for_entry_0229.wav,hilaa yuutanvvhiita eeliikwu yhaayhu'iinuuka
training_data/processed/sentence_audio/Sentence_for_entry_1373.wav,tekalanvtv yitunehstalata noya anilakeytvhsko'i nvnohi tsunilvwhihstanehi
training_data/processed/sentence_audio/Sentence_for_entry_1816.wav,vvle anoohsta tikaayheehsti aanatiihskoo iikaata
training_data/processed/sentence_audio/Sentence_for_entry_0854.wav,tuuhkiiloo'onhiiti aahse teekaatsvvwaahstiihaheenhoo tiinhawo
training_data/processed/sentence_audio/Sentence_for_entry_1636.wav,lha oohsta yakwataanhtha uuyhvvtla aakiniiyiiha
training_data/processed/sentence_audio/Sentence_for_entry_0283_02.wav,winuuluhtsvvnakwu uukhthahvvhstii uutuulvvhvv'i
training_data/processed/sentence_audio/Sentence_for_entry_1511.wav,thuuleetsi nitaakvvnhta'eelv tsuuniitlvvkii'i
training_data/processed/sentence_audio/Sentence_for_entry_0525_01.wav,tiiniiyoolhi hskwaalheehsti taanaaneeloohvhska
training_data/processed/sentence_audio/Sentence_for_entry_1774.wav,koohuuhsti uuyhvhsti uuwaawhsvvka aatiiha
training_data/processed/sentence_audio/Sentence_for_entry_1031.wav,ahani ayeetlhi heethvvka
training_data/processed/sentence_audio/Sentence_for_entry_0593.wav,tuulaahsuula'iiyvvhsv tikanvvhiiti keehsvv iyuuhsti tuulaahsuulhv
training_data/processed/sentence_audio/Sentence_for_entry_1067.wav,atsiila uutskathi kvhti aakhtlvvha kaluyhsti koohstaaya nuulhsthanv'i
training_data/processed/sentence_audio/Sentence_for_entry_1263.wav,uuyhvhsti khaawhi aakilvvkwhti
training_data/processed/sentence_audio/Sentence_for_entry_0484.wav,lheehsti tsihihtheelvvnhi ayvvhtlo
training_data/processed/sentence_audio/Sentence_for_entry_1764.wav,witsvvkheewawu
training_data/processed/sentence_audio/Sentence_for_entry_1086_02.wav,na kuuku ama aatliihstv kuulhvhska
training_data/processed/sentence_audio/Sentence_for_entry_0194.wav,wahka kaneeka koolhvhthanvv anhawo aakina'a
training_data/processed/sentence_audio/Sentence_for_entry_1685.wav,lha aahse uulhskeeta yikeehse'i
training_data/processed/sentence_audio/Sentence_for_entry_0701.wav,tikhanowatvvhsti yituuniiyoohsthana ikaata kvvwakhthi naanatvvneehoo'i
training_data/processed/sentence_audio/Sentence_for_entry_0786.wav,kaatshinoohsta yuwiikanvvnhe ohsi yikeehse
training_data/processed/sentence_audio/Sentence_for_entry_1237.wav,wahka tsuukhanvvhsteena tiilhstiihski nuulhsthanv uunaalii'i
training_data/processed/sentence_audio/Sentence_for_entry_1732_02.wav,uuhskanooli kaloohi nikvvwhsti khoohi iika
training_data/processed/sentence_audio/Sentence_for_entry_0756.wav,staaya tsuunhsaneehsv hsteeyita taakwaahskaleehsthanvv'i
training_data/processed/sentence_audio/Sentence_for_entry_0121.wav,tsuulaahsihteeni taakaanowhtiiha
training_data/processed/sentence_audio/Sentence_for_entry_1436.wav,hilaa ikaa hseelu teehathvhihsta khoohi kooki
training_data/processed/sentence_audio/Sentence_for_entry_0195.wav,itsee kaahsaleeni aatsinvvneelv aahseenho lha yuunhawoo'e'i
training_data/processed/sentence_audio/Sentence_for_entry_0734.wav,toohiyu uuyhvvtla tooyi
training_data/processed/sentence_audio/Sentence_for_entry_0122.wav,kooki yinuulhsthana aakaanawoohskoo'i
training_data/processed/sentence_audio/Sentence_for_entry_1303.wav,kaalhita kvhti taayoohiha khanuuna
training_data/processed/sentence_audio/Sentence_for_entry_1630.wav,kato uhsti uuyhooluuha amaayi
training_data/processed/sentence_audio/Sentence_for_entry_1065.wav,tsalvvkwhtihs koola
training_data/processed/sentence_audio/Sentence_for_entry_1690.wav,staayi akoowhahthvhtii ulhsihkvv khiloo uulhsihki yuunhuwa
training_data/processed/sentence_audio/Sentence_for_entry_1673.wav,tsoohstaatanhvvtlhi uultsiihskwaneeta uuhsthihka
training_data/processed/sentence_audio/Sentence_for_entry_1481.wav,haatlvv heetoohe hsvvhi tsikeehsvv'i
training_data/processed/sentence_audio/Sentence_for_entry_1233.wav,koohiiti uutiilhehkvv yikanee unvvti tsuunhatsoohsti nikalhstiihskoo'i
training_data/processed/sentence_audio/Sentence_for_entry_0872.wav,takwaleela uutiinvvthana kilhi uuliiwhootsvv'i
training_data/processed/sentence_audio/Sentence_for_entry_1800.wav,uwooyeeni kvhti uuyooliilvv'i
training_data/processed/sentence_audio/Sentence_for_entry_1503.wav,thoohiikwu ayv nihinaa
training_data/processed/sentence_audio/Sentence_for_entry_1091.wav,kaayuula khilo tsiinvvwhsthana tsuwuutheehsti hi'a nvvya tsaaniilakeeya
training_data/processed/sentence_audio/Sentence_for_entry_0617.wav,ateela akhthiiyi ateela taahsehiha
training_data/processed/sentence_audio/Sentence_for_entry_0487.wav,katoo tsitsalvvkwhti tsathiyoohsti
training_data/processed/sentence_audio/Sentence_for_entry_1138.wav,lha ilvhtlvv yitakeehsi khoohi iika
training_data/processed/sentence_audio/Sentence_for_entry_0442.wav,iinata ahskhooli iiyoolv kaalhita kvhti
training_data/processed/sentence_audio/Sentence_for_entry_0592.wav,tiitse tiilaahsuulo tsuulaahsuulhti uutuuli wiili
training_data/processed/sentence_audio/Sentence_for_entry_0188.wav,ookinvvhsa ookinalaahskalvvha tsiilhoohsvv'i
training_data/processed/sentence_audio/Sentence_for_entry_0037.wav,kiikake atsvvyhsti aataneetliiyvvna
training_data/processed/sentence_audio/Sentence_for_entry_0917.wav,thalhskoo anoowheeli uuhsvvteena kaloowe kaaneeha
training_data/processed/sentence_audio/Sentence_for_entry_1000.wav,keethv katha anaakaliihski atsvvhsti
training_data/processed/sentence_audio/Sentence_for_entry_0973.wav,kanvvkwaloohsti tsiki tiinheehskeehski uwhthaniitaahsti
training_data/processed/sentence_audio/Sentence_for_entry_0481.wav,lheehsti yhihskaaheehsti tsthayoohstii'i
training_data/processed/sentence_audio/Sentence_for_entry_1683.wav,kaloohihstii uulhstu'iita keehsvv aakwateeloohoohsa waakiyvvlhvv'i
training_data/processed/sentence_audio/Sentence_for_entry_1362.wav,nikaata yvvwi kvvwhthvvkaanv kawooniihskvv'i
training_data/processed/sentence_audio/Sentence_for_entry_0483.wav,tiitheeliitoteekvvtiiye'a
training_data/processed/sentence_audio/Sentence_for_entry_1637.wav,lheehsti tsitsayhvvtshinvvtsi
training_data/processed/sentence_audio/Sentence_for_entry_0381.wav,tsoola'ni hihsalatvvka
training_data/processed/sentence_audio/Sentence_for_entry_0023.wav,uuhskwa'ta koowheeli teekoowheeliihskvv uutaayhaahsthanvv'i
training_data/processed/sentence_audio/Sentence_for_entry_0555.wav,koohiita tuuweethinv khila tuutaayohsvv'i
training_data/processed/sentence_audio/Sentence_for_entry_0562.wav,kaahskiloo tiilhihkeehski uwaahsa taalhihkeehskvv uukoohvv'i
training_data/processed/sentence_audio/Sentence_for_entry_0691.wav,tsuuneenha'i tskwiihsti tsuukvvwalhti tiinhawo tuuniina'oo'i
training_data/processed/sentence_audio/Sentence_for_entry_0518.wav,sookwili uuniiyvvhstii uuyhthanv hsookwili
training_data/processed/sentence_audio/Sentence_for_entry_0720.wav,khiloo tla'ita nikvvnhteehsiitooha
training_data/processed/sentence_audio/Sentence_for_entry_0423.wav,uwootuuhi uulhsuuwhihsvv anhawo aahskoolvvka
training_data/processed/sentence_audio/Sentence_for_entry_0993.wav,kaahskilo tiitlhihkeehski uuwootlhvnhv eetuutsi
training_data/processed/sentence_audio/Sentence_for_entry_1126.wav,kahskilvv hawiini tiitla kanhka weehsa
training_data/processed/sentence_audio/Sentence_for_entry_0659.wav,uuthvhsonhv tiitanhthohsti teekanvvkaliiha
training_data/processed/sentence_audio/Sentence_for_entry_1835.wav,waaleela lha aneetoohi yiki
training_data/processed/sentence_audio/Sentence_for_entry_0059.wav,aatawi tsuutoo'ita ahskaya uutuuli hstalhinoohehti
training_data/processed/sentence_audio/Sentence_for_entry_1139.wav,iikaata yvvwi lha ilvvhiyu tsuunataahstuuti uuniiyvvlhv yikeehsoo'i
training_data/processed/sentence_audio/Sentence_for_entry_1791.wav,aahsiila'tvv tuutlhvvnv tsuwooteewhiita tiinhawo
training_data/processed/sentence_audio/Sentence_for_entry_1212.wav,tsiihskwookwoo kiikakee keehso kaneetsii'i
training_data/processed/sentence_audio/Sentence_for_entry_1228.wav,na tikalookiihski tsuukanhteena aawhihska
training_data/processed/sentence_audio/Sentence_for_entry_0923.wav,itsee aataaneelv kaneela
training_data/processed/sentence_audio/Sentence_for_entry_1324_01.wav,khilaa uhsvv aakilhvvnhv uhsv tsikeehsvv'i
training_data/processed/sentence_audio/Sentence_for_entry_0175.wav,tsiiyu tiineelhtohti uulvvkwhta uulhawiithtohti
training_data/processed/sentence_audio/Sentence_for_entry_0491.wav,na ahskaya tsikawooni amayeelhi uukvvwiyuuhi yikalhstiihski athohkiiyaahski
training_data/processed/sentence_audio/Sentence_for_entry_0654.wav,iikaata taatseeliihstv tsuutaanhaawita tekeethoo'i
training_data/processed/sentence_audio/Sentence_for_entry_0536.wav,kalhtsoote aakiyvvlhv uukaanhaniilha
training_data/processed/sentence_audio/Sentence_for_entry_1143_01.wav,yuukaanhana lhawoothuuhi nitekalhstiihsko teekanvvnhvv'i
training_data/processed/sentence_audio/Sentence_for_entry_1534.wav,uutaahstvvtihsti keehsv waalhi'iloohiha yitvvyoohstii tikhanoowatvvhsti
training_data/processed/sentence_audio/Sentence_for_entry_0986.wav,nulhaniikvvkv khtiihskoo yuwaahsakwaleelha na uuthana kaakwathti
training_data/processed/sentence_audio/Sentence_for_entry_0540.wav,katoo aanatvvnee aniiyvvwi
training_data/processed/sentence_audio/Sentence_for_entry_1057.wav,kaakoo uuneehsti koowheeli hoowheeli'a
training_data/processed/sentence_audio/Sentence_for_entry_1221.wav,tso'inee iika tsikeehsv kvvwaanhikiita
training_data/processed/sentence_audio/Sentence_for_entry_0891.wav,tsuutanvvkalvvta nitowaanhvvna yiki tiitseehsto kaluuyhsti yanhkhilv'vka
training_data/processed/sentence_audio/Sentence_for_entry_1657.wav,uukheetaliiyvv aataaneela tsuweenvvhsvv'i
training_data/processed/sentence_audio/Sentence_for_entry_0941.wav,uutsi uutseeli iyuulhsthanvv kaniilhatiihsti uuwaaya
training_data/processed/sentence_audio/Sentence_for_entry_1708.wav,nikoohiilv uunvvti akinatiinvvti aakineehoo'i
training_data/processed/sentence_audio/Sentence_for_entry_0887.wav,hale nuuloohsv'i
training_data/processed/sentence_audio/Sentence_for_entry_0213.wav,koohuuhsti yakvvhskalvvneela ahiita aawhahthiihsko'i
training_data/processed/sentence_audio/Sentence_for_entry_0998.wav,khiloo kaahsvnhkvv uthvkana kilhi uutanaawhsthanvv'i
training_data/processed/sentence_audio/Sentence_for_entry_1165.wav,tso'i iikaahsvvthi ata tiikhiwahihsti aakwatuuliiha
training_data/processed/sentence_audio/Sentence_for_entry_0027.wav,kalvvkwhti koowheeli aahskaaka ataayhoonehti
training_data/processed/sentence_audio/Sentence_for_entry_0692.wav,hilaa iikaa tiinhawoohstohti teetsatuuliha
training_data/processed/sentence_audio/Sentence_for_entry_1445.wav,skwaantseehstv wuuweetoolv thoohi eetoohv ikoohiita
training_data/processed/sentence_audio/Sentence_for_entry_1634.wav,uuyhvvtlvvhs hinheeki
training_data/processed/sentence_audio/Sentence_for_entry_1767.wav,aniiwhsvvkihs uunvvnhsv teetsaha
training_data/processed/sentence_audio/Sentence_for_entry_1132.wav,hi'a tiikweetsi
training_data/processed/sentence_audio/Sentence_for_entry_0706.wav,tiikhthohti kvhti yuwhiiyakaathanha hiiyooliiki
training_data/processed/sentence_audio/Sentence_for_entry_0085.wav,kato uuhsti atiithahsti tsatuuli
training_data/processed/sentence_audio/Sentence_for_entry_1606.wav,haatlv wikaneela uulhoki
training_data/processed/sentence_audio/Sentence_for_entry_0607.wav,tsikwiihsti aniitsalaki tuunatloohsv talikwa ukvwiyuhi kawooniihskvv uunahthvvkooti uuniiyeelvvhsvv'i
training_data/processed/sentence_audio/Sentence_for_entry_0205.wav,ahooli uuleeyvvhsv uutiilhehki uukama aatiithahskvv'i
training_data/processed/sentence_audio/Sentence_for_entry_1575.wav,uulikoohvhsti iiyv tsuukalooka tsuutaleenhvvta tsuulhsuuwhita nitootakalhsthani
training_data/processed/sentence_audio/Sentence_for_entry_0153_01.wav,aahsano uwoolhvhtohti uukvvhalvvhvv'i
training_data/processed/sentence_audio/Sentence_for_entry_0396_01.wav,hihstuuhvvka kaloohihstii'i
training_data/processed/sentence_audio/Sentence_for_entry_0814.wav,kaatu uukanaahsta uwaathti atvvnv'ihstiiha
training_data/processed/sentence_audio/Sentence_for_entry_0768.wav,tsiiyuuhi tuuniihsohtsv ekwooni aniiyohski
training_data/processed/sentence_audio/Sentence_for_entry_1613.wav,lheehsti teetluhkvv tuunhaahstetlvv ythitluyhskeehsti
training_data/processed/sentence_audio/Sentence_for_entry_0053.wav,ikaata aniitsalaki uuniilvvkwhti aniitaaweehi tsuuniinhoohehtiiyi
training_data/processed/sentence_audio/Sentence_for_entry_1726.wav,uuhstii aatlooyhihvv kaathvvkii'a
training_data/processed/sentence_audio/Sentence_for_entry_0627.wav,tawooliyuuhsti kvhti uuhstuunhvv'i hsvvtooni kvvkuuhskvv'i
training_data/processed/sentence_audio/Sentence_for_entry_0325_02.wav,tsuunataahstuutii aaya'v uulthiihsvv'i
training_data/processed/sentence_audio/Sentence_for_entry_1095.wav,kalhtsoote kalhtsoothv kvvkuuhskoo yuukaanhana
training_data/processed/sentence_audio/Sentence_for_entry_0333.wav,alhstaayhti utaananeehsvvhvhsti uutuuliha
training_data/processed/sentence_audio/Sentence_for_entry_0751.wav,kato uuhsti tsuulhsuuwhita tuuliiyooha
training_data/processed/sentence_audio/Sentence_for_entry_0513.wav,hilaa aayaatholhvv hikooliiye'a
training_data/processed/sentence_audio/Sentence_for_entry_1257.wav,ookinaalii'i tsuweenvvhsvv witakeetooli
training_data/processed/sentence_audio/Sentence_for_entry_0435.wav,thamaalhi uwaanhsvv aahskwanuutska
training_data/processed/sentence_audio/Sentence_for_entry_1684.wav,na analaahskaliihski tiitsee tuunalhstuula
training_data/processed/sentence_audio/Sentence_for_entry_1252.wav,tsuunalhstaayhtii aatsinaalha'i ookinaalii'i
training_data/processed/sentence_audio/Sentence_for_entry_0253.wav,atsiila keelhohi uuwooniihsv taanatlohskvv'i
training_data/processed/sentence_audio/Sentence_for_entry_1465_01.wav,so'i tikhanvvhsuulv waayvvha
training_data/processed/sentence_audio/Sentence_for_entry_1176.wav,itsuula teehstiilvwhstaaneelv'i hsunaalee'i
training_data/processed/sentence_audio/Sentence_for_entry_0043.wav,kato uuhsti hataanhtheeha
training_data/processed/sentence_audio/Sentence_for_entry_1335.wav,khoohstu hilaki oohsii'i
training_data/processed/sentence_audio/Sentence_for_entry_1195.wav,vvhski iyuuhsti aakwatuuliiha
training_data/processed/sentence_audio/Sentence_for_entry_0064.wav,ahiitahs ateelhohkwaahsti tsalaki kawooniihihsti
training_data/processed/sentence_audio/Sentence_for_entry_0083.wav,tiinataaniyiihski tuukooha tiitaahihi uutiihskalhanvv'i
training_data/processed/sentence_audio/Sentence_for_entry_1441.wav,skoohi iyuwaanhilvv nituulhsinhiihsv kakaathoohstiihsko khanooheehskvv atayvvlathvhski aakihvv'i
training_data/processed/sentence_audio/Sentence_for_entry_0448.wav,taanhawa aalhihv aatsiihsoonvvnhe ahskaya
training_data/processed/sentence_audio/Sentence_for_entry_1535.wav,uutaawatiihskvv :natsaweehsoolvvhsti tsuuniilvvwhstaaneehi
training_data/processed/sentence_audio/Sentence_for_entry_0107.wav,hiiyooliikihs khiloo aatooniihski ateelhohkwaahski
training_data/processed/sentence_audio/Sentence_for_entry_1580_02.wav,oohsi na'vv uuwoolha uukaanawoohska
training_data/processed/sentence_audio/Sentence_for_entry_1646.wav,koohuuhsti yikoohseela aatseetstiihskoo'i
training_data/processed/sentence_audio/Sentence_for_entry_1430.wav,hihstuunhv hstuuti na wahka aaniiloohsonhvv'i
training_data/processed/sentence_audio/Sentence_for_entry_1475.wav,sunaalee tha'li yuwaanhilv tsikeehseehsti taahsvvhsti tiitloohihsti'i
training_data/processed/sentence_audio/Sentence_for_entry_0505.wav,uutoohiyu aathvhska
training_data/processed/sentence_audio/Sentence_for_entry_0864.wav,weehsa uukheeheena kiilhi weehsa tluhkvv'i uulvvhsvv'i
training_data/processed/sentence_audio/Sentence_for_entry_1773.wav,tsuwaahsvvhi nituulhsthanvv tsuwooyeeni tuyhvvtlateela
training_data/processed/sentence_audio/Sentence_for_entry_1120.wav,kvwaathuuwhita nuunatvvnhv aniiyohski
training_data/processed/sentence_audio/Sentence_for_entry_0685.wav,tikoohsiihsohti uuthayoolhv kalvvkwhti koowheeli uukooliiyee'a
training_data/processed/sentence_audio/Sentence_for_entry_0663.wav,tiinataahstooyeehski tsuunateelhohkwaahstii tuuteelhohkwa'vv'i
training_data/processed/sentence_audio/Sentence_for_entry_1518.wav,lha yakwaanhthe uutaanhiilke keehsvv'i
training_data/processed/sentence_audio/Sentence_for_entry_1620.wav,kaayuulahs tsaanhiha
training_data/processed/sentence_audio/Sentence_for_entry_0664.wav,tsayvvlhvv'ihs tsuunataahstuuti
training_data/processed/sentence_audio/Sentence_for_entry_1275.wav,nvvya kvvhti teekvvnhihv tuunhaalvvhsthanvv khantsihsteetsi
training_data/processed/sentence_audio/Sentence_for_entry_0520_02.wav,eelati waaya tikoowheelooti
training_data/processed/sentence_audio/Sentence_for_entry_1748.wav,ookinaalii'i uhsvv tuulvvwhihstaaneehoo'i
training_data/processed/sentence_audio/Sentence_for_entry_0362.wav,tskwiihsta yvvwi aanataalhiihsiiha tikaatuuhvv khoohi iika
training_data/processed/sentence_audio/Sentence_for_entry_0945.wav,tsuuntaahstuutii uulthiihsa uunhawo uuniiyaahsthanvv'i
training_data/processed/sentence_audio/Sentence_for_entry_0273.wav,aniitsiilvvhski tsuwaakhohtii aakhoote'a
training_data/processed/sentence_audio/Sentence_for_entry_1711.wav,koohiita aahv kaatoohi uunhtsi
training_data/processed/sentence_audio/Sentence_for_entry_0169.wav,tlookeehsi tiitla taahi'li wahka
training_data/processed/sentence_audio/Sentence_for_entry_1363_01.wav,kaayuulahs tsvvkheewhsa nuuweehsvv'i
training_data/processed/sentence_audio/Sentence_for_entry_0808.wav,kato uuhsti uulhsuuwhita thihsuuwhihs
training_data/processed/sentence_audio/Sentence_for_entry_0056.wav,aataweelakiihskvv tuuleeyhthanv kaahsohii'i
training_data/processed/sentence_audio/Sentence_for_entry_1755.wav,uutskwalvvthv uulhskwaalhseelv lhkv tootsuulhthatiina
training_data/processed/sentence_audio/Sentence_for_entry_1426_02.wav,staaya tuulvvwhihstaane
training_data/processed/sentence_audio/Sentence_for_entry_0956.wav,lha yakwatuuli koohuuhsti kanoohskiita akhiwahihstii'i
training_data/processed/sentence_audio/Sentence_for_entry_1625.wav,uunhvvhsiiyv whaleehvvka
training_data/processed/sentence_audio/Sentence_for_entry_0830.wav,kalhkwooki tsuuhsvvhita hsvvntootakwaahsti nikalhstiihskoo'i
training_data/processed/sentence_audio/Sentence_for_entry_0682.wav,iikaata tikaathihsti taanhtiihsko tsiihstvvna yituuniiyhala
training_data/processed/sentence_audio/Sentence_for_entry_0800.wav,kanootsi kvhti uuwaatloolhv khaneehsa'i
training_data/processed/sentence_audio/Sentence_for_entry_0060.wav,tsalvvkwhtihs tsatawoohsti
training_data/processed/sentence_audio/Sentence_for_entry_1528.wav,oohsiikwutvv aakwataanhtha nookwu
training_data/processed/sentence_audio/Sentence_for_entry_0892.wav,uuthana tluhkv'i kaluuyhska
training_data/processed/sentence_audio/Sentence_for_entry_0545.wav,tshuhkahs tiihihstohti tsaneeha
training_data/processed/sentence_audio/Sentence_for_entry_1790.wav,aakinuulvvnhvv tiikiihsohihstii uweeyvv'i hstaayi kanoohuukiihskvv iyuuhsti
training_data/processed/sentence_audio/Sentence_for_entry_0994.wav,nikoohiilvv kaahskilvv kalhiho na weehsa
training_data/processed/sentence_audio/Sentence_for_entry_1596.wav,skoohi iyuulhiiloota kaata uuha
training_data/processed/sentence_audio/Sentence_for_entry_1102.wav,kato uuhsti tsvvnhihsti
training_data/processed/sentence_audio/Sentence_for_entry_1295.wav,khanookeeni uulhskwaalhseelv uunvvtsa
training_data/processed/sentence_audio/Sentence_for_entry_1614.wav,nvvya uuthana aahv uunhaahskwaloo'vv'i
training_data/processed/sentence_audio/Sentence_for_entry_0801_02.wav,katoo tsalhstaanheeha tsi'lvvhska
training_data/processed/sentence_audio/Sentence_for_entry_1662.wav,kvvkiihsti uuniikhtha aalhsiinhtiihskoo
training_data/processed/sentence_audio/Sentence_for_entry_0714.wav,tiihseehihsti aahskiliiyvvhsv khsteela
training_data/processed/sentence_audio/Sentence_for_entry_0015_02.wav,atakee ayoolhi uunvvtikwu iikaa aatiithahskoo'i
training_data/processed/sentence_audio/Sentence_for_entry_1497.wav,keethvv uukhi'la thawooti
training_data/processed/sentence_audio/Sentence_for_entry_0779.wav,eeliihsti yikhanoohvvli naanhaa eekvv'i
training_data/processed/sentence_audio/Sentence_for_entry_0042.wav,ataanhto yuuleewhihsthana aayoohuuhsko yvvwi
training_data/processed/sentence_audio/Sentence_for_entry_0801_01.wav,katoo atvvne lha utli ika koohuuhsti tikoowheelikwu teetsikooliiye'a
training_data/processed/sentence_audio/Sentence_for_entry_0862.wav,katoo uuhsti kalanvvti hineela
training_data/processed/sentence_audio/Sentence_for_entry_0412.wav,tlha uuhskanvvhsti yuutuuliha
training_data/processed/sentence_audio/Sentence_for_entry_0126.wav,akayvvli hsalooli tsuuyho kiilhi uunaalha eetuutsi
training_data/processed/sentence_audio/Sentence_for_entry_0853.wav,uuyhvvtla tsaakiniiyiihskvv akanakhthi aakiitsayoolhvv'i
training_data/processed/sentence_audio/Sentence_for_entry_0953.wav,tiitaatloohsti tsuwoolhvhtohti kanootsi uutuuliiha
training_data/processed/sentence_audio/Sentence_for_entry_1096_02.wav,tsalaki kvhti tuulhinoohehthanvv'i
training_data/processed/sentence_audio/Sentence_for_entry_0671.wav,aakwalhtsvv naanhaa koolhvvhsvv tiitloohihstii'i
training_data/processed/sentence_audio/Sentence_for_entry_0836.wav,kalhtsoote takaaneehskeehi
training_data/processed/sentence_audio/Sentence_for_entry_0851.wav,kalhtsoote uuyvvhsti yuutuli weehsa kaloohihstii teekaatsalkoohskoo'i
training_data/processed/sentence_audio/Sentence_for_entry_1740.wav,lha hskwu yakikoohee uuhsoothvv tsitsitookvv'i
training_data/processed/sentence_audio/Sentence_for_entry_1581.wav,thaliine ukanhta'tv koowheela khanookiihsti
training_data/processed/sentence_audio/Sentence_for_entry_0305.wav,uwooyeeni uuweehihstaaneehv iyuuhsti lha yuulaahskalvvhee'i
training_data/processed/sentence_audio/Sentence_for_entry_0790.wav,hilaa nuweethiiya na kaata'ti
training_data/processed/sentence_audio/Sentence_for_entry_0462.wav,koohsti uuyo aahsvvka
training_data/processed/sentence_audio/Sentence_for_entry_0302.wav,tsuukiitalhi tikaanhti tiikwhsto tuuniilvvkwhti aniitsalaki
training_data/processed/sentence_audio/Sentence_for_entry_1706.wav,tsakhsehsteehsti kiilhiihs uuneekuutsita uuniinaatlha'i
training_data/processed/sentence_audio/Sentence_for_entry_0163.wav,awhi hawiya oohsti akiihsti
training_data/processed/sentence_audio/Sentence_for_entry_1092.wav,taaniihstayoohihvv ika uuwuuthanhvv'i
training_data/processed/sentence_audio/Sentence_for_entry_0645.wav,kato hatvvne tehvhkiiloo'ahs
training_data/processed/sentence_audio/Sentence_for_entry_0681.wav,tikaathti wakilha kaatu
training_data/processed/sentence_audio/Sentence_for_entry_0543.wav,tshaneela teelv thi'vhsi
training_data/processed/sentence_audio/Sentence_for_entry_0469.wav,tsaanhthahs iyuuhsti keehsvv athalhawoohihsti
training_data/processed/sentence_audio/Sentence_for_entry_0575.wav,taakwhalvvhsa'tv taakiikhaneeheeha
training_data/processed/sentence_audio/Sentence_for_entry_0155.wav,kaatu uukanaahsti akvvhalvvta hskhvhsi
training_data/processed/sentence_audio/Sentence_for_entry_0900.wav,kaatoohi aathaleehsvv uulvvnv iinata uliiwhootsvv'i
training_data/processed/sentence_audio/Sentence_for_entry_0552.wav,tootvvtanilvvtsihs heli
training_data/processed/sentence_audio/Sentence_for_entry_0478.wav,kaniyeekoo kokhstii tiithahskiihski taahskwankootv na'v'i
training_data/processed/sentence_audio/Sentence_for_entry_0988.wav,kaahsaleeni hanhawoo'vv tooyi heehsvv'i
training_data/processed/sentence_audio/Sentence_for_entry_1056_02.wav,kaakoo nitayuunvvnvv koowheeli hinaki
training_data/processed/sentence_audio/Sentence_for_entry_0557.wav,wahskwalahiyvv uutaalhkvv kalvvkwhti koowheeli 'tsiihsa tuutlooyhilvv'i' aatiiha
training_data/processed/sentence_audio/Sentence_for_entry_0495.wav,koohuuhsti aathooyaawhskv tsikoowhthiiha
training_data/processed/sentence_audio/Sentence_for_entry_0519.wav,tsthvvkaanvvhs tsithaaka akiihsa ayhkvv'i
training_data/processed/sentence_audio/Sentence_for_entry_0921.wav,tsuuniilvvwhstaaneehi uunatiithahsti ama uuneewhiitvvhvv'i
training_data/processed/sentence_audio/Sentence_for_entry_0970.wav,staayi uunvvtsv aalaahskaliihskvv'i
training_data/processed/sentence_audio/Sentence_for_entry_0316.wav,hilaayvv eeliikwu yhaleena teetsalvvwhihstaaneehv
training_data/processed/sentence_audio/Sentence_for_entry_0913.wav,nituuneekalvvtakwu taahstiikiihskoo kaakami iika tsuulvvkwhti
training_data/processed/sentence_audio/Sentence_for_entry_1476.wav,sunaalee itiitla hi'luhtsvv'i
training_data/processed/sentence_audio/Sentence_for_entry_0874.wav,uweetsi atshuutsa ulvvnhilv'i
training_data/processed/sentence_audio/Sentence_for_entry_1023_02.wav,uunaliikoohsvv uunataalhoohsa uuneelhunhv analaahskaliihski
training_data/processed/sentence_audio/Sentence_for_entry_0906.wav,haatlvv tsanaawhthvvhee na ataatloohsti
training_data/processed/sentence_audio/Sentence_for_entry_0639_02.wav,halaa iikaa hsohi toothvvthohiihsi
training_data/processed/sentence_audio/Sentence_for_entry_1133_02.wav,hilaa iikoohiita tsvhtohti tsatuuli
training_data/processed/sentence_audio/Sentence_for_entry_1495.wav,kato uuhsti teehoolhvhtiihskoo thaluutsa
training_data/processed/sentence_audio/Sentence_for_entry_1219.wav,tso'i tsuuhsvvhita witakeetooli nvvtaaki
training_data/processed/sentence_audio/Sentence_for_entry_0269.wav,akanakhthi tiikhihsti tuunheelv uutlvvki
training_data/processed/sentence_audio/Sentence_for_entry_0934.wav,nvvwoothi ataahihi kanhtsiitooha
training_data/processed/sentence_audio/Sentence_for_entry_0244.wav,hilaa iyanii tsithaaka aniita uunatsa'iihsee'i
training_data/processed/sentence_audio/Sentence_for_entry_0499.wav,athuukiihsti uuneenheelvv'i
training_data/processed/sentence_audio/Sentence_for_entry_1130.wav,lheehsti vvhski yinhatvvneeheehsti
training_data/processed/sentence_audio/Sentence_for_entry_1499.wav,yvwi nanalihstulehskvna yiki thina kvvwaniilvvkoo'i
training_data/processed/sentence_audio/Sentence_for_entry_0950.wav,tsiiyu kanoohiilvvhsta
training_data/processed/sentence_audio/Sentence_for_entry_1050.wav,koolhvvnhv eekhsteela
training_data/processed/sentence_audio/Sentence_for_entry_0350.wav,hila iika tsakwhiyvvhe na alhskweethuwo
training_data/processed/sentence_audio/Sentence_for_entry_0437.wav,uunaalii'i kanvvwo uuhsihthatvv'i
training_data/processed/sentence_audio/Sentence_for_entry_0871.wav,tlookeehsi weetooha hseelu witikaliiha
training_data/processed/sentence_audio/Sentence_for_entry_0215.wav,tsuweenvvhsvv uuwhiitvvhshe hskwaalheehsti
training_data/processed/sentence_audio/Sentence_for_entry_0015_01.wav,aniitakee thuuya aniitsee tuuwhahsv tiitaananvv'i
training_data/processed/sentence_audio/Sentence_for_entry_0296.wav,ikaata aniitsalaki akhthoohvhihsti uuniiha
training_data/processed/sentence_audio/Sentence_for_entry_0488.wav,nikoohiilvv athiyoohsti uuyhohoo'i
training_data/processed/sentence_audio/Sentence_for_entry_1460.wav,sookwili taanthohkiiyaahstiiha
training_data/processed/sentence_audio/Sentence_for_entry_1005.wav,salooli kaathohka kata'a keethvv'i
training_data/processed/sentence_audio/Sentence_for_entry_0792.wav,katakwala kolhvhthanvv kanvvnoowa uuwaaya
training_data/processed/sentence_audio/Sentence_for_entry_0388.wav,na uhsti atshuutsa uutoota aahstaawateeka
training_data/processed/sentence_audio/Sentence_for_entry_1171.wav,hi'a ahskaya ikvyii kawooniihski
training_data/processed/sentence_audio/Sentence_for_entry_0850.wav,uweethi anhawoo uuwaatsakalvvhv takwaleela uunvvkalhtohti
training_data/processed/sentence_audio/Sentence_for_entry_0932.wav,tsuuniilvvwhstaaneehi uunatiithahsti ama tsinvvtseeka
training_data/processed/sentence_audio/Sentence_for_entry_0147.wav,akoohsti hawiiya uukv lhvvtatsi
training_data/processed/sentence_audio/Sentence_for_entry_1627.wav,svvhi tsikeehsv takwaleela aakhiwahsvv'i
training_data/processed/sentence_audio/Sentence_for_entry_1753.wav,uuthanoolvvta tuuleeyhthanvv'i
training_data/processed/sentence_audio/Sentence_for_entry_0095.wav,lha yitsikoowahtha aatleehskvv'i
training_data/processed/sentence_audio/Sentence_for_entry_1569.wav,uutoohiyuu oohsta nhatvvka eetsakooliiyeehskvv'i
training_data/processed/sentence_audio/Sentence_for_entry_0295.wav,tsalvvkwhtihs atayvvlthvhski hakhthohstohtii
training_data/processed/sentence_audio/Sentence_for_entry_1658.wav,kato uuhsti uukhsatha tsatlaawatvv'i
training_data/processed/sentence_audio/Sentence_for_entry_1604.wav,tikaakeeta taahsalatiihskvv uulhiniikita nuulhsthanvv'i
training_data/processed/sentence_audio/Sentence_for_entry_0625.wav,yuuneehstalata tekanvvnhvv tawiihskvvhi niteekalhstiihskoo'i
training_data/processed/sentence_audio/Sentence_for_entry_1729.wav,uuhstineeka'lv aatlakohska
training_data/processed/sentence_audio/Sentence_for_entry_1532.wav,uutanvvhiita eelati uunhikiihsvv'i
training_data/processed/sentence_audio/Sentence_for_entry_0680.wav,tikanuulatsi tsuuyhvvkiihsathi
training_data/processed/sentence_audio/Sentence_for_entry_1045_02.wav,skwoohiyhtaanehti aakwatuuliha
training_data/processed/sentence_audio/Sentence_for_entry_0571.wav,titsee ata tuuhvvthanv oohsii'i
training_data/processed/sentence_audio/Sentence_for_entry_0171.wav,hihiiyvv'i a takwaleela iihanhikiihsvv'i
training_data/processed/sentence_audio/Sentence_for_entry_0337.wav,kalhtsoote uuyvvlha uulhstuuleehsvv'i
training_data/processed/sentence_audio/Sentence_for_entry_0967.wav,na uulhiniikita ahskaya thaluukiihski kanuutheeyoha
training_data/processed/sentence_audio/Sentence_for_entry_1036.wav,kiilhi uunhaalvvhi tsiikoowahthiiha
training_data/processed/sentence_audio/Sentence_for_entry_1526.wav,ama uutaneehv aatawo'a tsiihskwa
training_data/processed/sentence_audio/Sentence_for_entry_0905.wav,hi'a hsookwili kaana'li
training_data/processed/sentence_audio/Sentence_for_entry_1513.wav,kato uunhsti thuuya hi'a
training_data/processed/sentence_audio/Sentence_for_entry_0951.wav,yvvtaahaa tsiihstvvnooyi uuweeyv kanoohuukiihskoo'i
training_data/processed/sentence_audio/Sentence_for_entry_0653.wav,kaako uutseeli hi'a tiitaalhiiloohsthanvv'i
training_data/processed/sentence_audio/Sentence_for_entry_1622.wav,uunhoohsta taakvvwalhtiihskoo ahtlhvvti oohsta yinuwaaneela
training_data/processed/sentence_audio/Sentence_for_entry_1181.wav,ilvvhski iyuulhiiloota eelata uunhikiihsvv'i khila uutaatsaaneelee'i
training_data/processed/sentence_audio/Sentence_for_entry_1372.wav,tskwiihsti nokwhsi aaniikha'la khoohi uhsvv'i
training_data/processed/sentence_audio/Sentence_for_entry_1366.wav,takhsi nuuwaanhthanvv kaloohihstii'i
training_data/processed/sentence_audio/Sentence_for_entry_0577.wav,kaako teetsakhanhawatiitooha
training_data/processed/sentence_audio/Sentence_for_entry_0612.wav,kato uuhsti tsakiihse taaniihstayoohihvv'i
training_data/processed/sentence_audio/Sentence_for_entry_0004.wav,na aniitshuutsa hskwaalheehsti taanaaneeloohvhska
training_data/processed/sentence_audio/Sentence_for_entry_1106.wav,nuuna tikvvtsalhanv tuulvvkwhti
training_data/processed/sentence_audio/Sentence_for_entry_0833.wav,khila uuhsv kaayuula kalhihoo'i
training_data/processed/sentence_audio/Sentence_for_entry_0606.wav,uunatootakwonhvv taanataahi'liitooheehsti
training_data/processed/sentence_audio/Sentence_for_entry_1153.wav,yhahthooli hstuuti khthoo'a wikaloohihstii tsuweenvvhsv yooka
training_data/processed/sentence_audio/Sentence_for_entry_1261.wav,tsvvhskiinoo'ihs eehi hseetani
training_data/processed/sentence_audio/Sentence_for_entry_0346.wav,khila waki'luhtsvwu uulhskwa'tv taaniiwoonihskv'i
training_data/processed/sentence_audio/Sentence_for_entry_1522.wav,uutale'i koohuuhsti akwvvnhi
training_data/processed/sentence_audio/Sentence_for_entry_0863_01.wav,ayeelhi uuleehsv uutlaawatvv'i
training_data/processed/sentence_audio/Sentence_for_entry_1550.wav,soo'i khaleehsti aakwatlanvta'teeheehsti wikvwahthvvhiitaahstii'i
training_data/processed/sentence_audio/Sentence_for_entry_0255.wav,atsiilvvhi wuutiinvvhsv tshinoohska
training_data/processed/sentence_audio/Sentence_for_entry_1426_01.wav,hi'a nvvya ahstaaya
training_data/processed/sentence_audio/Sentence_for_entry_0595.wav,uunuulvvhvhskeehst tsuulehti teehiiyaleethanvv'i
training_data/processed/sentence_audio/Sentence_for_entry_1556.wav,kaakoo yikoohiyhta uutloonaahsti keehsvv'i
training_data/processed/sentence_audio/Sentence_for_entry_0662.wav,hihski iyanii tiinataahstaayvvhvhski tuuhsuuyeehsv un:ataahstaayhtii'i
training_data/processed/sentence_audio/Sentence_for_entry_0838.wav,amaayi yuuhsuunheena kalhtsoothv waya'oo'i
training_data/processed/sentence_audio/Sentence_for_entry_0623.wav,hilaa aatlhiiliihsvv tsaleenvvhe teehitheehskvv'i
training_data/processed/sentence_audio/Sentence_for_entry_1028.wav,hilaa tsuukvvwalhti tikeliihski
training_data/processed/sentence_audio/Sentence_for_entry_0605.wav,taamaka hstaaya aataahskalhkoo'i
training_data/processed/sentence_audio/Sentence_for_entry_1794.wav,uwookilhi tsuuneelhtohti uutuuliha
training_data/processed/sentence_audio/Sentence_for_entry_1307_01.wav,tiitaanhvvwiihski uunhvvwaanv atshuutsa kaleeni uuweehstaanehvv'i
training_data/processed/sentence_audio/Sentence_for_entry_1277.wav,uhstii khanaahsatvv uutaayheelhalv ayeelhsti kvvhti
training_data/processed/sentence_audio/Sentence_for_entry_1741.wav,nikoohiilvv uutanvvkalvvta keehsoo uuhsthihkvv'i
training_data/processed/sentence_audio/Sentence_for_entry_0142.wav,aniikoola anoohsta tikaayheehsti
training_data/processed/sentence_audio/Sentence_for_entry_0884.wav,hiiloonhta tskooya nuunv tsuukhila
training_data/processed/sentence_audio/Sentence_for_entry_0741.wav,tshief tuutoo'a kiilhi akwatseelii'i
training_data/processed/sentence_audio/Sentence_for_entry_0393.wav,nvvyahs uuhstoohsti tsatuuli
training_data/processed/sentence_audio/Sentence_for_entry_1088.wav,kuule taaniikiihskoo'i hsalooli
training_data/processed/sentence_audio/Sentence_for_entry_1054.wav,tsoolani kaathinvvthvv uwoohohsvv'i
training_data/processed/sentence_audio/Sentence_for_entry_0007.wav,tsithaaka aniita tsuuthvhihstohti aataanhtheeha
training_data/processed/sentence_audio/Sentence_for_entry_1306.wav,kato uuhsti khanvvhsuulv aaya'a uutlvvki
training_data/processed/sentence_audio/Sentence_for_entry_1393.wav,lheehsti tsatiithahvv'i na nvvwoothi ataahihi
training_data/processed/sentence_audio/Sentence_for_entry_0510.wav,ayanuuli aa'iihsvv'i
training_data/processed/sentence_audio/Sentence_for_entry_1549.wav,tinhawo tsunolhvhti utlanvta tikalvwhihstanhti'i
training_data/processed/sentence_audio/Sentence_for_entry_1655.wav,uukhayootvv haa'iihseehsti
training_data/processed/sentence_audio/Sentence_for_entry_1692.wav,lha koohuuhsti yakwvvneeho uulvvta
training_data/processed/sentence_audio/Sentence_for_entry_1315.wav,siihs hvhtliiha kaluyhsti
training_data/processed/sentence_audio/Sentence_for_entry_1037.wav,kiilhi tikaleenvvhiita taahsuwhihskv kaathvvkii'a
training_data/processed/sentence_audio/Sentence_for_entry_1239.wav,tsuukhsvvhsti uuhayvvlhee aanatiiha
training_data/processed/sentence_audio/Sentence_for_entry_0893.wav,haalhv tikaataaha tiinhawo tikalvvtohti
training_data/processed/sentence_audio/Sentence_for_entry_1501.wav,ilvhiyuuhs hiiko'v tlhvvteekwa
training_data/processed/sentence_audio/Sentence_for_entry_0702.wav,tso'iiha tiitse tiikhtlatiihski tuuniiha tiinhtlatiihski
training_data/processed/sentence_audio/Sentence_for_entry_0889.wav,katoohv nuunaaleenvvta koohuuhstikhe kaluulooke
training_data/processed/sentence_audio/Sentence_for_entry_1694.wav,suutali ikaa ama tsuutliihstohti tsuulvvhsata tuuwhahsvv'i
training_data/processed/sentence_audio/Sentence_for_entry_0219.wav,uwootuuhi aayhalhti uukiihsvv uuteethiyiihskvv'i
training_data/processed/sentence_audio/Sentence_for_entry_0079.wav,anhawoo uulkvvhaluuyhv uutikaleetsootsv hstaaya uunoolvvna
training_data/processed/sentence_audio/Sentence_for_entry_1444.wav,na tiiniiyoolhi hskwaalheehsti tsuu aaneelhtohtii uunatuliiha
training_data/processed/sentence_audio/Sentence_for_entry_1183.wav,kato uuhsti iinata wikaniiyeekvv'i
training_data/processed/sentence_audio/Sentence_for_entry_1666.wav,tsuulaahsihteeni tuukhsatha tuunhawoohstvv'i
training_data/processed/sentence_audio/Sentence_for_entry_1468.wav,suutali iyuwaanhilvv hsunaalee tiitla uuyeehstiihskoo'i waatsi
training_data/processed/sentence_audio/Sentence_for_entry_1747.wav,hilaa iyvv tatsvvlhi
training_data/processed/sentence_audio/Sentence_for_entry_0057.wav,ataweelakiihski uunoolhvhtii tsuulvvwhihstaaneelv eetoota
training_data/processed/sentence_audio/Sentence_for_entry_0672.wav,lheehsti tiitlvvkwhihstohti ikvvyi tiitla tsiniitsatvvnheeli
training_data/processed/sentence_audio/Sentence_for_entry_1548.wav,uuhstiikhi uunhuwv iyuuhsti uutiiyvvta'tv uukhsathvv'i
training_data/processed/sentence_audio/Sentence_for_entry_0820.wav,kakaweehsti aakwhthoolv'eelv hsvvhi tsikeehsvv'i
training_data/processed/sentence_audio/Sentence_for_entry_1705.wav,lheehsti too tsaneekuutsa
training_data/processed/sentence_audio/Sentence_for_entry_1312.wav,hilaa iyvv tsikeehsvv uuwhteetsee aniineeli lha yakwaanhthe neehvvna keehsvv'i
training_data/processed/sentence_audio/Sentence_for_entry_0713_02.wav,tiiniitaanhawi tsaa'ihsv wuukooha uulthiihsvv'i
training_data/processed/sentence_audio/Sentence_for_entry_0561.wav,tikaatuuhvv wikaluhtsvv ahskaya takwaleela tayuwhahsi
training_data/processed/sentence_audio/Sentence_for_entry_1784.wav,kaakoo uuyhanvvhe uweetsi ahskaya
training_data/processed/sentence_audio/Sentence_for_entry_1543.wav,thihstaayiita na tsuutiikwalvvteeyita
training_data/processed/sentence_audio/Sentence_for_entry_0666.wav,ateela tiinataathoolhstiihski uunatoolhvvnhv uuthana kaatuuhvv'i
training_data/processed/sentence_audio/Sentence_for_entry_0818.wav,aahsiilatv katv'vhska akwanhawo
training_data/processed/sentence_audio/Sentence_for_entry_0385.wav,akaaliihskvv wuunvvna iinata kaneeka uuhstakayvvlhvv'i
training_data/processed/sentence_audio/Sentence_for_entry_0050.wav,suuteethiyvvta iyuutaali itsee takwaleela aatanvvhskoo'i
training_data/processed/sentence_audio/Sentence_for_entry_0445.wav,aahsooyhvv uukhi'la tsithaaka atshvvya
training_data/processed/sentence_audio/Sentence_for_entry_1781.wav,uweetsi atshuutsa aayhoha
training_data/processed/sentence_audio/Sentence_for_entry_0615.wav,oohsi ataahstaayhti tsuuhvvthti ata taahslhuuhska
training_data/processed/sentence_audio/Sentence_for_entry_0711_02.wav,khoohiiyv takaluhtsi tiinataanhvvtlhi
training_data/processed/sentence_audio/Sentence_for_entry_0942.wav,na ahskaya kaniilhi ayuuwhahsi
training_data/processed/sentence_audio/Sentence_for_entry_0397.wav,kalhkwooki iyuwaanhilvv aahstu'iihsko aataana'nvv'i
training_data/processed/sentence_audio/Sentence_for_entry_0444.wav,itsee uuhsooyhalv tlookeehsi
training_data/processed/sentence_audio/Sentence_for_entry_0961.wav,ayv tsinaahsiinuuka lheeka
training_data/processed/sentence_audio/Sentence_for_entry_0080.wav,ayanuuli aatiikwalvvteeyoha kaakwathvv aleewhihstohtohtii'i
training_data/processed/sentence_audio/Sentence_for_entry_0789.wav,kato uuhsti na tsika'ta'a keethvv'i
training_data/processed/sentence_audio/Sentence_for_entry_0218.wav,nuuna thiyhahkheetsa
training_data/processed/sentence_audio/Sentence_for_entry_1812.wav,vvtali iinahsuunhuuka
training_data/processed/sentence_audio/Sentence_for_entry_1681.wav,kaatsanuuli aa'i uulookilv
training_data/processed/sentence_audio/Sentence_for_entry_0497.wav,skwatskooneehahs
training_data/processed/sentence_audio/Sentence_for_entry_0845.wav,iinata uuliiwhootsvv kanhiitooha
training_data/processed/sentence_audio/Sentence_for_entry_0674.wav,hilaa iikaa teekoolhv tsuunilaawihstii talikwa katuuhvv'i
training_data/processed/sentence_audio/Sentence_for_entry_0357.wav,amayeelhi tiiweenvvhsv aya
training_data/processed/sentence_audio/Sentence_for_entry_0051.wav,ataahstaayhtiaaya'a tiitheeliito teekvvtiiye'a
training_data/processed/sentence_audio/Sentence_for_entry_0846.wav,anhawo kaayha'tlvv naatvnhteehsta
training_data/processed/sentence_audio/Sentence_for_entry_0352.wav,aniitsiilvvhski tsuulhsvvhstohti uulvvkwhti
training_data/processed/sentence_audio/Sentence_for_entry_0323.wav,aali'i uulhskeeta yvvwi aaneehvv'i
training_data/processed/sentence_audio/Sentence_for_entry_1848.wav,khanooheeta aniihiitoohi keehso iikaata wooyi
training_data/processed/sentence_audio/Sentence_for_entry_0309.wav,tiilaahsuulo tsuulooneeti uuwaakheewa
training_data/processed/sentence_audio/Sentence_for_entry_1272.wav,uhseekaatsvv uunhaluuhsvv ootalvv'i
training_data/processed/sentence_audio/Sentence_for_entry_1529.wav,uutooyuu uutaanhthi alhinoohetohti
training_data/processed/sentence_audio/Sentence_for_entry_1134.wav,hilaayv wikvvwhthvvhiitaahsti tsatuuliha
training_data/processed/sentence_audio/Sentence_for_entry_0718.wav,lha yatheeyvvhska tiitheehsti
training_data/processed/sentence_audio/Sentence_for_entry_0207.wav,haalhvv yiteetsiyvvwahtha oohsi tiihuutsawooltvvta
training_data/processed/sentence_audio/Sentence_for_entry_1541.wav,elikwuhs yikhstela utelihskalvhv kalehsv takwalela
training_data/processed/sentence_audio/Sentence_for_entry_0419.wav,uhsti atshuutsa kiilhi uuliwhootsv uhskonhilvv'i
training_data/processed/sentence_audio/Sentence_for_entry_0726.wav,tluutlu uuniiyvvhsti uuwoolhvvnhe uhsti atshuutsa
training_data/processed/sentence_audio/Sentence_for_entry_1477.wav,sunaale hsvvhiyeeyi ikvvko'vv'i
training_data/processed/sentence_audio/Sentence_for_entry_0742.wav,staaya uuneelhthanvv tsuutookhthohti nikeehsvvna
training_data/processed/sentence_audio/Sentence_for_entry_0621.wav,uhsvv yinuulhsthana kiilhi taahsuuwhihskoo'i
training_data/processed/sentence_audio/Sentence_for_entry_0086.wav,khemili tskwiihsta ama aanatiithahskoo'i
training_data/processed/sentence_audio/Sentence_for_entry_0256.wav,kookeeyi aaniitsiilvvhsko aniitsiilvvhski
training_data/processed/sentence_audio/Sentence_for_entry_0881.wav,ka'lonhi khalv uteethiyiihski
training_data/processed/sentence_audio/Sentence_for_entry_0297.wav,seekaatsvv uukhthvvleehsv uhsti uutlanvvtvv'i
training_data/processed/sentence_audio/Sentence_for_entry_1115.wav,khiloo tayaa'i hvvhskalata kalookwe
training_data/processed/sentence_audio/Sentence_for_entry_1186.wav,iihsa whiki tikaatuuhvv'i
training_data/processed/sentence_audio/Sentence_for_entry_1514.wav,hihstuhvvka kaloohihstii'i thvhka teehiyhtiiha
training_data/processed/sentence_audio/Sentence_for_entry_0074.wav,aataaneelvv kaateeyoha
training_data/processed/sentence_audio/Sentence_for_entry_1101_02.wav,khilo kvvnhi kaloohihstii'i
training_data/processed/sentence_audio/Sentence_for_entry_0299.wav,haatlvv akhuukiihsti ama aakhthateekii'a
training_data/processed/sentence_audio/Sentence_for_entry_1770.wav,katoo nikaa tsvvnvvka
training_data/processed/sentence_audio/Sentence_for_entry_1645.wav,kiikakee uulhsuuwhita takwaleela uutseeli
training_data/processed/sentence_audio/Sentence_for_entry_1454.wav,hila iyuutaakeeta na hsihkwa
training_data/processed/sentence_audio/Sentence_for_entry_1136_01.wav,tsayoohsihahs lha
training_data/processed/sentence_audio/Sentence_for_entry_0876.wav,haalhvv tsa'tee kalookooti
training_data/processed/sentence_audio/Sentence_for_entry_1113.wav,hilaa iyvv kvvnhskoo khanuukalhi
training_data/processed/sentence_audio/Sentence_for_entry_0904.wav,kaakoo na kaanaali ahskaya
training_data/processed/sentence_audio/Sentence_for_entry_1654.wav,neelaki tsuukaanhanvv hsvvhi kaayuula uukhayoota iiki kaatoohi
training_data/processed/sentence_audio/Sentence_for_entry_0524.wav,hilaa aatlhii'iliihsvv hiyoohihstiihskoo teetsalvvwhstaaneehvv
training_data/processed/sentence_audio/Sentence_for_entry_1304.wav,khanuuyoolatiihskvvtvv tsitatsiiyvv'a
training_data/processed/sentence_audio/Sentence_for_entry_0262.wav,uunaakalvvha anaakaliihski tiitsvvhsti tuhtloohsvv'i
training_data/processed/sentence_audio/Sentence_for_entry_0677.wav,eeliikwuuhs nikaa'a tikalvvnvvhi heeli'a
training_data/processed/sentence_audio/Sentence_for_entry_0011.wav,uwootuuhi ataatloohsti uutaatloolhvv'i tikaatuuhv uuweena
training_data/processed/sentence_audio/Sentence_for_entry_0091.wav,haalhv iyvv uutleehsee'i
training_data/processed/sentence_audio/Sentence_for_entry_0556.wav,kooki taanateelhkwaahskvv taateeyhohvhskoo'i
training_data/processed/sentence_audio/Sentence_for_entry_1566.wav,iyvvtaahaa uunatootakwiiteena taakilvvwhstaaneehoo'i
training_data/processed/sentence_audio/Sentence_for_entry_1299.wav,tso'i iyanvvti iyuutaali khanoohiiyeeki aanalhstaayvvhvhskoo aniitsalaki tiinataawoohski
training_data/processed/sentence_audio/Sentence_for_entry_1803.wav,uuyeeloo'ihsti uuleewhihstohthanvv takwaleela
training_data/processed/sentence_audio/Sentence_for_entry_0105.wav,eeliikwuuhs yhiiyatlvvtha heeli
training_data/processed/sentence_audio/Sentence_for_entry_1687.wav,khiloo tsoolana uulhskwaluuta aahseenhoo lha yakwaanhtha vvhski keehsvv'i
training_data/processed/sentence_audio/Sentence_for_entry_1647.wav,uutsetsti tsiiyatiinvvthanv uhsvv tsikeehsvv'i
training_data/processed/sentence_audio/Sentence_for_entry_1025.wav,ke'i tiitla waa'iihsv tsuuwitsiiko'v khoohii'i
training_data/processed/sentence_audio/Sentence_for_entry_0527.wav,lha khiloo yikvvtiihskalaahs ayoohuuhihsti
training_data/processed/sentence_audio/Sentence_for_entry_1298.wav,aahsee'ihs hiinoohiiyee'i
training_data/processed/sentence_audio/Sentence_for_entry_0405.wav,uukvvwiyuuhi yikalhstiihski keehsvv uuhseehsvvhvv'i
training_data/processed/sentence_audio/Sentence_for_entry_0697.wav,nikatu yakwateethiyvvt tsikeehsvv aakwateelhohkwa'v tiitsalaki tiikikooliiyeetii
training_data/processed/sentence_audio/Sentence_for_entry_0420.wav,tsiihskhooli hahskooliiya aakweehihstaaneeha
training_data/processed/sentence_audio/Sentence_for_entry_1236.wav,tsuutsayoohsti uyaanv aahsiilatvhska tlookeehsi
training_data/processed/sentence_audio/Sentence_for_entry_0567.wav,tikaatuuliita tuunhuwvv tuunhawa'iiyvvhsee'i
training_data/processed/sentence_audio/Sentence_for_entry_0544.wav,tshinoohska aakohvhstiihsko oohsi uukaanawoohihstii'i
training_data/processed/sentence_audio/Sentence_for_entry_1808.wav,katoo iikaata tsuuniiyoohuuhsvv tsitaaniihskaahoo
training_data/processed/sentence_audio/Sentence_for_entry_1686_02.wav,tsuulhskwalita aatiiha
training_data/processed/sentence_audio/Sentence_for_entry_0216.wav,aniitsiilvvhski tuuwhihsv aataaneelvv na'vv'i
training_data/processed/sentence_audio/Sentence_for_entry_0233.wav,suutal iilaahsihta iikanvvhiita ayhvhtlo uuwoolhvvnhvv'i
training_data/processed/sentence_audio/Sentence_for_entry_1798.wav,uwoolhti khanooheelhvvhska uuthvhsonhvv'i
training_data/processed/sentence_audio/Sentence_for_entry_0271.wav,akhiyuuhskee aakikoohv kalohihstii wuutlanvvtvv'i
training_data/processed/sentence_audio/Sentence_for_entry_0209.wav,aniiyvvwiyaa aanaayhvvleekvv ahuuli aanhtiihskoo'i
training_data/processed/sentence_audio/Sentence_for_entry_1363_02.wav,weehsa nikawe'a
training_data/processed/sentence_audio/Sentence_for_entry_0603.wav,thaaliiyoohsa tikaatuuliita teetsaaliiyoohvv'i
training_data/processed/sentence_audio/Sentence_for_entry_1119.wav,hilaa iikoohiita teetsvvwalhane tiinhawo
training_data/processed/sentence_audio/Sentence_for_entry_1371.wav,tsuyhahtheena taanoolhvhtiihsko'i nohtsi
training_data/processed/sentence_audio/Sentence_for_entry_0019.wav,taaniihstayoohihvv na'vv yiki tiitaanhehti aanataananeehsvhvhskoo yvvwi
training_data/processed/sentence_audio/Sentence_for_entry_1688.wav,nikoolv yitsiikoo'a nuutale uulhskweethuhkoo'i
training_data/processed/sentence_audio/Sentence_for_entry_1337.wav,haalhv khthoo'o akhuukiihsti
training_data/processed/sentence_audio/Sentence_for_entry_1250.wav,itsee tsuunataahstuuti tvvnaanheehskeehi
training_data/processed/sentence_audio/Sentence_for_entry_0609.wav,kato uhsti taaneelhti na uhstii atshuutsa
training_data/processed/sentence_audio/Sentence_for_entry_1097.wav,kvhe nikaweehskvv aakwhthvvkaanv uhsv tsikeehsvv'i
training_data/processed/sentence_audio/Sentence_for_entry_1608.wav,vnhaahs theehsi
training_data/processed/sentence_audio/Sentence_for_entry_1674.wav,ultsoohita nikvvnhtee hawiiyoohi
training_data/processed/sentence_audio/Sentence_for_entry_0573.wav,kato uuhsti taatseelha
training_data/processed/sentence_audio/Sentence_for_entry_0752.wav,tluhkvv tuulootskvv uukhi'lv tsiikoowahthiha hsalooli
training_data/processed/sentence_audio/Sentence_for_entry_0489.wav,khilo tvvtlhi
training_data/processed/sentence_audio/Sentence_for_entry_1488.wav,svvnooyi ayeelhi takaaneela'ti
training_data/processed/sentence_audio/Sentence_for_entry_0709.wav,tikoohsta;yi tiilhstoyhti tsuwhtohti uulvvkwhti kaayeewhsvhskvv'i
training_data/processed/sentence_audio/Sentence_for_entry_0267.wav,haalhv iyvv kolhvv akhilhohsvvhstii'i
training_data/processed/sentence_audio/Sentence_for_entry_1593.wav,tsalakiihs uukvvhalha na ahskaya
training_data/processed/sentence_audio/Sentence_for_entry_1026.wav,keetsikooliiyeetii wuuweetaahsti hsunaalee'i
training_data/processed/sentence_audio/Sentence_for_entry_0425.wav,tiihskvvtakeeni tuuhskooliiye'v uuleewhihsthana aatlhiihsvv'i
training_data/processed/sentence_audio/Sentence_for_entry_1087.wav,tso'iiha tsuweetsi tuuwuunhv hsunaalee tsuukiihsti
training_data/processed/sentence_audio/Sentence_for_entry_0148.wav,lhahskoo yhikoowhahthi
training_data/processed/sentence_audio/Sentence_for_entry_0202_01.wav,svhi hsunaalee tsuunhikiihsvv'i
training_data/processed/sentence_audio/Sentence_for_entry_1140.wav,lha khilo yitsiikoowahthi tsiiyooliiki
training_data/processed/sentence_audio/Sentence_for_entry_1273.wav,khanaluuhskvv uuleewhihstaaneelv takwaleela
training_data/processed/sentence_audio/Sentence_for_entry_0938.wav,kaakoo oonhi uwaaniitoole koohst:vniihsti
training_data/processed/sentence_audio/Sentence_for_entry_0022.wav,lha aya aakweenvvhsv yiki ahani kataawahthvvhiitoohakwu
training_data/processed/sentence_audio/Sentence_for_entry_0146.wav,tsiihstu kvvwahsvnheelv koohstakiihst
training_data/processed/sentence_audio/Sentence_for_entry_1469.wav,suutaliine hso'i tsikha'lv kvvweetoolvv'i
training_data/processed/sentence_audio/Sentence_for_entry_0936.wav,ka'ni uuyoolhv kanvvwoo'i
training_data/processed/sentence_audio/Sentence_for_entry_0604.wav,lheehsti khiloo kalookwe kvhti yithiyaliihsoohstiihskeehsti
training_data/processed/sentence_audio/Sentence_for_entry_1320.wav,ookinaalii'i talikwa tiinataaniiyiihski uunatoolhvvhsvv'i kheli
training_data/processed/sentence_audio/Sentence_for_entry_1611.wav,na ahskaya nikoohiilvv uunhaalvvhsoo'i
training_data/processed/sentence_audio/Sentence_for_entry_0264.wav,akhaneehsti aatsiineelvv tiitaaniyiihski
training_data/processed/sentence_audio/Sentence_for_entry_1724.wav,taahahs kaatu uuniihstakayvvhita
training_data/processed/sentence_audio/Sentence_for_entry_1519.wav,kato uuhsti tsiki uutaanhiilakee'i
training_data/processed/sentence_audio/Sentence_for_entry_0477.wav,khayeekwooni nvhkiinee tiithahskiihsti taanhthahskiihstiihskoo'i
training_data/processed/sentence_audio/Sentence_for_entry_0634.wav,ameekwoo taakiihsohtsv aniiyohskii tsitsiya'vv'i
training_data/processed/sentence_audio/Sentence_for_entry_1375.wav,tooyu niitsataanhthvvna
training_data/processed/sentence_audio/Sentence_for_entry_0407.wav,atshuutsa tsoolani uyoohsthana uutoota uuhskaatsvv'i
training_data/processed/sentence_audio/Sentence_for_entry_0522.wav,kuuku uuyootsv uuwoohohsa
training_data/processed/sentence_audio/Sentence_for_entry_0638.wav,yuulhstaayvvnhonhakwu teekvvtiiyeehskoo tiitheeliito
training_data/processed/sentence_audio/Sentence_for_entry_1060.wav,ko'iiha hawiiya aaki'a
training_data/processed/sentence_audio/Sentence_for_entry_1143_02.wav,lhawoothuhi uunvvtsv tuunhaahsvvtlha
training_data/processed/sentence_audio/Sentence_for_entry_1710.wav,uuneehstala uuyhaluuka tikaatuuhvv'i
training_data/processed/sentence_audio/Sentence_for_entry_1344.wav,khvvlhi tsuuyhohi kiilhi akhskoolhti
training_data/processed/sentence_audio/Sentence_for_entry_0860.wav,uutlaawatvv uula'tv hayeelhsti
training_data/processed/sentence_audio/Sentence_for_entry_0165.wav,iikaata iinata lha ahiita yiki tiikoowahthvhti
training_data/processed/sentence_audio/Sentence_for_entry_1269.wav,khamaama uukhi'la tsanhuwvv'i
training_data/processed/sentence_audio/Sentence_for_entry_0082.wav,nvvnoohi teetsinatiiwhskvv halee takwaleela nakwatiinvvthanvv'i
training_data/processed/sentence_audio/Sentence_for_entry_1214.wav,keethv ukhi'la tsithaaka atshvvya aayhka
training_data/processed/sentence_audio/Sentence_for_entry_1179.wav,skoohi iilaahsihti nikanvvha tsiyu uutseelii'i
training_data/processed/sentence_audio/Sentence_for_entry_0493.wav,kaako uuthoolhsthane' na takwaleela
training_data/processed/sentence_audio/Sentence_for_entry_1154.wav,nikoohiilv tiiyhehkalhi teekaayeewhsko eetsi
training_data/processed/sentence_audio/Sentence_for_entry_0241.wav,tiitaaneelv tiitla waa'i khilo
training_data/processed/sentence_audio/Sentence_for_entry_0828.wav,kato uuhsti kalhti thaluukiihski na ahskaya
training_data/processed/sentence_audio/Sentence_for_entry_0470.wav,tha'li iyuuthawoohsthanvv iikoohiita uuthawoohsthanvv'i
training_data/processed/sentence_audio/Sentence_for_entry_1386.wav,tsoohiyuuhahs nvvtoohi uuweetoolv keehsv yvvwi
training_data/processed/sentence_audio/Sentence_for_entry_0138.wav,na akeeyha nikoohiilvv tsiilali aakiihstoohskoo'i
training_data/processed/sentence_audio/Sentence_for_entry_1215.wav,tsiiyu alhawiitiihski tsiikoowahthiiha
training_data/processed/sentence_audio/Sentence_for_entry_0139.wav,skoohi iiyanii tsithaaka aniikiihsi teetsikowhthiiha hsaakwuunhoo atshvvya
training_data/processed/sentence_audio/Sentence_for_entry_0370.wav,haanhtati'ahs naakiweehsv koohiikiiyv tsikeehsvv'i
training_data/processed/sentence_audio/Sentence_for_entry_0162.wav,ahani oonatloohsvv'i khoohii yv
training_data/processed/sentence_audio/Sentence_for_entry_1030.wav,kaakoo tuuwhahskoo tikeethvhsti
training_data/processed/sentence_audio/Sentence_for_entry_0116.wav,uuhskoohsti aakaaliihsko nvvta iyuunho khalii nvvta yiki
training_data/processed/sentence_audio/Sentence_for_entry_0313.wav,ahani ayeelhi haleehvvka
training_data/processed/sentence_audio/Sentence_for_entry_1075_03.wav,atayvvlathvhski kuutaleehskoo anaakaliiha
training_data/processed/sentence_audio/Sentence_for_entry_1021.wav,kaayuulahs witseetoola tikaatuuhvv'i
training_data/processed/sentence_audio/Sentence_for_entry_0974.wav,kanvvkwaloohski oohsta nitaanvvneeho hsookwili tsuunalaahsuulo
training_data/processed/conrad_wavs/wwacc_0004-WWConvoCherokee-02-000015875.wav,kaako naahski
training_data/processed/conrad_wavs/wwacc_0005-WWConvoCherokee-02-000021415.wav,tsaali tha'litiihihi
training_data/processed/conrad_wavs/wwacc_0006-WWConvoCherokee-02-000027895.wav,tsaani uutuutsi
training_data/processed/conrad_wavs/wwacc_0007-WWConvoCherokee-02-000034235.wav,uuha uuthana atlatiitlha'i
training_data/processed/conrad_wavs/wwacc_0008-WWConvoCherokee-02-000042115.wav,tikaatuuhv tayeehsi keeli'a
training_data/processed/conrad_wavs/wwacc_0009-WWConvoCherokee-02-000049935.wav,haatlv tsaani naakwu
training_data/processed/conrad_wavs/wwacc_0010-WWConvoCherokee-02-000055825.wav,talikwa keeli'a
training_data/processed/conrad_wavs/wwacc_0011-WWConvoCherokee-02-000059735.wav,weetooha tsaali nanha hskwu tayeehsi
training_data/processed/conrad_wavs/wwacc_0012-WWConvoCherokee-02-000069795.wav,tsaani tha'ltiihihi oohsta ahskaya
training_data/processed/conrad_wavs/wwacc_0013-WWConvoCherokee-02-000077915.wav,uutoohiyu
training_data/processed/conrad_wavs/wwacc_0014-WWConvoCherokee-02-000081245.wav,tsaali oohsta naahskwu
training_data/processed/conrad_wavs/wwacc_0015-WWConvoCherokee-02-000086915.wav,tsaanihsko uuha atlatiitlha'i naahskwu
training_data/processed/conrad_wavs/wwacc_0016-WWConvoCherokee-02-000092845.wav,vvv uuha
training_data/processed/conrad_wavs/wwacc_0017-WWConvoCherokee-02-000097895.wav,tsaalihsko uwaahsa
training_data/processed/conrad_wavs/wwacc_0018-WWConvoCherokee-02-000101525.wav,eha tsaani uutuutsi
training_data/processed/conrad_wavs/wwacc_0019-WWConvoCherokee-02-000106935.wav,uutoohiyu uwaahsakwu
training_data/processed/conrad_wavs/wwacc_0021-WWConvoCherokee-03-000005145.wav,khoohi iika tso'iine iika
training_data/processed/conrad_wavs/wwacc_0022-WWConvoCherokee-03-000010495.wav,akaahska ale uuniitsathi yvvwi tikaatuuhv tvneehsi
training_data/processed/conrad_wavs/wwacc_0023-WWConvoCherokee-03-000019645.wav,totitana'nv ale tsaani tha'ltiihihi naahskwu tayeehsi atlatitlha'i'i
training_data/processed/conrad_wavs/wwacc_0024-WWConvoCherokee-03-000037675.wav,keehsa keehsalini utuuli ale ko'i
training_data/processed/conrad_wavs/wwacc_0025-WWConvoCherokee-03-000044655.wav,ale yiki itse ahtlhvti
training_data/processed/conrad_wavs/wwacc_0026-WWConvoCherokee-03-000055355.wav,tsuutohskwu tvneehsi nvtikalhstohti tunatuuli tiitse tinhuwo
training_data/processed/conrad_wavs/wwacc_0027-WWConvoCherokee-03-000064885.wav,ale tsuwootu
training_data/processed/conrad_wavs/wwacc_0028-WWConvoCherokee-03-000069925.wav,tikathvti
training_data/processed/conrad_wavs/wwacc_0029-WWConvoCherokee-03-000076665.wav,nanii'v unilvkwhti unetahsti tikaatuuhv
training_data/processed/conrad_wavs/wwacc_0030-WWConvoCherokee-03-000084135.wav,uutoohiyu
training_data/processed/conrad_wavs/wwacc_0031-WWConvoCherokee-03-000087575.wav,naahskwu
training_data/processed/conrad_wavs/wwacc_0033-WWConvoCherokee-03-000100405.wav,uweenvhsti tikaatuuhv keeli'a
training_data/processed/conrad_wavs/wwacc_0034-WWConvoCherokee-03-000107755.wav,tsaani tsuuto keeli'a tunatuuli tiitse tinhuwo
training_data/processed/conrad_wavs/wwacc_0035-WWConvoCherokee-03-000116575.wav,ale yik koohuuhsti
training_data/processed/conrad_wavs/wwacc_0036-WWConvoCherokee-03-000122245.wav,ale uutoohiyu tsuwotu tikathvti
training_data/processed/conrad_wavs/wwacc_0037-WWConvoCherokee-03-000127615.wav,tuuniha
training_data/processed/conrad_wavs/wwacc_0038-WWConvoCherokee-03-000129845.wav,titana'nvv'i
training_data/processed/conrad_wavs/wwacc_0039-WWConvoCherokee-03-000134135.wav,nanha aahse tvneehsi khoohi iika
training_data/processed/conrad_wavs/wwacc_0040-WWConvoCherokee-03-000142835.wav,wanetonhv keehsalini tsunitlihsti'i
training_data/processed/conrad_wavs/wwacc_0042-WWConvoCherokee-04-000007535.wav,oohsiyo
training_data/processed/conrad_wavs/wwacc_0043-WWConvoCherokee-04-000010015.wav,ayv tsaani tha'litiihihi
training_data/processed/conrad_wavs/wwacc_0044-WWConvoCherokee-04-000013835.wav,oohsiyo wiili uwotikeei tikwato'ita thoohitsu
training_data/processed/conrad_wavs/wwacc_0045-WWConvoCherokee-04-000021615.wav,oohsiikwu
training_data/processed/conrad_wavs/wwacc_0046-WWConvoCherokee-04-000023785.wav,uutoohiyu uwootuuhi iika iiki
training_data/processed/conrad_wavs/wwacc_0047-WWConvoCherokee-04-000029645.wav,vvv oohsta iika
training_data/processed/conrad_wavs/wwacc_0048-WWConvoCherokee-04-000034955.wav,vkinohihseelvvki nihi tsalaki hiwooniihskv'i
training_data/processed/conrad_wavs/wwacc_0049-WWConvoCherokee-04-000043595.wav,vtlha utlhi'ikai yitsiwoniha
training_data/processed/conrad_wavs/wwacc_0050-WWConvoCherokee-04-000049045.wav,tsiyoowaneka yheeno tsiyoowaneka yheeno aahsenho kayoolhi itsiwoniha
training_data/processed/conrad_wavs/wwacc_0051-WWConvoCherokee-04-000060405.wav,uutoohiyu oohsiikwu hiwoniha
training_data/processed/conrad_wavs/wwacc_0053-WWConvoCherokee-04-000070075.wav,tayvhvhskihsko nahskwu tsalaki kawoniha
training_data/processed/conrad_wavs/wwacc_0054-WWConvoCherokee-04-000078045.wav,nvhkiha ikhaneetsv khaneeko'i
training_data/processed/conrad_wavs/wwacc_0055-WWConvoCherokee-04-000084095.wav,oohsiyo
training_data/processed/conrad_wavs/wwacc_0056-WWConvoCherokee-04-000086335.wav,howa
training_data/processed/conrad_wavs/wwacc_0057-WWConvoCherokee-04-000089065.wav,heehsti ale vvtlha yoowaneka
training_data/processed/conrad_wavs/wwacc_0059-WWConvoCherokee-04-000102725.wav,ohsti ohstiwoniha aahsenho i'akilvkwhti
training_data/processed/conrad_wavs/wwacc_0060-WWConvoCherokee-04-000112315.wav,tsalaki akiwonihihsti'i
training_data/processed/conrad_wavs/wwacc_0062-WWConvoCherokee-05-000007325.wav,tsaani tsahaahsko atlatitlha'i
training_data/processed/conrad_wavs/wwacc_0063-WWConvoCherokee-05-000012465.wav,vvv
training_data/processed/conrad_wavs/wwacc_0064-WWConvoCherokee-05-000014515.wav,uwethi akiha
training_data/processed/conrad_wavs/wwacc_0065-WWConvoCherokee-05-000021595.wav,kehsalinihsko tsatliihsti
training_data/processed/conrad_wavs/wwacc_0066-WWConvoCherokee-05-000026225.wav,vv'v akinekihsv hsvhi
training_data/processed/conrad_wavs/wwacc_0067-WWConvoCherokee-05-000034445.wav,tikaatuuhv ineena
training_data/processed/conrad_wavs/wwacc_0068-WWConvoCherokee-05-000041325.wav,hihski takiikhaha tiniyolhi tsunala
training_data/processed/conrad_wavs/wwacc_0069-WWConvoCherokee-05-000049655.wav,tsunalahsulo
training_data/processed/conrad_wavs/wwacc_0070-WWConvoCherokee-05-000052675.wav,yitunina'a ale uhsti'i
training_data/processed/conrad_wavs/wwacc_0071-WWConvoCherokee-05-000058395.wav,tlhahskwu yuune unvvti
training_data/processed/conrad_wavs/wwacc_0072-WWConvoCherokee-05-000065945.wav,howa ineena
training_data/processed/conrad_wavs/wwacc_0073-WWConvoCherokee-05-000069825.wav,tlha tsoohsta yita
training_data/processed/conrad_wavs/wwacc_0074-WWConvoCherokee-05-000074405.wav,tlha tsoohsta yitakina'a tikwanhuwo
training_data/processed/conrad_wavs/wwacc_0075-WWConvoCherokee-05-000080235.wav,akwatuuli tikineehsti'i
training_data/processed/conrad_wavs/wwacc_0076-WWConvoCherokee-05-000086385.wav,akwatuulihskwu itse
training_data/processed/conrad_wavs/wwacc_0077-WWConvoCherokee-05-000092615.wav,kalookwe akihti'i
training_data/processed/conrad_wavs/wwacc_0078-WWConvoCherokee-05-000098105.wav,hi'ano
training_data/processed/conrad_wavs/wwacc_0079-WWConvoCherokee-05-000101045.wav,tsakwvvya tlha oohsta yiki
training_data/processed/conrad_wavs/wwacc_0080-WWConvoCherokee-05-000107825.wav,khola ika'i ateela tetsaha
training_data/processed/conrad_wavs/wwacc_0081-WWConvoCherokee-05-000115735.wav,skikathtu yateelv'i
training_data/processed/conrad_wavs/wwacc_0104-WWConvoCherokee-07-000006705.wav,liihsi te'uutoo'a akihstaayvvhvvhski
training_data/processed/conrad_wavs/wwacc_0105-WWConvoCherokee-07-000012835.wav,kalikwooki tiiniiyoolhi tookiniikhaha tsalaki okili
training_data/processed/conrad_wavs/wwacc_0107-WWConvoCherokee-07-000029265.wav,ale aakwatuuli tiiniiyoolh tsalaki uuni kooliiyeetii'i aahseenho lha
training_data/processed/conrad_wavs/wwacc_0108-WWConvoCherokee-07-000037755.wav,yuunatuuliha uunikooliiyeetii'i teehsti
training_data/processed/conrad_wavs/wwacc_0112-WWConvoCherokee-07-000064555.wav,svvki iinake e
training_data/processed/conrad_wavs/wwacc_0113-WWConvoCherokee-07-000067815.wav,thookha tookha tsaani'
training_data/processed/conrad_wavs/wwacc_0116-WWConvoCherokee-07-000082225.wav,saami halihstvvlhuuka; tsvvhsakwu halhsteela
training_data/processed/conrad_wavs/wwacc_0117-WWConvoCherokee-07-000091085.wav,teetsiyoohsiihskeehsti iitsalhstaayvvhvvkakwu
training_data/processed/conrad_wavs/wwacc_0119-WWConvoCherokee-08-000006895.wav,kato uuhsti
training_data/processed/conrad_wavs/wwacc_0120-WWConvoCherokee-08-000009995.wav,tsithaaka wayho'i
training_data/processed/conrad_wavs/wwacc_0122-WWConvoCherokee-08-000020405.wav,tshuneela tsithaaka tootsi tootsilhvvki
training_data/processed/conrad_wavs/wwacc_0123-WWConvoCherokee-08-000027005.wav,uunatuuliihskvvnho iikaata
training_data/processed/conrad_wavs/wwacc_0124-WWConvoCherokee-08-000030995.wav,tsithaaka tikeekiinvvnehtii'i
training_data/processed/conrad_wavs/wwacc_0125-WWConvoCherokee-08-000036625.wav,aama ehskhvhsi
training_data/processed/conrad_wavs/wwacc_0126-WWConvoCherokee-08-000040565.wav,tsiihstu wayha akinoohihseelvvki iinake eehi
training_data/processed/conrad_wavs/wwacc_0127-WWConvoCherokee-08-000047295.wav,svvki eeha uuhsti ama ayeelhi uuthanoo'i
training_data/processed/conrad_wavs/wwacc_0128-WWConvoCherokee-08-000059395.wav,amakee'i ehskhineehvvhsi
training_data/processed/conrad_wavs/wwacc_0129-WWConvoCherokee-08-000064775.wav,wato
training_data/processed/conrad_wavs/wwacc_0131-WWConvoCherokee-08-000071475.wav,khaawhi
training_data/processed/conrad_wavs/wwacc_0132-WWConvoCherokee-08-000074235.wav,lha uukama aakwatuuliha
training_data/processed/conrad_wavs/wwacc_0133-WWConvoCherokee-08-000079745.wav,katonho lha yihskineeneeha amake'i katsiineenehtii'i
training_data/processed/conrad_wavs/wwacc_0134-WWConvoCherokee-08-000087815.wav,aaniwayha hsunaale
training_data/processed/conrad_wavs/wwacc_0135-WWConvoCherokee-08-000091405.wav,tsiihstu uutoohiyu tsalvkwhtaneeha amakee'i
training_data/processed/conrad_wavs/wwacc_0137-WWConvoCherokee-08-000108185.wav,wheetoolvvhv
training_data/processed/conrad_wavs/wwacc_0138-WWConvoCherokee-08-000111375.wav,wheetoolvv'i
training_data/processed/conrad_wavs/wwacc_0140-WWConvoCherokee-09-000005865.wav,tsimi
training_data/processed/conrad_wavs/wwacc_0141-WWConvoCherokee-09-000007755.wav,svvkhtha thiki tihskiwiitvvhsi
training_data/processed/conrad_wavs/wwacc_0142-WWConvoCherokee-09-000012375.wav,luuhsiili withi'vhsi
training_data/processed/conrad_wavs/wwacc_0143-WWConvoCherokee-09-000017585.wav,wheetoohvvnho khalhseetsi
training_data/processed/conrad_wavs/wwacc_0145-WWConvoCherokee-09-000025395.wav,tootsu
training_data/processed/conrad_wavs/wwacc_0146-WWConvoCherokee-09-000028045.wav,tikeelihstki totakootlhvvni
training_data/processed/conrad_wavs/wwacc_0147-WWConvoCherokee-09-000033165.wav,kha wiili
training_data/processed/conrad_wavs/wwacc_0148-WWConvoCherokee-09-000035595.wav,a'ta withiya
training_data/processed/conrad_wavs/wwacc_0149-WWConvoCherokee-09-000038085.wav,aayootaalhahv thitiika
training_data/processed/conrad_wavs/wwacc_0150-WWConvoCherokee-09-000043095.wav,uukhaayhootvv'i
training_data/processed/conrad_wavs/wwacc_0151-WWConvoCherokee-09-000046995.wav,yeeliikwu
training_data/processed/conrad_wavs/wwacc_0152-WWConvoCherokee-09-000049975.wav,yakaana
training_data/processed/conrad_wavs/wwacc_0153-WWConvoCherokee-09-000052235.wav,khoohi uhsvv'i
training_data/processed/conrad_wavs/wwacc_0155-WWConvoCherokee-09-000058945.wav,aahsiini tseenvtakwu atheeliito ehskhvvhsi
training_data/processed/conrad_wavs/wwacc_0157-WWConvoCherokee-09-000077645.wav,uutoohiyu tskwiihsti aakiha tikilvvwhihstahti
training_data/processed/conrad_wavs/wwacc_0158-WWConvoCherokee-09-000084915.wav,aahsi tsuuniilaawihsti
training_data/processed/conrad_wavs/wwacc_0159-WWConvoCherokee-09-000088605.wav,nikeenvvta khoohi uhsvv'i
training_data/processed/conrad_wavs/wwacc_0160-WWConvoCherokee-09-000095955.wav,thuuthaki nikaata na tikoowheeli kaahskilv tihstlhv'vhsi
training_data/processed/conrad_wavs/wwacc_0161-WWConvoCherokee-09-000106905.wav,utootsu week
training_data/processed/conrad_wavs/wwacc_0163-WWConvoCherokee-10-000008195.wav,oohsiyo tewitv
training_data/processed/conrad_wavs/wwacc_0164-WWConvoCherokee-10-000012765.wav,ehiyvvha tsoolheehsti
training_data/processed/conrad_wavs/wwacc_0166-WWConvoCherokee-10-000024055.wav,thootsuwi lha ulhi iika koohuuhsti
training_data/processed/conrad_wavs/wwacc_0167-WWConvoCherokee-10-000029975.wav,kato heeliihskee'i
training_data/processed/conrad_wavs/wwacc_0168-WWConvoCherokee-10-000034475.wav,kvyanvvhoka
training_data/processed/conrad_wavs/wwacc_0170-WWConvoCherokee-10-000051615.wav,khalhseetsi nuulhstaanheha'i
training_data/processed/conrad_wavs/wwacc_0171-WWConvoCherokee-10-000056325.wav,hvv na vvhskiki
training_data/processed/conrad_wavs/wwacc_0172-WWConvoCherokee-10-000061245.wav,vvv
training_data/processed/conrad_wavs/wwacc_0173-WWConvoCherokee-10-000063885.wav,uhsvvhiyeeyi tsiikeehseehsti yitoohskinaathiinooka
training_data/processed/conrad_wavs/wwacc_0174-WWConvoCherokee-10-000071165.wav,tsookineenvvhsvv'i
training_data/processed/conrad_wavs/wwacc_0175-WWConvoCherokee-10-000076545.wav,howaakwu
training_data/processed/conrad_wavs/wwacc_0177-WWConvoCherokee-10-000081305.wav,ineena
training_data/processed/conrad_wavs/wwacc_0178-WWConvoCherokee-10-000085415.wav,nakwuna keehsvv'i kato uuhsti uutanhtha tsatoota
training_data/processed/conrad_wavs/wwacc_0179-WWConvoCherokee-10-000094815.wav,tskwiihsti ulhvkvvki uhsvv'i tsiikeehsvvki
training_data/processed/conrad_wavs/wwacc_0180-WWConvoCherokee-10-000101635.wav,uhstiikhatv oohsi khoohi hsunaale'i
training_data/processed/conrad_wavs/wwacc_0181-WWConvoCherokee-10-000108475.wav,witiluhtsvv'i ka'nakhthii'i wihstiyvlhvvha
training_data/processed/conrad_wavs/wwacc_0182-WWConvoCherokee-10-000116405.wav,ayvnho nvvwoothi titaana'nvvi takeehsi
training_data/processed/conrad_wavs/wwacc_0183-WWConvoCherokee-10-000124125.wav,nanha wikeetooheehsti hsaakwu tsiikeehseehsti
training_data/processed/conrad_wavs/wwacc_0184-WWConvoCherokee-10-000130395.wav,vvv
training_data/processed/conrad_wavs/wwacc_0185-WWConvoCherokee-10-000133315.wav,yeeliikwutv
training_data/processed/conrad_wavs/wwacc_0186-WWConvoCherokee-10-000136615.wav,ookiniihskwatv keehseehsti naahiyuu'i
training_data/processed/conrad_wavs/wwacc_0187-WWConvoCherokee-10-000142855.wav,howa
training_data/processed/conrad_wavs/wwacc_0188-WWConvoCherokee-10-000144405.wav,naahiyu itsiluhtsvha tohstvyanvvholhvv'i
training_data/processed/conrad_wavs/wwacc_0190-WWConvoCherokee-10-000161825.wav,ka'to athti khalihseetsi nuulhstaanheha ayoonekv'ti
training_data/processed/conrad_wavs/durbin-feeling-tones_0005-df-tones_enhanced-017955.wav,atshuutsa
training_data/processed/conrad_wavs/durbin-feeling-tones_0006-df-tones_enhanced-020425.wav,atshuutsa
training_data/processed/conrad_wavs/durbin-feeling-tones_0008-df-tones_enhanced-024925.wav,a'ta
training_data/processed/conrad_wavs/durbin-feeling-tones_0009-df-tones_enhanced-027045.wav,a'ta
training_data/processed/conrad_wavs/durbin-feeling-tones_0011-df-tones_enhanced-031805.wav,oohsta
training_data/processed/conrad_wavs/durbin-feeling-tones_0012-df-tones_enhanced-034275.wav,oohsta
training_data/processed/conrad_wavs/durbin-feeling-tones_0014-df-tones_enhanced-038835.wav,uuyheehi
training_data/processed/conrad_wavs/durbin-feeling-tones_0015-df-tones_enhanced-041605.wav,uuyheehi
training_data/processed/conrad_wavs/durbin-feeling-tones_0017-df-tones_enhanced-047305.wav,uuyhvvtla
training_data/processed/conrad_wavs/durbin-feeling-tones_0018-df-tones_enhanced-050375.wav,uuyhvvtla
training_data/processed/conrad_wavs/durbin-feeling-tones_0020-df-tones_enhanced-056005.wav,waahsoolha
training_data/processed/conrad_wavs/durbin-feeling-tones_0021-df-tones_enhanced-058605.wav,waahsoolha
training_data/processed/conrad_wavs/durbin-feeling-tones_0023-df-tones_enhanced-063595.wav,wanee'i
training_data/processed/conrad_wavs/durbin-feeling-tones_0024-df-tones_enhanced-066285.wav,wanee'i
training_data/processed/conrad_wavs/durbin-feeling-tones_0026-df-tones_enhanced-072225.wav,waaleela
training_data/processed/conrad_wavs/durbin-feeling-tones_0027-df-tones_enhanced-074995.wav,waaleela
training_data/processed/conrad_wavs/durbin-feeling-tones_0029-df-tones_enhanced-080375.wav,kvvnha
training_data/processed/conrad_wavs/durbin-feeling-tones_0030-df-tones_enhanced-082955.wav,kvvnha
training_data/processed/conrad_wavs/durbin-feeling-tones_0032-df-tones_enhanced-087795.wav,tsiihskwa
training_data/processed/conrad_wavs/durbin-feeling-tones_0033-df-tones_enhanced-090395.wav,tsiihskwa
training_data/processed/conrad_wavs/durbin-feeling-tones_0035-df-tones_enhanced-095015.wav,ataakeyhti
training_data/processed/conrad_wavs/durbin-feeling-tones_0036-df-tones_enhanced-098145.wav,ataakeyhti
training_data/processed/conrad_wavs/durbin-feeling-tones_0038-df-tones_enhanced-103365.wav,ata
training_data/processed/conrad_wavs/durbin-feeling-tones_0039-df-tones_enhanced-105605.wav,ata
training_data/processed/conrad_wavs/durbin-feeling-tones_0041-df-tones_enhanced-110185.wav,atanhto
training_data/processed/conrad_wavs/durbin-feeling-tones_0042-df-tones_enhanced-112655.wav,atanhto
training_data/processed/conrad_wavs/durbin-feeling-tones_0044-df-tones_enhanced-118675.wav,tshinoohska
training_data/processed/conrad_wavs/durbin-feeling-tones_0045-df-tones_enhanced-121415.wav,tshinoohska
training_data/processed/conrad_wavs/durbin-feeling-tones_0047-df-tones_enhanced-127845.wav,tshuhka
training_data/processed/conrad_wavs/durbin-feeling-tones_0048-df-tones_enhanced-130005.wav,tshuhka
training_data/processed/conrad_wavs/durbin-feeling-tones_0050-df-tones_enhanced-134425.wav,taanhawa
training_data/processed/conrad_wavs/durbin-feeling-tones_0051-df-tones_enhanced-137115.wav,taanhawa
training_data/processed/conrad_wavs/durbin-feeling-tones_0053-df-tones_enhanced-142055.wav,tshaneela
training_data/processed/conrad_wavs/durbin-feeling-tones_0054-df-tones_enhanced-144615.wav,tshaneela
training_data/processed/conrad_wavs/durbin-feeling-tones_0056-df-tones_enhanced-150015.wav,nuuna
training_data/processed/conrad_wavs/durbin-feeling-tones_0057-df-tones_enhanced-152595.wav,nuuna
training_data/processed/conrad_wavs/durbin-feeling-tones_0059-df-tones_enhanced-157755.wav,seelu
training_data/processed/conrad_wavs/durbin-feeling-tones_0060-df-tones_enhanced-160555.wav,seelu
training_data/processed/conrad_wavs/durbin-feeling-tones_0062-df-tones_enhanced-166345.wav,ookalaahooma
training_data/processed/conrad_wavs/durbin-feeling-tones_0063-df-tones_enhanced-169495.wav,ookalaahooma
training_data/processed/conrad_wavs/durbin-feeling-tones_0065-df-tones_enhanced-174995.wav,salooli
training_data/processed/conrad_wavs/durbin-feeling-tones_0066-df-tones_enhanced-177515.wav,salooli
training_data/processed/conrad_wavs/durbin-feeling-tones_0068-df-tones_enhanced-190135.wav,nvvwoothi
training_data/processed/conrad_wavs/durbin-feeling-tones_0070-df-tones_enhanced-196215.wav,khanawooka
training_data/processed/conrad_wavs/durbin-feeling-tones_0071-df-tones_enhanced-198655.wav,khanawooka
training_data/processed/conrad_wavs/durbin-feeling-tones_0073-df-tones_enhanced-203745.wav,khiyuuka
training_data/processed/conrad_wavs/durbin-feeling-tones_0074-df-tones_enhanced-206235.wav,khiyuuka
training_data/processed/conrad_wavs/durbin-feeling-tones_0076-df-tones_enhanced-211835.wav,ataatooliihsti
training_data/processed/conrad_wavs/durbin-feeling-tones_0077-df-tones_enhanced-215335.wav,ataatooliihsti
training_data/processed/conrad_wavs/durbin-feeling-tones_0079-df-tones_enhanced-221845.wav,tsiihskwookwo
training_data/processed/conrad_wavs/durbin-feeling-tones_0080-df-tones_enhanced-224805.wav,tsiihskwookwo
training_data/processed/conrad_wavs/durbin-feeling-tones_0082-df-tones_enhanced-231015.wav,khaneehstaalhahvv'i
training_data/processed/conrad_wavs/durbin-feeling-tones_0083-df-tones_enhanced-234265.wav,khaneehstaalhahvv'i
training_data/processed/conrad_wavs/durbin-feeling-tones_0085-df-tones_enhanced-241355.wav,kaneeka
training_data/processed/conrad_wavs/durbin-feeling-tones_0086-df-tones_enhanced-243815.wav,kaneeka
training_data/processed/conrad_wavs/durbin-feeling-tones_0088-df-tones_enhanced-248805.wav,nvvya
training_data/processed/conrad_wavs/durbin-feeling-tones_0089-df-tones_enhanced-251015.wav,nvvya
training_data/processed/conrad_wavs/durbin-feeling-tones_0091-df-tones_enhanced-255615.wav,lhawoothu
training_data/processed/conrad_wavs/durbin-feeling-tones_0092-df-tones_enhanced-258745.wav,lhawoothu
training_data/processed/conrad_wavs/durbin-feeling-tones_0094-df-tones_enhanced-263495.wav,watsiila
training_data/processed/conrad_wavs/durbin-feeling-tones_0095-df-tones_enhanced-266045.wav,watsiila
training_data/processed/conrad_wavs/durbin-feeling-tones_0097-df-tones_enhanced-271505.wav,heehsti
training_data/processed/conrad_wavs/durbin-feeling-tones_0098-df-tones_enhanced-273805.wav,heehsti
training_data/processed/conrad_wavs/durbin-feeling-tones_0099-df-tones_enhanced-276465.wav,lheehsti
training_data/processed/conrad_wavs/durbin-feeling-tones_0100-df-tones_enhanced-278675.wav,lheehsti
training_data/processed/conrad_wavs/durbin-feeling-tones_0102-df-tones_enhanced-283095.wav,kuuku
training_data/processed/conrad_wavs/durbin-feeling-tones_0103-df-tones_enhanced-285645.wav,kuuku
training_data/processed/conrad_wavs/durbin-feeling-tones_0105-df-tones_enhanced-290465.wav,aataana'nvv'i
training_data/processed/conrad_wavs/durbin-feeling-tones_0106-df-tones_enhanced-293585.wav,aataana'nvv'i
training_data/processed/conrad_wavs/durbin-feeling-tones_0108-df-tones_enhanced-299005.wav,aataaneelvv'i
training_data/processed/conrad_wavs/durbin-feeling-tones_0109-df-tones_enhanced-302115.wav,aataaneelvv'i
training_data/processed/conrad_wavs/durbin-feeling-tones_0111-df-tones_enhanced-308035.wav,kaanaali
training_data/processed/conrad_wavs/durbin-feeling-tones_0112-df-tones_enhanced-310745.wav,kaanaali
training_data/processed/conrad_wavs/durbin-feeling-tones_0114-df-tones_enhanced-316425.wav,nuutalee'i
training_data/processed/conrad_wavs/durbin-feeling-tones_0115-df-tones_enhanced-319205.wav,nuutalee'i
training_data/processed/conrad_wavs/durbin-feeling-tones_0117-df-tones_enhanced-326705.wav,uuweeyvv'i
training_data/processed/conrad_wavs/durbin-feeling-tones_0118-df-tones_enhanced-329555.wav,uuweeyvv'i
training_data/processed/conrad_wavs/durbin-feeling-tones_0120-df-tones_enhanced-335265.wav,koothvv'i
training_data/processed/conrad_wavs/durbin-feeling-tones_0121-df-tones_enhanced-337935.wav,koothvv'i
training_data/processed/conrad_wavs/durbin-feeling-tones_0123-df-tones_enhanced-347665.wav,akiyvwhahthvvhvv'i
training_data/processed/conrad_wavs/durbin-feeling-tones_0124-df-tones_enhanced-350995.wav,akiyvwhahthvvhvv'i
training_data/processed/conrad_wavs/durbin-feeling-tones_0125-df-tones_enhanced-355125.wav,uwhthoohsa'tv'i
training_data/processed/conrad_wavs/durbin-feeling-tones_0126-df-tones_enhanced-358215.wav,uwhthoohsa'tv'i
training_data/processed/conrad_wavs/durbin-feeling-tones_0127-df-tones_enhanced-363955.wav,aaniiwhahthiha
training_data/processed/conrad_wavs/durbin-feeling-tones_0128-df-tones_enhanced-367835.wav,aaniiwhahthiha
training_data/processed/conrad_wavs/durbin-feeling-tones_0129-df-tones_enhanced-374155.wav,whiiyaniha
training_data/processed/conrad_wavs/durbin-feeling-tones_0130-df-tones_enhanced-376955.wav,whiiyaniha
training_data/processed/conrad_wavs/durbin-feeling-tones_0131-df-tones_enhanced-386455.wav,akwataahstaayhti
training_data/processed/conrad_wavs/durbin-feeling-tones_0132-df-tones_enhanced-390225.wav,akwataahstaayhti
training_data/processed/conrad_wavs/durbin-feeling-tones_0133-df-tones_enhanced-393765.wav,wuyhti
training_data/processed/conrad_wavs/durbin-feeling-tones_0134-df-tones_enhanced-396475.wav,wuyhti
training_data/processed/conrad_wavs/durbin-feeling-tones_0136-df-tones_enhanced-410265.wav,iiniiyhvvkwhitv'vhska
training_data/processed/conrad_wavs/durbin-feeling-tones_0137-df-tones_enhanced-413525.wav,iiniiyhvvkwhitv'vhska
training_data/processed/conrad_wavs/durbin-feeling-tones_0138-df-tones_enhanced-419135.wav,stiiyhoohiha
training_data/processed/conrad_wavs/durbin-feeling-tones_0140-df-tones_enhanced-428925.wav,teetaalhthawoo'a
training_data/processed/conrad_wavs/durbin-feeling-tones_0141-df-tones_enhanced-432145.wav,teetaalhthawoo'a
training_data/processed/conrad_wavs/durbin-feeling-tones_0142-df-tones_enhanced-438105.wav,akwvvhskalhti
training_data/processed/conrad_wavs/durbin-feeling-tones_0143-df-tones_enhanced-441215.wav,akwvvhskalhti
training_data/processed/conrad_wavs/durbin-feeling-tones_0144-df-tones_enhanced-445845.wav,tshanolhv'i
training_data/processed/conrad_wavs/durbin-feeling-tones_0145-df-tones_enhanced-448835.wav,tshanolhv'i
training_data/processed/conrad_wavs/durbin-feeling-tones_0146-df-tones_enhanced-452635.wav,tsanoolhv'i
training_data/processed/conrad_wavs/durbin-feeling-tones_0147-df-tones_enhanced-455785.wav,tsanoolhv'i
training_data/processed/conrad_wavs/durbin-feeling-tones_0148-df-tones_enhanced-461065.wav,hinhtsoohiha
training_data/processed/conrad_wavs/durbin-feeling-tones_0149-df-tones_enhanced-464355.wav,hinhtsoohiha
training_data/processed/conrad_wavs/durbin-feeling-tones_0153-df-tones_enhanced-480275.wav,witsiiyanhthi
training_data/processed/conrad_wavs/durbin-feeling-tones_0154-df-tones_enhanced-486685.wav,eenaathinhoohiha
training_data/processed/conrad_wavs/durbin-feeling-tones_0155-df-tones_enhanced-490575.wav,eenaathinhoohiha
training_data/processed/conrad_wavs/durbin-feeling-tones_0156-df-tones_enhanced-496185.wav,kanhiitooha
training_data/processed/conrad_wavs/durbin-feeling-tones_0157-df-tones_enhanced-499025.wav,kanhiitooha
training_data/processed/conrad_wavs/cno_About.wav,kvvwaathuuwhitv
training_data/processed/conrad_wavs/cno_Acorn.wav,kuule
training_data/processed/conrad_wavs/cno_Performed.wav,nuutvnelv
training_data/processed/conrad_wavs/cno_Wizard.wav,atvvneeliihski
training_data/processed/conrad_wavs/cno_Commence.wav,aalenhti
training_data/processed/conrad_wavs/cno_Adam.wav,aatawi
training_data/processed/conrad_wavs/cno_Snake.wav,iinatv
training_data/processed/conrad_wavs/cno_Adjourned.wav,tuuniiyeeliihsv
training_data/processed/conrad_wavs/cno_Adult.wav,uuthana
training_data/processed/conrad_wavs/cno_Publish.wav,tikanootsalhti
training_data/processed/conrad_wavs/cno_Agreed.wav,tuutaniilvvtsv
training_data/processed/conrad_wavs/cno_Agriculture.wav,tikalookooti
training_data/processed/conrad_wavs/cno_Tornado.wav,uunoole
training_data/processed/conrad_wavs/cno_Usual.wav,uulhooyi
training_data/processed/conrad_wavs/cno_Alive.wav,kvvnhootv
training_data/processed/conrad_wavs/cno_Whole.wav,nikaatv
training_data/processed/conrad_wavs/cno_Lecture.wav,tikoohsiihsohti
training_data/processed/conrad_wavs/cno_Pot.wav,tsuulaahski
training_data/processed/conrad_wavs/cno_Almanac.wav,nvtotihsehsti
training_data/processed/conrad_wavs/cno_Lone.wav,uuwhahsv
training_data/processed/conrad_wavs/cno_Already.wav,kaayuula
training_data/processed/conrad_wavs/cno_Permanently.wav,nikoohiilvv'i
training_data/processed/conrad_wavs/cno_Or.wav,ale
training_data/processed/conrad_wavs/cno_Annum.wav,suuteethiyvvtv
training_data/processed/conrad_wavs/cno_Another.wav,nuutale
training_data/processed/conrad_wavs/cno_Ant.wav,toohsvvta'li
training_data/processed/conrad_wavs/cno_Rooms.wav,teekhanvvhsuulv
training_data/processed/conrad_wavs/cno_Apple.wav,svvkhtha
training_data/processed/conrad_wavs/cno_Apron.wav,atleehsato
training_data/processed/conrad_wavs/cno_Numerate.wav,tiihsehsti
training_data/processed/conrad_wavs/cno_Arm.wav,khanookeeni
training_data/processed/conrad_wavs/cno_Arose.wav,tuuleenhv
training_data/processed/conrad_wavs/cno_Arrivals.wav,uuluhtsvv'i
training_data/processed/conrad_wavs/cno_Arrive.wav,uuluhtsv
training_data/processed/conrad_wavs/cno_Comes.wav,ka'luhka
training_data/processed/conrad_wavs/cno_Selfish.wav,uutaalvvkwhti
training_data/processed/conrad_wavs/cno_Arrow.wav,kaalhita
training_data/processed/conrad_wavs/cno_Ash.wav,khoohstu
training_data/processed/conrad_wavs/cno_Ashamed.wav,aateehoohska
training_data/processed/conrad_wavs/cno_Asked.wav,uutathvvtvvnhv
training_data/processed/conrad_wavs/cno_Asks.wav,aathvvtvvhvhska
training_data/processed/conrad_wavs/cno_Association.wav,uunaliikoohsv
training_data/processed/conrad_wavs/cno_At_first.wav,ikvvyii'i
training_data/processed/conrad_wavs/cno_At_request_of.wav,uuhthayohse'lv
training_data/processed/conrad_wavs/cno_While.wav,naahiyuu'i
training_data/processed/conrad_wavs/cno_Attorneys.wav,tiinathiyoohihi
training_data/processed/conrad_wavs/cno_August.wav,ka'loonhi
training_data/processed/conrad_wavs/cno_Street.wav,kalanvvtv
training_data/processed/conrad_wavs/cno_Flinch.wav,tuutanvvtiihsthanv
training_data/processed/conrad_wavs/cno_Hew.wav,kaluyhsti
training_data/processed/conrad_wavs/cno_Babies.wav,tsuunhstii'i
training_data/processed/conrad_wavs/cno_Back.wav,kaahsohi
training_data/processed/conrad_wavs/cno_Bad.wav,uuyoo'i
training_data/processed/conrad_wavs/cno_Baseball.wav,aalhskaalhti
training_data/processed/conrad_wavs/cno_Bank.wav,ateltsuuniyhti
training_data/processed/conrad_wavs/cno_Baptist.wav,tiitaawoohski
training_data/processed/conrad_wavs/cno_Immerse.wav,tiitawoohsti
training_data/processed/conrad_wavs/cno_Barber.wav,tiitaahstooyeehski
training_data/processed/conrad_wavs/cno_Naked.wav,uuyeelhvvha
training_data/processed/conrad_wavs/cno_Bark.wav,uuyhalv
training_data/processed/conrad_wavs/cno_Keg.wav,svvtooni
training_data/processed/conrad_wavs/cno_Tubes.wav,tsuuhsvvtooni
training_data/processed/conrad_wavs/cno_Bottom.wav,hawiini
training_data/processed/conrad_wavs/cno_Shy.wav,uutehoohsathi
training_data/processed/conrad_wavs/cno_Bowl.wav,atliihstohti
training_data/processed/conrad_wavs/cno_Basket.wav,thaluutsa
training_data/processed/conrad_wavs/cno_Pond.wav,vvtali
training_data/processed/conrad_wavs/cno_Pretty.wav,uwootuuhi
training_data/processed/conrad_wavs/cno_Beauty.wav,uuwootu
training_data/processed/conrad_wavs/cno_Beaver.wav,tooya
training_data/processed/conrad_wavs/cno_Became.wav,aataneetliiyvvhsti
training_data/processed/conrad_wavs/cno_Bed.wav,kaniilhi
training_data/processed/conrad_wavs/cno_Bedrock.wav,nvvyoohi
training_data/processed/conrad_wavs/cno_Syrup.wav,waatuuliihsi
training_data/processed/conrad_wavs/cno_Begun.wav,uuleenvvhv
training_data/processed/conrad_wavs/cno_Belief.wav,uuwoohiyuuhsv
training_data/processed/conrad_wavs/cno_Believes.wav,uuwoohiyuha
training_data/processed/conrad_wavs/cno_Bell.wav,uuhalvvni
training_data/processed/conrad_wavs/cno_Beloved.wav,ataakeyhti
training_data/processed/conrad_wavs/cno_Belt.wav,ataatloohsti
training_data/processed/conrad_wavs/cno_Provision.wav,alhstelhtohti
training_data/processed/conrad_wavs/cno_Berry.wav,utathaanvhi
training_data/processed/conrad_wavs/cno_Large.wav,eekwa
training_data/processed/conrad_wavs/cno_Bigamy.wav,ataayhoonehti
training_data/processed/conrad_wavs/cno_Bile.wav,talooni
training_data/processed/conrad_wavs/cno_Billiard.wav,tikataayohsti
training_data/processed/conrad_wavs/cno_Bird.wav,tsiihskwa
training_data/processed/conrad_wavs/cno_Born.wav,uteenv
training_data/processed/conrad_wavs/cno_Mark.wav,utooweelv
training_data/processed/conrad_wavs/cno_Black.wav,kvvnhake
training_data/processed/conrad_wavs/cno_Typewriter.wav,tikoowheelooti
training_data/processed/conrad_wavs/cno_Blacksnake.wav,ka'leeki
training_data/processed/conrad_wavs/cno_Blanket.wav,uuneekvvha
training_data/processed/conrad_wavs/cno_Sap.wav,athahskiihskv
training_data/processed/conrad_wavs/cno_Sympathize.wav,ataatooliihsti
training_data/processed/conrad_wavs/cno_Blew.wav,uutsoothahv
training_data/processed/conrad_wavs/cno_Blind.wav,tiikheewi
training_data/processed/conrad_wavs/cno_Bloat.wav,uwoothitv
training_data/processed/conrad_wavs/cno_Blue.wav,sakhoonike
training_data/processed/conrad_wavs/cno_Bluebird.wav,tsaakwoolte
training_data/processed/conrad_wavs/cno_Dull.wav,koohstiiyuulhi
training_data/processed/conrad_wavs/cno_Shame.wav,aateehoohihsti
training_data/processed/conrad_wavs/cno_Yacht.wav,tsiiyu
training_data/processed/conrad_wavs/cno_Body.wav,ayeelv
training_data/processed/conrad_wavs/cno_Crown.wav,alhstuulo
training_data/processed/conrad_wavs/cno_Book.wav,koowheeli
training_data/processed/conrad_wavs/cno_Books.wav,tikoowheeli
training_data/processed/conrad_wavs/cno_Bored.wav,uuthaleehsv
training_data/processed/conrad_wavs/cno_Chest.wav,kaneetsi
training_data/processed/conrad_wavs/cno_Tick.wav,kuuku
training_data/processed/conrad_wavs/cno_Bound.wav,waakhthv
training_data/processed/conrad_wavs/cno_Range.wav,aahstanvvnhv
training_data/processed/conrad_wavs/cno_Bow.wav,kalhtsa'ti
training_data/processed/conrad_wavs/cno_Trunk.wav,khaneehsa'i
training_data/processed/conrad_wavs/cno_Boxes.wav,tikhaneehsai
training_data/processed/conrad_wavs/cno_Lad.wav,atshuutsa
training_data/processed/conrad_wavs/cno_Boys.wav,aniitshuutsa
training_data/processed/conrad_wavs/cno_Brain.wav,uunvvtsiita
training_data/processed/conrad_wavs/cno_Brake.wav,kanvvlhoohsti
training_data/processed/conrad_wavs/cno_Brave.wav,tsuulitshvvyaahsti
training_data/processed/conrad_wavs/cno_Breaks.wav,tsulhskwalita
training_data/processed/conrad_wavs/cno_Trousers.wav,tiihsuulo
training_data/processed/conrad_wavs/cno_Briar.wav,khanuukaali
training_data/processed/conrad_wavs/cno_Bridge.wav,aahsvhtlvv'i
training_data/processed/conrad_wavs/cno_Bridle.wav,tsuuthanaalo
training_data/processed/conrad_wavs/cno_Short.wav,tiitihskwalaa'i
training_data/processed/conrad_wavs/cno_Fetch.wav,aayohihsti
training_data/processed/conrad_wavs/cno_English.wav,kiliihsi
training_data/processed/conrad_wavs/cno_Wide.wav,ayatheena
training_data/processed/conrad_wavs/cno_Broke.wav,tsulhskwalitv
training_data/processed/conrad_wavs/cno_Sweep.wav,kvvnoohsahsti
training_data/processed/conrad_wavs/cno_Stepbrother.wav,tiinataanhvvlhi
training_data/processed/conrad_wavs/cno_Brown.wav,wootike
training_data/processed/conrad_wavs/cno_Given.wav,aataaneelv
training_data/processed/conrad_wavs/cno_Built.wav,uunheehskeehv
training_data/processed/conrad_wavs/cno_Lead.wav,ka'ni
training_data/processed/conrad_wavs/cno_Bullfrog.wav,khanuunu
training_data/processed/conrad_wavs/cno_House.wav,kalhtsoote
training_data/processed/conrad_wavs/cno_Dresser.wav,tiihseehihsti
training_data/processed/conrad_wavs/cno_Burglar.wav,kanoohskiihski
training_data/processed/conrad_wavs/cno_Burial.wav,tiitaaniihsohti
training_data/processed/conrad_wavs/cno_Tomb.wav,kaniihsahv
training_data/processed/conrad_wavs/cno_Yard.wav,suulhiilootv
training_data/processed/conrad_wavs/cno_Work.wav,tikalvvwhihstanti
training_data/processed/conrad_wavs/cno_Established.wav,koolhvvnhv
training_data/processed/conrad_wavs/cno_Elephant.wav,khamaama
training_data/processed/conrad_wavs/cno_Snap.wav,akhaneehsti
training_data/processed/conrad_wavs/cno_Buttons.wav,tikathti
training_data/processed/conrad_wavs/cno_Buzzard.wav,suuli
training_data/processed/conrad_wavs/cno_Called.wav,uuyhanvvhv
training_data/processed/conrad_wavs/cno_Camel.wav,kheemili
training_data/processed/conrad_wavs/cno_Stop.wav,aaleewhihstohti
training_data/processed/conrad_wavs/cno_Drawn.wav,aahseehsvvta
training_data/processed/conrad_wavs/cno_Leprosy.wav,ataayheehski
training_data/processed/conrad_wavs/cno_Carcass.wav,uliwootsvhi
training_data/processed/conrad_wavs/cno_Wild.wav,keeyhahthahi
training_data/processed/conrad_wavs/cno_Carpenter.wav,tiinheehskeehski
training_data/processed/conrad_wavs/cno_Carries.wav,aawhiiti
training_data/processed/conrad_wavs/cno_Cash.wav,ateelv
training_data/processed/conrad_wavs/cno_Cat.wav,weehsa
training_data/processed/conrad_wavs/cno_Catfish.wav,tsuuliihstanaali
training_data/processed/conrad_wavs/cno_Cow.wav,wahka
training_data/processed/conrad_wavs/cno_Cavern.wav,uuhstaakalv
training_data/processed/conrad_wavs/cno_Cedar.wav,atsina
training_data/processed/conrad_wavs/cno_Holiday.wav,unateethiyihskv
training_data/processed/conrad_wavs/cno_Cent.wav,iyatanhthehti
training_data/processed/conrad_wavs/cno_Very.wav,uutoohiyu
training_data/processed/conrad_wavs/cno_Chain.wav,uunataateehsvvta
training_data/processed/conrad_wavs/cno_Table.wav,kaahskilo
training_data/processed/conrad_wavs/cno_Chairman.wav,tsuutaathinha'i
training_data/processed/conrad_wavs/cno_Tables.wav,tikaahskilo
training_data/processed/conrad_wavs/cno_Chamber.wav,uuniyhvhsti
training_data/processed/conrad_wavs/cno_Change.wav,tsunhsti
training_data/processed/conrad_wavs/cno_Charge.wav,taakvvwalhti
training_data/processed/conrad_wavs/cno_Confer.wav,aalhinohehti
training_data/processed/conrad_wavs/cno_Chicken.wav,tsithaaka
training_data/processed/conrad_wavs/cno_President.wav,uukvvwiyuuhi
training_data/processed/conrad_wavs/cno_Young.wav,ayoolhi
training_data/processed/conrad_wavs/cno_Picked.wav,uuhsuuyeehsv
training_data/processed/conrad_wavs/cno_Christmas.wav,taaniihstayoohihv
training_data/processed/conrad_wavs/cno_Church.wav,tikalaawihsti
training_data/processed/conrad_wavs/cno_Churches.wav,tsuuniilaawihsti
training_data/processed/conrad_wavs/cno_Cigar.wav,kookhsti
training_data/processed/conrad_wavs/cno_Circus.wav,anatvvneeliihski
training_data/processed/conrad_wavs/cno_City.wav,kaatuuhvv'i
training_data/processed/conrad_wavs/cno_Clay.wav,katakwaali
training_data/processed/conrad_wavs/cno_Sanitary.wav,uutanvvkalvvta
training_data/processed/conrad_wavs/cno_Clipping.wav,tiikvvhalvvta
training_data/processed/conrad_wavs/cno_Watch.wav,waatsi
training_data/processed/conrad_wavs/cno_Cloud.wav,uulookilv
training_data/processed/conrad_wavs/cno_Cloudy.wav,uulookiili
training_data/processed/conrad_wavs/cno_Jacket.wav,kaahsaleena
training_data/processed/conrad_wavs/cno_Coffee.wav,khaawhi
training_data/processed/conrad_wavs/cno_Row.wav,uutanvvnhv
training_data/processed/conrad_wavs/cno_Columns.wav,tuutanvvnhv
training_data/processed/conrad_wavs/cno_Comb.wav,alhthawoohsti
training_data/processed/conrad_wavs/cno_Comments.wav,khanee'ihstiha
training_data/processed/conrad_wavs/cno_Write.wav,tiitikoowheelooti
training_data/processed/conrad_wavs/cno_Faithful.wav,uuwoohiyu
training_data/processed/conrad_wavs/cno_Permanent.wav,nikoohiilv
training_data/processed/conrad_wavs/cno_Contemplate.wav,aatanhthe
training_data/processed/conrad_wavs/cno_Contest.wav,atakoonatooti
training_data/processed/conrad_wavs/cno_Proves.wav,koohiyhti
training_data/processed/conrad_wavs/cno_Maize.wav,seelu
training_data/processed/conrad_wavs/cno_Nook.wav,uunhvvhsiiyv
training_data/processed/conrad_wavs/cno_Cotton.wav,uutsi'lv
training_data/processed/conrad_wavs/cno_Flap.wav,kuulhvvti
training_data/processed/conrad_wavs/cno_Crawfish.wav,tsiihstvvna
training_data/processed/conrad_wavs/cno_Make.wav,koolhvhti
training_data/processed/conrad_wavs/cno_Dozen.wav,thalaatu
training_data/processed/conrad_wavs/cno_Crow.wav,khooka
training_data/processed/conrad_wavs/cno_Tap.wav,akhuukiihsti
training_data/processed/conrad_wavs/cno_Cups.wav,tiikhuukiihsti
training_data/processed/conrad_wavs/cno_Curtains.wav,tiiyhtooltvvti
training_data/processed/conrad_wavs/cno_Wet.wav,kaatuuliita
training_data/processed/conrad_wavs/cno_Deaf.wav,tsuuli'eena
training_data/processed/conrad_wavs/cno_Die.wav,ayoohuuhihsti
training_data/processed/conrad_wavs/cno_December.wav,vvhskiyhi
training_data/processed/conrad_wavs/cno_Decided.wav,tuuwuukhthanv
training_data/processed/conrad_wavs/cno_Utter.wav,khanee'ihsti
training_data/processed/conrad_wavs/cno_Refuse.wav,aataayhaahsti
training_data/processed/conrad_wavs/cno_Defense.wav,ulhstelhti
training_data/processed/conrad_wavs/cno_Mush.wav,wanike
training_data/processed/conrad_wavs/cno_Sweet.wav,uukanaahstv
training_data/processed/conrad_wavs/cno_Gifts.wav,tiitaanhehti
training_data/processed/conrad_wavs/cno_Treat.wav,ataanhehti
training_data/processed/conrad_wavs/cno_Desert.wav,iinake
training_data/processed/conrad_wavs/cno_Desires.wav,uutuuliha
training_data/processed/conrad_wavs/cno_Desirous.wav,uutuuliihsko
training_data/processed/conrad_wavs/cno_Dew.wav,uuhiihsathv
training_data/processed/conrad_wavs/cno_Puzzle.wav,uutsoohsti
training_data/processed/conrad_wavs/cno_Meal.wav,alhstayhti
training_data/processed/conrad_wavs/cno_Unclean.wav,kaahtaha
training_data/processed/conrad_wavs/cno_Disappoint.wav,uuliitaahstohti
training_data/processed/conrad_wavs/cno_Disease.wav,vvyhuuki
training_data/processed/conrad_wavs/cno_Plates.wav,tiitheeliito
training_data/processed/conrad_wavs/cno_Surgeon.wav,ka'nakhti
training_data/processed/conrad_wavs/cno_Doctors.wav,aniika'nakhthi
training_data/processed/conrad_wavs/cno_Does.wav,naatvne
training_data/processed/conrad_wavs/cno_Dog.wav,kiilhi
training_data/processed/conrad_wavs/cno_Dollar.wav,uunhoohsta
training_data/processed/conrad_wavs/cno_Doors.wav,tiihstuuti
training_data/processed/conrad_wavs/cno_Way.wav,kalohihsti
training_data/processed/conrad_wavs/cno_Low.wav,eelati
training_data/processed/conrad_wavs/cno_Skirt.wav,aahsano
training_data/processed/conrad_wavs/cno_Dresses.wav,tiihsano
training_data/processed/conrad_wavs/cno_Drew.wav,uuhseehsvvhv
training_data/processed/conrad_wavs/cno_Drink.wav,atiithahsti
training_data/processed/conrad_wavs/cno_Drum.wav,ahuuli
training_data/processed/conrad_wavs/cno_Drunk.wav,uutiithahv
training_data/processed/conrad_wavs/cno_Duck.wav,khawoonu
training_data/processed/conrad_wavs/cno_Dust.wav,khoohstuuha
training_data/processed/conrad_wavs/cno_Persons.wav,aniihsiyvvwiiha
training_data/processed/conrad_wavs/cno_Ear.wav,ka'leeni
training_data/processed/conrad_wavs/cno_First.wav,ikvvyi
training_data/processed/conrad_wavs/cno_Ears.wav,tika'leeni
training_data/processed/conrad_wavs/cno_World.wav,eelohi
training_data/processed/conrad_wavs/cno_Sunrise.wav,khaalvkv
training_data/processed/conrad_wavs/cno_Watermelon.wav,kvvkiihsti
training_data/processed/conrad_wavs/cno_Eats.wav,uunhikiihsti
training_data/processed/conrad_wavs/cno_Edge.wav,ahstvv'i
training_data/processed/conrad_wavs/cno_School.wav,tiitelkwhahsti
training_data/processed/conrad_wavs/cno_Tutor.wav,tiiteeyhoohvhski
training_data/processed/conrad_wavs/cno_Outcome.wav,nikalhstohti
training_data/processed/conrad_wavs/cno_Result.wav,nuulhsthaanv
training_data/processed/conrad_wavs/cno_Son.wav,uweetsi
training_data/processed/conrad_wavs/cno_Sons.wav,tsuweetsi
training_data/processed/conrad_wavs/cno_Eight.wav,tshuneela
training_data/processed/conrad_wavs/cno_Eighty.wav,neelhskoohi
training_data/processed/conrad_wavs/cno_Elbow.wav,akhiyuuhskeeni
training_data/processed/conrad_wavs/cno_Electric.wav,anaakaaliihski
training_data/processed/conrad_wavs/cno_Element.wav,suutaleeki
training_data/processed/conrad_wavs/cno_Vacant.wav,uuhsiwha
training_data/processed/conrad_wavs/cno_Enclosure.wav,aahsooyhvv'i
training_data/processed/conrad_wavs/cno_Meet.wav,tiitloohihsti
training_data/processed/conrad_wavs/cno_End.wav,uulhihstv
training_data/processed/conrad_wavs/cno_Entry.wav,ayvvhsti
training_data/processed/conrad_wavs/cno_Ticket.wav,ayvvhstohti
training_data/processed/conrad_wavs/cno_Important.wav,ulhskeetv
training_data/processed/conrad_wavs/cno_Sacred.wav,kalvkwhti
training_data/processed/conrad_wavs/cno_Eternal.wav,iikohiitv
training_data/processed/conrad_wavs/cno_Everlasting.wav,iikoohiita
training_data/processed/conrad_wavs/cno_Evening.wav,svvhiyeeyi
training_data/processed/conrad_wavs/cno_Exciting.wav,uhskahseet
training_data/processed/conrad_wavs/cno_Expired.wav,ulhskwatv
training_data/processed/conrad_wavs/cno_Explains.wav,teekoohsiihsi
training_data/processed/conrad_wavs/cno_Extended.wav,khaneekwootv
training_data/processed/conrad_wavs/cno_Teachers.wav,tiinateeyhoohvhski
training_data/processed/conrad_wavs/cno_Fail.wav,uunuulv'nhv
training_data/processed/conrad_wavs/cno_Farmer.wav,tikalookiihski
training_data/processed/conrad_wavs/cno_Farmers.wav,tiiniilookiihski
training_data/processed/conrad_wavs/cno_Fat.wav,kalitsoohita
training_data/processed/conrad_wavs/cno_Tallow.wav,kalitsoohitv
training_data/processed/conrad_wavs/cno_Quill.wav,ukiitaalhi
training_data/processed/conrad_wavs/cno_February.wav,khaaka'li
training_data/processed/conrad_wavs/cno_Guilt.wav,uuhskanvvtsv
training_data/processed/conrad_wavs/cno_Touched.wav,uuhsvvnhilv
training_data/processed/conrad_wavs/cno_Mare.wav,akiihsi
training_data/processed/conrad_wavs/cno_Wall.wav,aahsooyhv
training_data/processed/conrad_wavs/cno_Meager.wav,kaayoolhi
training_data/processed/conrad_wavs/cno_Scoundrel.wav,uuneekuutsitv
training_data/processed/conrad_wavs/cno_Horror.wav,kanayeeki
training_data/processed/conrad_wavs/cno_Full.wav,khali
training_data/processed/conrad_wavs/cno_Finger.wav,kaayeehsa'tv
training_data/processed/conrad_wavs/cno_Fingers.wav,teekaayeehsa'tv
training_data/processed/conrad_wavs/cno_Fish.wav,atsa'ti
training_data/processed/conrad_wavs/cno_Five.wav,hihski
training_data/processed/conrad_wavs/cno_Flag.wav,kaatathi
training_data/processed/conrad_wavs/cno_Side.wav,ahskwaakeeni
training_data/processed/conrad_wavs/cno_Reverse.wav,atsvhsthti
training_data/processed/conrad_wavs/cno_Seed.wav,uukhtha
training_data/processed/conrad_wavs/cno_Fled.wav,uulithiihsv
training_data/processed/conrad_wavs/cno_Flew.wav,uulhawiitvhv
training_data/processed/conrad_wavs/cno_Flint.wav,tawiihskala
training_data/processed/conrad_wavs/cno_Pitch.wav,aatiinvvti
training_data/processed/conrad_wavs/cno_Roses.wav,aniitsiilvvhski
training_data/processed/conrad_wavs/cno_Rose.wav,atsiilvvhski
training_data/processed/conrad_wavs/cno_Fog.wav,uukhvhatv
training_data/processed/conrad_wavs/cno_Foggy.wav,uukhvhata
training_data/processed/conrad_wavs/cno_Straw.wav,khaneehska
training_data/processed/conrad_wavs/cno_Follows.wav,aahstaawateeka
training_data/processed/conrad_wavs/cno_Fool.wav,nuutanhthvvna
training_data/processed/conrad_wavs/cno_Fools.wav,nuunatanhthvvna
training_data/processed/conrad_wavs/cno_Forced.wav,uuwaahsatooyhv
training_data/processed/conrad_wavs/cno_Forgot.wav,uuwaakhewhsv
training_data/processed/conrad_wavs/cno_Nail.wav,yvvki
training_data/processed/conrad_wavs/cno_Forty.wav,nvvkhskoohi
training_data/processed/conrad_wavs/cno_Four.wav,nvhki
training_data/processed/conrad_wavs/cno_Four_in_hand.wav,aayhatlvvti
training_data/processed/conrad_wavs/cno_Fourth.wav,nvhkiine
training_data/processed/conrad_wavs/cno_Lean.wav,uuleehsootv
training_data/processed/conrad_wavs/cno_Frame.wav,kalvvtohti
training_data/processed/conrad_wavs/cno_Frames.wav,tikalvvtohti
training_data/processed/conrad_wavs/cno_Frequent.wav,iyuutaali
training_data/processed/conrad_wavs/cno_Fresh.wav,itsee'i
training_data/processed/conrad_wavs/cno_Toad.wav,waloohsi
training_data/processed/conrad_wavs/cno_Frown.wav,uutaneekooyu
training_data/processed/conrad_wavs/cno_Ice.wav,uuneehstala
training_data/processed/conrad_wavs/cno_Measure.wav,alhiiloohsti
training_data/processed/conrad_wavs/cno_Gain.wav,uunhehkwo'ihsti
training_data/processed/conrad_wavs/cno_Room.wav,khanvvhsuulv
training_data/processed/conrad_wavs/cno_Yards.wav,iyuulhiilootv
training_data/processed/conrad_wavs/cno_Garbage.wav,uyo
training_data/processed/conrad_wavs/cno_Gave.wav,uutaanhelv
training_data/processed/conrad_wavs/cno_Tame.wav,uutanhthi
training_data/processed/conrad_wavs/cno_Girl.wav,akeeyhuutsa
training_data/processed/conrad_wavs/cno_Welcome.wav,uuliiheelihsti
training_data/processed/conrad_wavs/cno_Glass.wav,ataakhehti
training_data/processed/conrad_wavs/cno_Glasses.wav,tiitaakhehti
training_data/processed/conrad_wavs/cno_Sullen.wav,uuhiihsohti
training_data/processed/conrad_wavs/cno_Glove.wav,aliyeehsuulo
training_data/processed/conrad_wavs/cno_Goat.wav,uukhsootsaaneetv
training_data/processed/conrad_wavs/cno_Lord.wav,uneelhanvvhi
training_data/processed/conrad_wavs/cno_Goes.wav,eekoo'i
training_data/processed/conrad_wavs/cno_Sailed.wav,uunhikiihsv
training_data/processed/conrad_wavs/cno_Swan.wav,saahsa
training_data/processed/conrad_wavs/cno_Grandfather.wav,uutuutu
training_data/processed/conrad_wavs/cno_Grandmother.wav,uuliihsi
training_data/processed/conrad_wavs/cno_Grape.wav,thelvlaati
training_data/processed/conrad_wavs/cno_Grave.wav,kaniihsahvv'i
training_data/processed/conrad_wavs/cno_Green.wav,itse'iyuuhsti
training_data/processed/conrad_wavs/cno_Grown.wav,uuthvhsv
training_data/processed/conrad_wavs/cno_Grinder.wav,ahstoohski
training_data/processed/conrad_wavs/cno_Grits.wav,neekwatv
training_data/processed/conrad_wavs/cno_Soil.wav,kaatoohi
training_data/processed/conrad_wavs/cno_Groundhog.wav,ookanv
training_data/processed/conrad_wavs/cno_Grows.wav,aathvhska
training_data/processed/conrad_wavs/cno_Guard.wav,aakhthiiya
training_data/processed/conrad_wavs/cno_Guitar.wav,tikhanookiihsti
training_data/processed/conrad_wavs/cno_Gun.wav,kalookwe
training_data/processed/conrad_wavs/cno_Guns.wav,tikalookwe
training_data/processed/conrad_wavs/cno_Had.wav,aayheehv
training_data/processed/conrad_wavs/cno_Hand.wav,uwooyeeni
training_data/processed/conrad_wavs/cno_Handy.wav,ahiitv
training_data/processed/conrad_wavs/cno_Hang.wav,katvvti
training_data/processed/conrad_wavs/cno_Iron.wav,thaluukiihski
training_data/processed/conrad_wavs/cno_Have.wav,uuha
training_data/processed/conrad_wavs/cno_Quick.wav,uulhihsta
training_data/processed/conrad_wavs/cno_Having.wav,uuhvv'i
training_data/processed/conrad_wavs/cno_Hawk.wav,thawooti
training_data/processed/conrad_wavs/cno_Head.wav,ahskhooli
training_data/processed/conrad_wavs/cno_Hear.wav,aathvvki
training_data/processed/conrad_wavs/cno_Spirit.wav,atanhto
training_data/processed/conrad_wavs/cno_Heathen.wav,aneeyhahthahi
training_data/processed/conrad_wavs/cno_Heavy.wav,kaakeetv
training_data/processed/conrad_wavs/cno_Heel.wav,kaatiikeeni
training_data/processed/conrad_wavs/cno_Hell.wav,tsvvhskiino
training_data/processed/conrad_wavs/cno_Helping.wav,alhsteeliha
training_data/processed/conrad_wavs/cno_Here.wav,ahani
training_data/processed/conrad_wavs/cno_Hickory.wav,wanee'i
training_data/processed/conrad_wavs/cno_Upland.wav,katuuhsi
training_data/processed/conrad_wavs/cno_Hip.wav,aakhahskeeni
training_data/processed/conrad_wavs/cno_His.wav,uutseeli
training_data/processed/conrad_wavs/cno_Hoe.wav,kalookooti
training_data/processed/conrad_wavs/cno_Hog.wav,sihkwa
training_data/processed/conrad_wavs/cno_Hole.wav,aathaleehsv
training_data/processed/conrad_wavs/cno_Hollow.wav,uuhsvvtooni
training_data/processed/conrad_wavs/cno_Hominy.wav,kanoheena
training_data/processed/conrad_wavs/cno_Truth.wav,tuuyuukhtv
training_data/processed/conrad_wavs/cno_Hoof.wav,uulaahsihteeni
training_data/processed/conrad_wavs/cno_Hook.wav,suhti
training_data/processed/conrad_wavs/cno_Round.wav,kaahsakwalv
training_data/processed/conrad_wavs/cno_Horn.wav,uuyhoona
training_data/processed/conrad_wavs/cno_Horse.wav,sookwili
training_data/processed/conrad_wavs/cno_Hot.wav,utileeki
training_data/processed/conrad_wavs/cno_Hotel.wav,tsuuniihsvvhsti
training_data/processed/conrad_wavs/cno_Huckleberry.wav,khuwaaya
training_data/processed/conrad_wavs/cno_People.wav,yvvwi
training_data/processed/conrad_wavs/cno_Hunch.wav,uuwoothihsv
training_data/processed/conrad_wavs/cno_Hungry.wav,uuyoohsi
training_data/processed/conrad_wavs/cno_Hunter.wav,kanoohaliitoohi
training_data/processed/conrad_wavs/cno_Rascal.wav,uutloonaahsti
training_data/processed/conrad_wavs/cno_Me.wav,ayv
training_data/processed/conrad_wavs/cno_Scheme.wav,atanhthehti
training_data/processed/conrad_wavs/cno_Increases.wav,khanehkwoo'a
training_data/processed/conrad_wavs/cno_Indian.wav,ayvvwiya
training_data/processed/conrad_wavs/cno_Interest.wav,uunhehkwootsv
training_data/processed/conrad_wavs/cno_Phone.wav,tiilhinoheehti
training_data/processed/conrad_wavs/cno_Prison.wav,tiitaahstuuti
training_data/processed/conrad_wavs/cno_Jaw.wav,ayukheeni
training_data/processed/conrad_wavs/cno_Jesus.wav,tsiihsa
training_data/processed/conrad_wavs/cno_Job.wav,tsuulvvwhihstaanehti
training_data/processed/conrad_wavs/cno_Judge.wav,tikuukhtiihski
training_data/processed/conrad_wavs/cno_Judges.wav,tiinuukhtiihski
training_data/processed/conrad_wavs/cno_Pool.wav,kanehv
training_data/processed/conrad_wavs/cno_July.wav,kuyekwooni
training_data/processed/conrad_wavs/cno_Jumped.wav,tulhthatiinvvhsv
training_data/processed/conrad_wavs/cno_Jumper.wav,tilhthateeki
training_data/processed/conrad_wavs/cno_Junction.wav,tsuutloohihsti
training_data/processed/conrad_wavs/cno_June.wav,teehaluuyi
training_data/processed/conrad_wavs/cno_Junk.wav,uweethi
training_data/processed/conrad_wavs/cno_Jury.wav,anihsuuli
training_data/processed/conrad_wavs/cno_Keeper.wav,uukhseehsti
training_data/processed/conrad_wavs/cno_Key.wav,stu'iihsti
training_data/processed/conrad_wavs/cno_Keys.wav,tiihstu'iihsti
training_data/processed/conrad_wavs/cno_Various.wav,tsuutaleenhvvta
training_data/processed/conrad_wavs/cno_Kitchen.wav,atahstaayhti
training_data/processed/conrad_wavs/cno_Knife.wav,hayeelahsti
training_data/processed/conrad_wavs/cno_Knows.wav,aakhthaha
training_data/processed/conrad_wavs/cno_Worker.wav,tsuulvvwhihstaaneehi
training_data/processed/conrad_wavs/cno_Lace.wav,akatheena
training_data/processed/conrad_wavs/cno_Lap.wav,tikanvvhskeeni
training_data/processed/conrad_wavs/cno_Lawn.wav,oonhi
training_data/processed/conrad_wavs/cno_Lawyer.wav,tiithiyoohihi
training_data/processed/conrad_wavs/cno_Rack.wav,alhohti
training_data/processed/conrad_wavs/cno_Learned.wav,uuteelhohkwa'v
training_data/processed/conrad_wavs/cno_Leather.wav,kanootsi
training_data/processed/conrad_wavs/cno_Leaves.wav,tsuukalooka
training_data/processed/conrad_wavs/cno_Sends.wav,aatanvvhska
training_data/processed/conrad_wavs/cno_Left.wav,akhskani
training_data/processed/conrad_wavs/cno_Leg.wav,kanvvhskeeni
training_data/processed/conrad_wavs/cno_Likes.wav,uulvvkwhti
training_data/processed/conrad_wavs/cno_Tiger.wav,lhvvtatsi
training_data/processed/conrad_wavs/cno_Liver.wav,uweela
training_data/processed/conrad_wavs/cno_Load.wav,akhalii'i
training_data/processed/conrad_wavs/cno_Terrapin.wav,taakhsi
training_data/processed/conrad_wavs/cno_Locust.wav,vvle
training_data/processed/conrad_wavs/cno_Long.wav,kanvvhiita
training_data/processed/conrad_wavs/cno_Look.wav,hakhtha
training_data/processed/conrad_wavs/cno_Looked.wav,uukhthanhv
training_data/processed/conrad_wavs/cno_Looks.wav,aakhthiha
training_data/processed/conrad_wavs/cno_Loss.wav,uuyoohuuhseelv
training_data/processed/conrad_wavs/cno_Louse.wav,thina
training_data/processed/conrad_wavs/cno_Lovely.wav,uukeyhti
training_data/processed/conrad_wavs/cno_Loves.wav,tsiikeeyuu'a
training_data/processed/conrad_wavs/cno_Lumber.wav,tsuuyhahtheena
training_data/processed/conrad_wavs/cno_Luncheon.wav,alhstayhtii'i
training_data/processed/conrad_wavs/cno_Lung.wav,tsuweela
training_data/processed/conrad_wavs/cno_Sire.wav,ahskaya
training_data/processed/conrad_wavs/cno_Managed.wav,uutaanhtheelhv
training_data/processed/conrad_wavs/cno_Marble.wav,kataayohsti
training_data/processed/conrad_wavs/cno_Sheriff.wav,tiitaaniiyiihski
training_data/processed/conrad_wavs/cno_Martin.wav,tluutlu
training_data/processed/conrad_wavs/cno_Maximum.wav,kalvvlatike
training_data/processed/conrad_wavs/cno_Stream.wav,uuweeyvv'i
training_data/processed/conrad_wavs/cno_Meat.wav,hawiiya
training_data/processed/conrad_wavs/cno_Meddle.wav,aateeyhthoohti
training_data/processed/conrad_wavs/cno_Medicine.wav,nvvwoothi
training_data/processed/conrad_wavs/cno_Meetings.wav,taanatloohska
training_data/processed/conrad_wavs/cno_Odor.wav,kawhsvvki
training_data/processed/conrad_wavs/cno_Member.wav,ke'la
training_data/processed/conrad_wavs/cno_Men.wav,aniihskaya
training_data/processed/conrad_wavs/cno_Store.wav,aataana'nv
training_data/processed/conrad_wavs/cno_Merchant.wav,uutaana'ni
training_data/processed/conrad_wavs/cno_Meridian.wav,aahstanvvnhvv'i
training_data/processed/conrad_wavs/cno_Met.wav,tuunatloohsv
training_data/processed/conrad_wavs/cno_Rat.wav,tsiihsteetsi
training_data/processed/conrad_wavs/cno_Mills.wav,tiihstoohski
training_data/processed/conrad_wavs/cno_Priest.wav,alhtsatoohvhski
training_data/processed/conrad_wavs/cno_Minute.wav,iyathawhoohsthanv
training_data/processed/conrad_wavs/cno_Sight.wav,akowhthvhti
training_data/processed/conrad_wavs/cno_Mire.wav,lhawoothuuhi
training_data/processed/conrad_wavs/cno_Mitten.wav,tiiliyeehsuulo
training_data/processed/conrad_wavs/cno_Money.wav,ateela
training_data/processed/conrad_wavs/cno_Months.wav,iiyanvvta
training_data/processed/conrad_wavs/cno_Sick.wav,uutlvvki
training_data/processed/conrad_wavs/cno_Morning.wav,sunaalee'i
training_data/processed/conrad_wavs/cno_Mosquito.wav,toohsa
training_data/processed/conrad_wavs/cno_Mother.wav,uniitsi
training_data/processed/conrad_wavs/cno_Mountain.wav,ootalv
training_data/processed/conrad_wavs/cno_Mountains.wav,tootalv
training_data/processed/conrad_wavs/cno_Mouth.wav,ahooli
training_data/processed/conrad_wavs/cno_Moving.wav,aata'nv
training_data/processed/conrad_wavs/cno_Much.wav,uutsathi
training_data/processed/conrad_wavs/cno_Mulberry.wav,khuwa
training_data/processed/conrad_wavs/cno_Mushroom.wav,tawooli
training_data/processed/conrad_wavs/cno_Shotgun.wav,uuhsvvteena
training_data/processed/conrad_wavs/cno_Name.wav,tuutoo'v
training_data/processed/conrad_wavs/cno_Ugly.wav,u'neekilhti
training_data/processed/conrad_wavs/cno_New.wav,itse
training_data/processed/conrad_wavs/cno_Other.wav,so'i
training_data/processed/conrad_wavs/cno_Night.wav,svvnooyi
training_data/processed/conrad_wavs/cno_Quinine.wav,sonheela
training_data/processed/conrad_wavs/cno_Noodle.wav,tikalvvnvvhi
training_data/processed/conrad_wavs/cno_Noticed.wav,uuteelohoohsv
training_data/processed/conrad_wavs/cno_Noun.wav,tuutoo'vv'i
training_data/processed/conrad_wavs/cno_November.wav,nvvtateekwa
training_data/processed/conrad_wavs/cno_Number.wav,tiitiihsehsti
training_data/processed/conrad_wavs/cno_Nut.wav,sohi
training_data/processed/conrad_wavs/cno_Oak.wav,tsuuhska
training_data/processed/conrad_wavs/cno_Objects.wav,taakhthiileeka
training_data/processed/conrad_wavs/cno_Seldom.wav,iyuutaaliiha
training_data/processed/conrad_wavs/cno_Oily.wav,ko'iiha
training_data/processed/conrad_wavs/cno_Thousand.wav,akayvvli
training_data/processed/conrad_wavs/cno_One.wav,saakwu
training_data/processed/conrad_wavs/cno_One's.wav,aniihsiyvvwi
training_data/processed/conrad_wavs/cno_Opposed.wav,tuukhthiilvvhsv
training_data/processed/conrad_wavs/cno_Osage.wav,aniikwhaahsaahsi
training_data/processed/conrad_wavs/cno_Otter.wav,tsiy'a
training_data/processed/conrad_wavs/cno_Ourselves.wav,ookvvhsa
training_data/processed/conrad_wavs/cno_Outlaw.wav,uuneekuutsita
training_data/processed/conrad_wavs/cno_Overflow.wav,uunoohuukaanv
training_data/processed/conrad_wavs/cno_Overnight.wav,suuhsvvhita
training_data/processed/conrad_wavs/cno_Owl.wav,uukuukhu
training_data/processed/conrad_wavs/cno_Oyster.wav,takvvna
training_data/processed/conrad_wavs/cno_Painful.wav,ehihsti
training_data/processed/conrad_wavs/cno_Parrot.wav,tsiihskwaakawo'nihski
training_data/processed/conrad_wavs/cno_Some.wav,iikaatv
training_data/processed/conrad_wavs/cno_Parted.wav,tuunakaleenvvhv
training_data/processed/conrad_wavs/cno_Tag.wav,kaayalvvti
training_data/processed/conrad_wavs/cno_Patrol.wav,uukhsehstvv'i
training_data/processed/conrad_wavs/cno_Tests.wav,tikatvvti
training_data/processed/conrad_wavs/cno_Penalty.wav,uutaahstvvtiihsti
training_data/processed/conrad_wavs/cno_Personal.wav,ahsiyvvwi
training_data/processed/conrad_wavs/cno_Pictures.wav,tiitaalhiiloohsthanv
training_data/processed/conrad_wavs/cno_Scrap.wav,akvvhalvvta
training_data/processed/conrad_wavs/cno_Pill.wav,tiikhihsti
training_data/processed/conrad_wavs/cno_Pine.wav,nohtsi
training_data/processed/conrad_wavs/cno_Plate.wav,atheeliito
training_data/processed/conrad_wavs/cno_Plow.wav,kaataluukooti
training_data/processed/conrad_wavs/cno_Plum.wav,kwhanunhsti
training_data/processed/conrad_wavs/cno_Pocket.wav,aatlawa'tv
training_data/processed/conrad_wavs/cno_Pockets.wav,taatlaawa'tv
training_data/processed/conrad_wavs/cno_Point.wav,koohstaayi
training_data/processed/conrad_wavs/cno_Poison.wav,ataahihi
training_data/processed/conrad_wavs/cno_Popcorn.wav,anhthahskiihski
training_data/processed/conrad_wavs/cno_Posse.wav,tiinataaniiyiihski
training_data/processed/conrad_wavs/cno_Postman.wav,koowheelitiikaanhitoohi
training_data/processed/conrad_wavs/cno_Powder.wav,tiitiitaweelakiihski
training_data/processed/conrad_wavs/cno_Presents.wav,aataanheeha
training_data/processed/conrad_wavs/cno_Presidents.wav,uuniikvvwiyuuhi
training_data/processed/conrad_wavs/cno_Procession.wav,ahi'lvvhsti
training_data/processed/conrad_wavs/cno_Produces.wav,aathvhihsti
training_data/processed/conrad_wavs/cno_Pulled.wav,unhsaneehsv
training_data/processed/conrad_wavs/cno_Scholar.wav,tiitelookwaahski
training_data/processed/conrad_wavs/cno_Quail.wav,kuuhkwe
training_data/processed/conrad_wavs/cno_Quarrel.wav,athiyoohsti
training_data/processed/conrad_wavs/cno_Quit.wav,lheehsti
training_data/processed/conrad_wavs/cno_Rabbit.wav,tsiihstu
training_data/processed/conrad_wavs/cno_Radish.wav,kaalatiihski
training_data/processed/conrad_wavs/cno_Rainbow.wav,uunhvkolaatv
training_data/processed/conrad_wavs/cno_Rained.wav,uukaanhanv
training_data/processed/conrad_wavs/cno_Raining.wav,aakaahska
training_data/processed/conrad_wavs/cno_Shower.wav,aakahski
training_data/processed/conrad_wavs/cno_Rattlesnake.wav,uutsoonati
training_data/processed/conrad_wavs/cno_Razor.wav,aalhstooyhtoohti
training_data/processed/conrad_wavs/cno_Writer.wav,tiitikoowheeliihski
training_data/processed/conrad_wavs/cno_Red.wav,kiikake
training_data/processed/conrad_wavs/cno_Refused.wav,uutayhilv
training_data/processed/conrad_wavs/cno_Republicans.wav,uuniiyhvvtla
training_data/processed/conrad_wavs/cno_Resident.wav,kaneela
training_data/processed/conrad_wavs/cno_Restaurant.wav,tsuunalhstayhti
training_data/processed/conrad_wavs/cno_Retreat.wav,aahsinhvhsti
training_data/processed/conrad_wavs/cno_Returns.wav,iika'luhka
training_data/processed/conrad_wavs/cno_Revenge.wav,atlee'ihsti
training_data/processed/conrad_wavs/cno_Revolution.wav,aateeyohv
training_data/processed/conrad_wavs/cno_Rib.wav,tiitikanuulatsi
training_data/processed/conrad_wavs/cno_Ribbon.wav,akweelhuuhsti
training_data/processed/conrad_wavs/cno_Ride.wav,aakhilvvti
training_data/processed/conrad_wavs/cno_Rides.wav,akhi'lv'vvhska
training_data/processed/conrad_wavs/cno_Rise.wav,ulhsalatooti
training_data/processed/conrad_wavs/cno_River.wav,uuweeyv
training_data/processed/conrad_wavs/cno_Road.wav,nvvnoohi
training_data/processed/conrad_wavs/cno_Roads.wav,teekanvvnhv
training_data/processed/conrad_wavs/cno_Stone.wav,nvvya
training_data/processed/conrad_wavs/cno_Rope.wav,steeyitv
training_data/processed/conrad_wavs/cno_Tar.wav,aatla
training_data/processed/conrad_wavs/cno_Rot.wav,uukoohsv
training_data/processed/conrad_wavs/cno_Rotten.wav,uukoohsitv
training_data/processed/conrad_wavs/cno_Rushed.wav,uuwaanvv'tsv
training_data/processed/conrad_wavs/cno_Rushing.wav,uuwaanvvkv
training_data/processed/conrad_wavs/cno_Sunday.wav,uunatootakwaahskv
training_data/processed/conrad_wavs/cno_Saddle.wav,kaayhahuulo
training_data/processed/conrad_wavs/cno_Sag.wav,uunooyvvtsv
training_data/processed/conrad_wavs/cno_Walk.wav,aa'iihsv
training_data/processed/conrad_wavs/cno_Walking.wav,aa'iihsvv'i
training_data/processed/conrad_wavs/cno_Salesman.wav,kanhthaniitoohi
training_data/processed/conrad_wavs/cno_Salmon.wav,seemooni
training_data/processed/conrad_wavs/cno_Sandy.wav,nooyaha
training_data/processed/conrad_wavs/cno_Sang.wav,tuunhookiihsv
training_data/processed/conrad_wavs/cno_Saturday.wav,u na tootakwiiteena
training_data/processed/conrad_wavs/cno_Sawdust.wav,uuhskookv
training_data/processed/conrad_wavs/cno_Says.wav,aatiha
training_data/processed/conrad_wavs/cno_Scar.wav,uneelvvhsv
training_data/processed/conrad_wavs/cno_Score.wav,uuhskwatiihsti
training_data/processed/conrad_wavs/cno_Stool.wav,kati
training_data/processed/conrad_wavs/cno_Second.wav,tha'liine
training_data/processed/conrad_wavs/cno_Secretary.wav,tikoowheeliihski
training_data/processed/conrad_wavs/cno_Seeking.wav,uukoohvv'i
training_data/processed/conrad_wavs/cno_Sees.wav,aakowhthi
training_data/processed/conrad_wavs/cno_Seine.wav,akaayaluuti
training_data/processed/conrad_wavs/cno_Worries.wav,uutanhthehti
training_data/processed/conrad_wavs/cno_September.wav,tuuliihsti
training_data/processed/conrad_wavs/cno_Seven.wav,kalhkwooki
training_data/processed/conrad_wavs/cno_Seventeen.wav,kaalhkwatu
training_data/processed/conrad_wavs/cno_Seventh.wav,kalhkwookiine
training_data/processed/conrad_wavs/cno_Seventy.wav,kaalhkwhaahskoohi
training_data/processed/conrad_wavs/cno_Shade.wav,uutaawatiihskv
training_data/processed/conrad_wavs/cno_Shades.wav,tuutaawatiihskv
training_data/processed/conrad_wavs/cno_Shadow.wav,uutayvvlathv
training_data/processed/conrad_wavs/cno_Shell.wav,uuyhaahska
training_data/processed/conrad_wavs/cno_Shingle.wav,svtaluuki
training_data/processed/conrad_wavs/cno_Shoe.wav,alaahsuulo
training_data/processed/conrad_wavs/cno_Shoes.wav,tiilaahsuulo
training_data/processed/conrad_wavs/cno_Shoulder.wav,kanvvwoo'i
training_data/processed/conrad_wavs/cno_Spade.wav,tiitiikhooteehsti
training_data/processed/conrad_wavs/cno_Sides.wav,tiihskwakeeni
training_data/processed/conrad_wavs/cno_Sin.wav,ahskanhi
training_data/processed/conrad_wavs/cno_Song.wav,khanookiihsti
training_data/processed/conrad_wavs/cno_Sit.wav,uuwoolha
training_data/processed/conrad_wavs/cno_Sitting.wav,aani'nvv'i
training_data/processed/conrad_wavs/cno_Six.wav,suutali
training_data/processed/conrad_wavs/cno_Sixth.wav,suutaliine
training_data/processed/conrad_wavs/cno_Sixty.wav,suutaalhskoohi
training_data/processed/conrad_wavs/cno_Size.wav,nikhvv'i
training_data/processed/conrad_wavs/cno_Slack.wav,waana
training_data/processed/conrad_wavs/cno_Sled.wav,titaanhsineeki
training_data/processed/conrad_wavs/cno_Wing.wav,kooyhatv
training_data/processed/conrad_wavs/cno_Slim.wav,kalvvtoolhi
training_data/processed/conrad_wavs/cno_Snag.wav,uutlvvtalvvta
training_data/processed/conrad_wavs/cno_Sneeze.wav,tuuyhvvhstooyhv
training_data/processed/conrad_wavs/cno_Snow.wav,uunaatsi
training_data/processed/conrad_wavs/cno_Snowed.wav,uuwuuthanhv
training_data/processed/conrad_wavs/cno_Soap.wav,oolha
training_data/processed/conrad_wavs/cno_Sock.wav,aaliiyo
training_data/processed/conrad_wavs/cno_Socks.wav,tiiliiyo
training_data/processed/conrad_wavs/cno_Soft.wav,wanikee'i
training_data/processed/conrad_wavs/cno_Somebody.wav,khiloo'i
training_data/processed/conrad_wavs/cno_Something.wav,koohuuhsti
training_data/processed/conrad_wavs/cno_Soup.wav,uukama
training_data/processed/conrad_wavs/cno_Space.wav,uutlanvvtv
training_data/processed/conrad_wavs/cno_Spaniard.wav,ahskwaani
training_data/processed/conrad_wavs/cno_Spear.wav,tikaathihsti
training_data/processed/conrad_wavs/cno_Spirits.wav,tiitanhto
training_data/processed/conrad_wavs/cno_Spoke.wav,uunheetsv
training_data/processed/conrad_wavs/cno_Spoon.wav,atiithohti
training_data/processed/conrad_wavs/cno_Squirrel.wav,salooli
training_data/processed/conrad_wavs/cno_Stab.wav,tiitikaathihsti
training_data/processed/conrad_wavs/cno_Standing.wav,aaniitoona'v
training_data/processed/conrad_wavs/cno_Star.wav,nokwhsi
training_data/processed/conrad_wavs/cno_Starts.wav,aanhikiihsti
training_data/processed/conrad_wavs/cno_Started.wav,uunhikiihsthanv
training_data/processed/conrad_wavs/cno_States.wav,khanooheha
training_data/processed/conrad_wavs/cno_Sting.wav,ataatsvyhski
training_data/processed/conrad_wavs/cno_Stole.wav,uunoohskiihsv
training_data/processed/conrad_wavs/cno_Stopped.wav,uuleewhihsthanv
training_data/processed/conrad_wavs/cno_Stores.wav,taataana'nv
training_data/processed/conrad_wavs/cno_Stout.wav,uulhiniikiitv
training_data/processed/conrad_wavs/cno_Stove.wav,akaanawoohihstii'
training_data/processed/conrad_wavs/cno_Straight.wav,kaatshinoohstv
training_data/processed/conrad_wavs/cno_Strange.wav,ahseeki
training_data/processed/conrad_wavs/cno_Strawberry.wav,a'ni
training_data/processed/conrad_wavs/cno_Streets.wav,teekalanvvtv
training_data/processed/conrad_wavs/cno_Waive.wav,tuuyohsv
training_data/processed/conrad_wavs/cno_Sugar.wav,khalhseetsi
training_data/processed/conrad_wavs/cno_Summer.wav,kookeeyi
training_data/processed/conrad_wavs/cno_West.wav,wuuteelikv
training_data/processed/conrad_wavs/cno_Supported.wav,ulhsteelvvhv
training_data/processed/conrad_wavs/cno_Surrender.wav,tsuutaayohihsti
training_data/processed/conrad_wavs/cno_Swim.wav,atawoohsti
training_data/processed/conrad_wavs/cno_Tail.wav,kaniita'tv
training_data/processed/conrad_wavs/cno_Talks.wav,kawooniihsko
training_data/processed/conrad_wavs/cno_Tardy.wav,uukoonhiiyohsti
training_data/processed/conrad_wavs/cno_Teaches.wav,taateeyoohvhska
training_data/processed/conrad_wavs/cno_Teat.wav,kanvvti
training_data/processed/conrad_wavs/cno_Teeth.wav,teekanhtohkv
training_data/processed/conrad_wavs/cno_Tell.wav,tuulhinoheelhv
training_data/processed/conrad_wavs/cno_Ten.wav,skoohi
training_data/processed/conrad_wavs/cno_Tenth.wav,skoohiine
training_data/processed/conrad_wavs/cno_Thick.wav,uhakeetv
training_data/processed/conrad_wavs/cno_Thicket.wav,saluuyi
training_data/processed/conrad_wavs/cno_Thin.wav,tiitiihsakee'i
training_data/processed/conrad_wavs/cno_Thing.wav,iyuuhsti
training_data/processed/conrad_wavs/cno_Third.wav,tso'iine
training_data/processed/conrad_wavs/cno_Thirteen.wav,tsokatu
training_data/processed/conrad_wavs/cno_Thorn.wav,tsuutsayoohsti
training_data/processed/conrad_wavs/cno_Thorough.wav,khalii'i
training_data/processed/conrad_wavs/cno_Three.wav,tso'i
training_data/processed/conrad_wavs/cno_Thrill.wav,uuliiheeliitsv
training_data/processed/conrad_wavs/cno_Thrilling.wav,aaliiheeliikoo'i
training_data/processed/conrad_wavs/cno_Throat.wav,ayhvhtseeni
training_data/processed/conrad_wavs/cno_Thug.wav,tiitaahihi
training_data/processed/conrad_wavs/cno_Woods.wav,athoohi
training_data/processed/conrad_wavs/cno_Toe.wav,khanaahsa'tv
training_data/processed/conrad_wavs/cno_We.wav,iitsuula
training_data/processed/conrad_wavs/cno_Tooth.wav,kanhtohkv
training_data/processed/conrad_wavs/cno_Touches.wav,aahsvvnhi'ha
training_data/processed/conrad_wavs/cno_Town.wav,kaatuuhv
training_data/processed/conrad_wavs/cno_Traced.wav,uuhstaawatvvhsv
training_data/processed/conrad_wavs/cno_Track.wav,kanvvnhvv'i
training_data/processed/conrad_wavs/cno_Transpire.wav,uuteeli'iihsti
training_data/processed/conrad_wavs/cno_Trap.wav,satvvti
training_data/processed/conrad_wavs/cno_Tree.wav,lhkv
training_data/processed/conrad_wavs/cno_Trees.wav,telhkv
training_data/processed/conrad_wavs/cno_Tumult.wav,tsuunataleenhvvta
training_data/processed/conrad_wavs/cno_Turned.wav,uukhthahvvhsv
training_data/processed/conrad_wavs/cno_Turns.wav,aakhthahvv'a
training_data/processed/conrad_wavs/cno_Two.wav,tha'li
training_data/processed/conrad_wavs/cno_Type.wav,tikaakhohti
training_data/processed/conrad_wavs/cno_Ulcer.wav,kawoohskv
training_data/processed/conrad_wavs/cno_Wicked.wav,ahskana
training_data/processed/conrad_wavs/cno_Uphill.wav,khanaluuhskv
training_data/processed/conrad_wavs/cno_Useful.wav,ulhskeeta
training_data/processed/conrad_wavs/cno_Vacancies.wav,tsuuhsiwha
training_data/processed/conrad_wavs/cno_Vacancy.wav,uutlanvvtvv'i
training_data/processed/conrad_wavs/cno_Valley.wav,uukheetaaliiyv
training_data/processed/conrad_wavs/cno_Varied.wav,tuulhiiloohsthanv
training_data/processed/conrad_wavs/cno_Wagon.wav,taakwaleelu
training_data/processed/conrad_wavs/cno_Walks.wav,aanhiki'a
training_data/processed/conrad_wavs/cno_Walls.wav,taahsooyhv
training_data/processed/conrad_wavs/cno_Walnut.wav,seeti
training_data/processed/conrad_wavs/cno_Wasp.wav,khanatsiihsteetsi
training_data/processed/conrad_wavs/cno_Waters.wav,amaayi
training_data/processed/conrad_wavs/cno_Wealthy.wav,uweenha'i
training_data/processed/conrad_wavs/cno_Weave.wav,kvhti
training_data/processed/conrad_wavs/cno_Weed.wav,kanuulv
training_data/processed/conrad_wavs/cno_Week.wav,suuntootakwahsti
training_data/processed/conrad_wavs/cno_Went.wav,uuweenvvhsv
training_data/processed/conrad_wavs/cno_Wept.wav,uutlooyhilv
training_data/processed/conrad_wavs/cno_Wheat.wav,uutsaleehsti
training_data/processed/conrad_wavs/cno_Whet.wav,tiitikhtlvhti
training_data/processed/conrad_wavs/cno_Whiskey.wav,whiihski
training_data/processed/conrad_wavs/cno_Who.wav,kaako
training_data/processed/conrad_wavs/cno_Wife.wav,uuhstaayvhvvhski
training_data/processed/conrad_wavs/cno_Willing.wav,uutvvnvv'iihsti
training_data/processed/conrad_wavs/cno_Witness.wav,akhthahi
training_data/processed/conrad_wavs/cno_Wolf.wav,wayha
training_data/processed/conrad_wavs/cno_Wolves.wav,aniiwhaya
training_data/processed/conrad_wavs/cno_Women.wav,aniikeeyha
training_data/processed/conrad_wavs/cno_Wrestle.wav,aanheehsti
training_data/processed/conrad_wavs/cno_Wrote.wav,uuwoowheelaanv
training_data/processed/conrad_wavs/cno_Year.wav,suuteethiyvvta
training_data/processed/conrad_wavs/cno_Yellow.wav,taloonike
training_data/processed/conrad_wavs/cno_Yellow_hammer.wav,uneekaata
training_data/processed/conrad_wavs/cno_Yes.wav,vvv
training_data/processed/conrad_wavs/cno_Yesterday.wav,svvhi
training_data/processed/conrad_wavs/cno_Your.wav,nihi
training_data/processed/conrad_wavs/cno_Yourself.wav,tsvvhsa
training_data/processed/conrad_wavs/cno_Yourselves.wav,iitsvvhsa
training_data/processed/conrad_wavs/walc-1_0002-Chapter_1_1.1_1.1.2-000000355.wav,tsi'ooli
training_data/processed/conrad_wavs/walc-1_0004-Chapter_1_1.1_1.1.4-000000475.wav,ahooli
training_data/processed/conrad_wavs/walc-1_0005-Chapter_1_1.1_1.2.1-000000000.wav,oohsiyo
training_data/processed/conrad_wavs/walc-1_0006-Chapter_1_1.1_1.2.1-000001695.wav,siyo
training_data/processed/conrad_wavs/walc-1_0008-Chapter_1_1.1_Set_A_01_I_am_reading-000000315.wav,tsikooliiye'a
training_data/processed/conrad_wavs/walc-1_0009-Chapter_1_1.1_Set_A_02_You_are_reading-000000405.wav,hikooliiye'a
training_data/processed/conrad_wavs/walc-1_0010-Chapter_1_1.1_Set_A_03_He-She_is_reading-000000000.wav,aakooliiye'a
training_data/processed/conrad_wavs/walc-1_0011-Chapter_1_1.1_Set_A_04_They_are_reading-000000375.wav,aanikooliiye'a
training_data/processed/conrad_wavs/walc-1_0013-Chapter_1_1.1_Set_A_06_He-She_and_I_are_reading-000000235.wav,oohstikooliiye'a
training_data/processed/conrad_wavs/walc-1_0014-Chapter_1_1.1_Set_A_07_You_two_are_reading-000000765.wav,stikooliiye'a
training_data/processed/conrad_wavs/walc-1_0015-Chapter_1_1.1_Set_A_08_All_of_us_are_reading-000000545.wav,iitikooliiye'a
training_data/processed/conrad_wavs/walc-1_0016-Chapter_1_1.1_Set_A_09_They_and_I_are_reading-000000415.wav,ootsikooliiye'a
training_data/processed/conrad_wavs/walc-1_0018-Chapter_1_1.1_Set_A_11_I_am_diving-000000000.wav,kateethvhska
training_data/processed/conrad_wavs/walc-1_0019-Chapter_1_1.1_Set_A_12_You_are_diving-000000715.wav,hateethvhska
training_data/processed/conrad_wavs/walc-1_0020-Chapter_1_1.1_Set_A_13_He-She_is_diving-000000515.wav,ateethvhska
training_data/processed/conrad_wavs/walc-1_0021-Chapter_1_1.1_Set_A_14_They_are_diving-000000515.wav,aanateethvhska
training_data/processed/conrad_wavs/walc-1_0022-Chapter_1_1.1_Set_A_15_You_and_I_are_diving-000000000.wav,iinateethvhska
training_data/processed/conrad_wavs/walc-1_0023-Chapter_1_1.1_Set_A_16_He-She_and_I_are_diving-000000000.wav,oohstateethvhska
training_data/processed/conrad_wavs/walc-1_0025-Chapter_1_1.1_Set_A_18_All_of_us_are_diving-000000165.wav,iitateethvhska
training_data/processed/conrad_wavs/walc-1_0026-Chapter_1_1.1_Set_A_19_They_and_I_are_diving-000000205.wav,ootsateethvhska
training_data/processed/conrad_wavs/walc-1_0027-Chapter_1_1.1_Set_A_20_You_all_are_diving-000000245.wav,iitsateethvhska
training_data/processed/conrad_wavs/walc-1_0028-Chapter_1_1.1_Set_A_21_I_understand-000000000.wav,kooliika
training_data/processed/conrad_wavs/walc-1_0029-Chapter_1_1.1_Set_A_22_He-she_understands-000000455.wav,kolhka
training_data/processed/conrad_wavs/walc-1_0031-Chapter_1_1.2_1.2.2-000000000.wav,akitsi
training_data/processed/conrad_wavs/walc-1_0032-Chapter_1_1.2_1.2.3-000000465.wav,tsatsi
training_data/processed/conrad_wavs/walc-1_0033-Chapter_1_1.2_1.2.4-000000275.wav,uutsi
training_data/processed/conrad_wavs/walc-1_0034-Chapter_1_1.2_1.2.5-000000785.wav,svvkhtha tuutuuliha
training_data/processed/conrad_wavs/walc-1_0035-Chapter_1_1.2_1.2.6-000000000.wav,tikoowheeli teetsikooliiye'a
training_data/processed/conrad_wavs/walc-1_0036-Chapter_1_1.2_Set_B_01_I_am_hungry-000000000.wav,aakiyoohsiha
training_data/processed/conrad_wavs/walc-1_0037-Chapter_1_1.2_Set_B_02_You_are_hungry-000000475.wav,tsayoohsiha
training_data/processed/conrad_wavs/walc-1_0038-Chapter_1_1.2_Set_B_03_He-she_is_hungry-000000415.wav,uuyoohsiha
training_data/processed/conrad_wavs/walc-1_0039-Chapter_1_1.2_Set_B_04_They_are_hungry-000000185.wav,tuuniyoohsiha
training_data/processed/conrad_wavs/walc-1_0040-Chapter_1_1.2_Set_B_05_You_and_I_are_hungry-000000000.wav,teekiniyoohsiha
training_data/processed/conrad_wavs/walc-1_0041-Chapter_1_1.2_Set_B_06_He-she_and_I_are_hungry-000000645.wav,tookiniyoohsiha
training_data/processed/conrad_wavs/walc-1_0042-Chapter_1_1.2_Set_B_07_You_two_are_hungry-000000495.wav,teehstiyoohsiha
training_data/processed/conrad_wavs/walc-1_0043-Chapter_1_1.2_Set_B_08_All_of_us_are_hungry-000000000.wav,teekiyoohsiha
training_data/processed/conrad_wavs/walc-1_0044-Chapter_1_1.2_Set_B_09_They_and_I_are_hungry-000000475.wav,tookiyoohsiha
training_data/processed/conrad_wavs/walc-1_0045-Chapter_1_1.2_Set_B_10_You_all_are_hungry-000000000.wav,teetsiyoohsiha
training_data/processed/conrad_wavs/walc-1_0046-Chapter_1_1.2_Set_B_11_I_want-000000000.wav,aakwatuuliha
training_data/processed/conrad_wavs/walc-1_0048-Chapter_1_1.2_Set_B_13_He-she_wants-000000455.wav,uutuuliha
training_data/processed/conrad_wavs/walc-1_0049-Chapter_1_1.2_Set_B_14_They_want-000000385.wav,uunatuuliha
training_data/processed/conrad_wavs/walc-1_0050-Chapter_1_1.2_Set_B_15_You_and_I_want-000000675.wav,kinatuuliha
training_data/processed/conrad_wavs/walc-1_0051-Chapter_1_1.2_Set_B_16_He-she_and_I_want-000000455.wav,ookinatuuliha
training_data/processed/conrad_wavs/walc-1_0052-Chapter_1_1.2_Set_B_17_You_two_want-000000505.wav,statuuliha
training_data/processed/conrad_wavs/walc-1_0054-Chapter_1_1.2_Set_B_19_They_and_I_want-000000675.wav,ookatuuliha
training_data/processed/conrad_wavs/walc-1_0055-Chapter_1_1.2_Set_B_20_You_all_want-000000585.wav,iitsatuuliha
training_data/processed/conrad_wavs/walc-1_0056-Chapter_2_2.1_2.1.1-000000635.wav,na ahskay kawooniha
training_data/processed/conrad_wavs/walc-1_0057-Chapter_2_2.1_2.1.10-000000000.wav,wuulvvkwhtvv'i khanookiihsti khanookii'a
training_data/processed/conrad_wavs/walc-1_0058-Chapter_2_2.1_2.1.2-000001355.wav,aanaliihstaayvvhvhska
training_data/processed/conrad_wavs/walc-1_0059-Chapter_2_2.1_2.1.3-000001195.wav,uwotutsv'i tekhanookii'a
training_data/processed/conrad_wavs/walc-1_0060-Chapter_2_2.1_2.1.4-000000345.wav,kooliika
training_data/processed/conrad_wavs/walc-1_0061-Chapter_2_2.1_2.1.5-000000225.wav,uunvvti katiithahska
training_data/processed/conrad_wavs/walc-1_0062-Chapter_2_2.1_2.1.6-000000865.wav,na ahskaya hstaay kawooniha
training_data/processed/conrad_wavs/walc-1_0065-Chapter_2_2.1_2.1.9-000000145.wav,iitataatooliihstiha
training_data/processed/conrad_wavs/walc-1_0066-Chapter_2_2.2_2.2.1-000000455.wav,aanhiki'a
training_data/processed/conrad_wavs/walc-1_0067-Chapter_2_2.2_2.2.1-000002355.wav,aanhiki
training_data/processed/conrad_wavs/walc-1_0068-Chapter_2_2.2_2.2.2-000000715.wav,kaliihstaayvvhvhska kalihstaayvvhvvka
training_data/processed/conrad_wavs/walc-1_0070-Chapter_2_2.2_2.2.4-000000995.wav,aakiyhoha akiyhka
training_data/processed/conrad_wavs/walc-1_0071-Chapter_2_2.2_2.2.5-000000445.wav,hatiithahska
training_data/processed/conrad_wavs/walc-1_0072-Chapter_2_2.2_2.2.5-000002385.wav,hatiitha
training_data/processed/conrad_wavs/walc-1_0073-Chapter_2_2.3_2.3.1-000000575.wav,teehikii'a thika
training_data/processed/conrad_wavs/walc-1_0074-Chapter_2_2.3_2.3.2-000000135.wav,teehinookii'a thinhooki
training_data/processed/conrad_wavs/walc-1_0075-Chapter_2_2.3_2.3.3-000000000.wav,oohsta niteehvvneha
training_data/processed/conrad_wavs/walc-1_0076-Chapter_2_2.3_2.3.3-000002995.wav,oohsta nithvvka
training_data/processed/conrad_wavs/walc-1_0077-Chapter_2_2.3_2.3.4-000000000.wav,teehstikooliiya tihstikooliiya
training_data/processed/conrad_wavs/walc-1_0078-Chapter_2_2.3_2.3.5-000000000.wav,teehika
training_data/processed/conrad_wavs/walc-1_0079-Chapter_2_2.3_2.3.5-000001915.wav,thika
training_data/processed/conrad_wavs/walc-1_0080-Chapter_2_2.3_2.3.6-000000000.wav,teehathvvtaahstiha thathvvtaahsta
training_data/processed/conrad_wavs/walc-1_0081-Chapter_2_2.3_2.3.7-000000000.wav,teehstinooki
training_data/processed/conrad_wavs/walc-1_0082-Chapter_2_2.3_2.3.7-000002095.wav,tihstinhooki
training_data/processed/conrad_wavs/walc-1_0083-Chapter_2_2.3_2.3_Listen_Imperative-000000000.wav,hathvvtaahsta iitsathvvtaahsta hstathvvtaahsta
training_data/processed/conrad_wavs/walc-1_0084-Chapter_2_2.3_2.3_Listen_Present-000000000.wav,hathvvtaahstiha iitsathvvtaahstiha hstathvvtaahstiha
training_data/processed/conrad_wavs/walc-1_0085-Chapter_2_2.3_2.3_Read_Imperative-000000000.wav,thikooliiya titsikooliiya tihstikooliiya
training_data/processed/conrad_wavs/walc-1_0086-Chapter_2_2.3_2.3_Read_Present-000000000.wav,teehikooliiye'a teetsikooliiye'a teehstikooliiye'a
training_data/processed/conrad_wavs/walc-1_0087-Chapter_2_2.3_2.3_Speak_Imperative-000000000.wav,hiwooniihi iitsiwooniihi hstiwooniihi
training_data/processed/conrad_wavs/walc-1_0088-Chapter_2_2.3_2.3_Speak_Present-000000000.wav,hiwooniha iitsiwooniha hstiwooniha
training_data/processed/conrad_wavs/walc-1_0089-Chapter_2_2.3_2.3_Write_Imperative-000000000.wav,howhelvka iitsowhelvka hstowhelvka
training_data/processed/conrad_wavs/walc-1_0090-Chapter_2_2.3_2.3_Write_Present-000000185.wav,howheli'a iitsowheli hstowheli'a
training_data/processed/conrad_wavs/walc-1_0091-Chapter_2_2.4_2.4.1-000000000.wav,kawooniha
training_data/processed/conrad_wavs/walc-1_0092-Chapter_2_2.4_2.4.1-000001905.wav,kawooniihskoo'i
training_data/processed/conrad_wavs/walc-1_0093-Chapter_2_2.4_2.4.2-000000000.wav,kateelohkwa'a
training_data/processed/conrad_wavs/walc-1_0094-Chapter_2_2.4_2.4.2-000002455.wav,katelhoohkwaahskoo'i
training_data/processed/conrad_wavs/walc-1_0095-Chapter_2_2.4_2.4.3-000000000.wav,aanikooliiye'a
training_data/processed/conrad_wavs/walc-1_0096-Chapter_2_2.4_2.4.3-000002775.wav,aanikooliiyeehskoo'i
training_data/processed/conrad_wavs/walc-1_0097-Chapter_2_2.4_2.4.4-000000000.wav,iitsatuuliha
training_data/processed/conrad_wavs/walc-1_0098-Chapter_2_2.4_2.4.4-000002365.wav,iitsatuuliihsko'i
training_data/processed/conrad_wavs/walc-1_0099-Chapter_2_2.4_2.4.5-000000000.wav,oohstvvnhihstiha
training_data/processed/conrad_wavs/walc-1_0100-Chapter_2_2.4_2.4.5-000002165.wav,oohstvvnhihstiihsko'i
training_data/processed/conrad_wavs/walc-1_0101-Chapter_2_2.5_2.5.1-000000000.wav,kawooniihskoo'i
training_data/processed/conrad_wavs/walc-1_0102-Chapter_2_2.5_2.5.1-000003445.wav,kawooniihskehsti
training_data/processed/conrad_wavs/walc-1_0103-Chapter_2_2.5_2.5.10-000000000.wav,eeliihsi tsithaaka kvvtsalhvhskehsti ale
training_data/processed/conrad_wavs/walc-1_0104-Chapter_2_2.5_2.5.10-000005735.wav,eetsi tayhahkheetskehsti nuuna
training_data/processed/conrad_wavs/walc-1_0105-Chapter_2_2.5_2.5.11-000000000.wav,tsuunataleenhvvta tikawahsvki
training_data/processed/conrad_wavs/walc-1_0106-Chapter_2_2.5_2.5.11-000004145.wav,tahsuuyvvhskehsti eeliihsi
training_data/processed/conrad_wavs/walc-1_0107-Chapter_2_2.5_2.5.12-000000000.wav,kanvtatiihskehsti yaakwatvnetii aakwataahstayhti
training_data/processed/conrad_wavs/walc-1_0108-Chapter_2_2.5_2.5.2-000000000.wav,kateloohkwaahskoo'i
training_data/processed/conrad_wavs/walc-1_0109-Chapter_2_2.5_2.5.2-000002795.wav,kateloohkwaahskehsti
training_data/processed/conrad_wavs/walc-1_0110-Chapter_2_2.5_2.5.3-000000000.wav,aanikooliiyeehskoo'i
training_data/processed/conrad_wavs/walc-1_0111-Chapter_2_2.5_2.5.3-000003065.wav,aanikooliiyeehskehsti
training_data/processed/conrad_wavs/walc-1_0112-Chapter_2_2.5_2.5.4-000000000.wav,iitsanhthoo'i
training_data/processed/conrad_wavs/walc-1_0113-Chapter_2_2.5_2.5.4-000002245.wav,iitsanhtheehsti
training_data/processed/conrad_wavs/walc-1_0114-Chapter_2_2.5_2.5.5-000000000.wav,oohstvvnhihstiihsko
training_data/processed/conrad_wavs/walc-1_0115-Chapter_2_2.5_2.5.5-000002245.wav,oohstvvnhihstiihskehsti
training_data/processed/conrad_wavs/walc-1_0116-Chapter_2_2.5_2.5.6-000000000.wav,khoohi hsvvhiyeeyi ootsataahstaayvvhvhskehsti
training_data/processed/conrad_wavs/walc-1_0117-Chapter_2_2.5_2.5.7-000000000.wav,ikvvyi'nho hsvvki ale unvkuuhiihstiihski tetsikvvhaliihskehsti
training_data/processed/conrad_wavs/walc-1_0118-Chapter_2_2.5_2.5.8-000000435.wav,oohsta
training_data/processed/conrad_wavs/walc-1_0119-Chapter_2_2.5_2.5.8-000002095.wav,nikvnehehsti hsuketa
training_data/processed/conrad_wavs/walc-1_0120-Chapter_2_2.5_2.5.9-000000000.wav,uukama ootsatvnv'ihstihskehsti
training_data/processed/conrad_wavs/walc-1_0121-Chapter_2_2.6_2.6.1-000000000.wav,kawooniha uwonihsv'i
training_data/processed/conrad_wavs/walc-1_0122-Chapter_2_2.6_2.6.2-000000000.wav,analiihstaayvvhvhska uunalhstayvnhv'i
training_data/processed/conrad_wavs/walc-1_0123-Chapter_2_2.6_2.6.3-000000000.wav,stikooliiye'a hstikoliye'v'i
training_data/processed/conrad_wavs/walc-1_0124-Chapter_2_2.6_2.6.4-000000000.wav,kooliika
training_data/processed/conrad_wavs/walc-1_0125-Chapter_2_2.6_2.6.4-000001585.wav,uuwolhtsvv'i
training_data/processed/conrad_wavs/walc-1_0126-Chapter_2_2.6_2.6.5-000000175.wav,hinhooheha tsanhooheelhvv'i
training_data/processed/conrad_wavs/walc-1_0127-Chapter_2_2.6_2.6.6-000000000.wav,wayha uuyoolhee'i aatiihskv'i
training_data/processed/conrad_wavs/walc-1_0128-Chapter_2_2.6_2.6.7-000000135.wav,kato uuhsti
training_data/processed/conrad_wavs/walc-1_0129-Chapter_2_2.6_2.6.7-000002205.wav,tsathvvkaanee'i
training_data/processed/conrad_wavs/walc-1_0130-Chapter_2_2.6_2.6.8-000000000.wav,oohsta tuunaneeloonhv
training_data/processed/conrad_wavs/walc-1_0131-Chapter_2_2.6_2.6.8-000003475.wav,tsatiihskv'i
training_data/processed/conrad_wavs/walc-1_0132-Chapter_2_2.6_2.6.9-000000375.wav,kaka'nakhthitsu witseetoolee'i
training_data/processed/conrad_wavs/walc-1_0133-Chapter_2_2.6_2.6_This_morning_I_ate_a_lot-000000000.wav,khoohi hsanaale uukooti aakwalhstaayvvnhvv'i
training_data/processed/conrad_wavs/walc-1_0134-Chapter_3_3.1_3.1.1-000000000.wav,kato haatiihsko hi'a
training_data/processed/conrad_wavs/walc-1_0137-Chapter_3_3.1_3.1.3-000000255.wav,siikwu tsinihiwi
training_data/processed/conrad_wavs/walc-1_0138-Chapter_3_3.1_3.1.4-000000000.wav,kato hata
training_data/processed/conrad_wavs/walc-1_0139-Chapter_3_3.1_3.1.5-000000465.wav,kaatsanuulike nhiwi
training_data/processed/conrad_wavs/walc-1_0140-Chapter_3_3.1_3.1.6-000000265.wav,kato uuyelv hi'a
training_data/processed/conrad_wavs/walc-1_0141-Chapter_3_3.1_3.1.7-000000345.wav,kato uuhsti
training_data/processed/conrad_wavs/walc-1_0142-Chapter_3_3.1_3.1.8-000000495.wav,uuhskanoolike nhiwi
training_data/processed/conrad_wavs/walc-1_0143-Chapter_3_3.1_3.1.9-000000000.wav,tooki
training_data/processed/conrad_wavs/walc-1_0144-Chapter_3_3.2_3.2.1-000000435.wav,oohsiyo
training_data/processed/conrad_wavs/walc-1_0145-Chapter_3_3.2_3.2.1-000002365.wav,siyo
training_data/processed/conrad_wavs/walc-1_0146-Chapter_3_3.2_3.2.10-000000000.wav,haatlv tihsteekv'i
training_data/processed/conrad_wavs/walc-1_0147-Chapter_3_3.2_3.2.11-000000000.wav,tikeekv'i
training_data/processed/conrad_wavs/walc-1_0148-Chapter_3_3.2_3.2.12-000000000.wav,hila itsaateethiyvvta
training_data/processed/conrad_wavs/walc-1_0149-Chapter_3_3.2_3.2.13-000000235.wav,yakwaateethiyvvta
training_data/processed/conrad_wavs/walc-1_0150-Chapter_3_3.2_3.2.14-000000000.wav,haatlv hineela
training_data/processed/conrad_wavs/walc-1_0151-Chapter_3_3.2_3.2.15-000000000.wav,tsineela
training_data/processed/conrad_wavs/walc-1_0152-Chapter_3_3.2_3.2.16-000000000.wav,toonataakoohvv'i
training_data/processed/conrad_wavs/walc-1_0153-Chapter_3_3.2_3.2.17-000000000.wav,tootataakoohvv'i
training_data/processed/conrad_wavs/walc-1_0154-Chapter_3_3.2_3.2.18-000000000.wav,tha'liine toonataakoohvv'i
training_data/processed/conrad_wavs/walc-1_0155-Chapter_3_3.2_3.2.19-000000000.wav,howakwu
training_data/processed/conrad_wavs/walc-1_0156-Chapter_3_3.2_3.2.2-000000000.wav,thoohitsu
training_data/processed/conrad_wavs/walc-1_0157-Chapter_3_3.2_3.2.2-000002105.wav,oohsitsu oohsitsu nitsatvnhateeka
training_data/processed/conrad_wavs/walc-1_0158-Chapter_3_3.2_3.2.20-000000195.wav,howa
training_data/processed/conrad_wavs/walc-1_0159-Chapter_3_3.2_3.2.21-000000185.wav,hawa
training_data/processed/conrad_wavs/walc-1_0160-Chapter_3_3.2_3.2.3-000000795.wav,oohsta naakwatvnhateeka
training_data/processed/conrad_wavs/walc-1_0161-Chapter_3_3.2_3.2.4-000000225.wav,kato tetsatoo'a
training_data/processed/conrad_wavs/walc-1_0162-Chapter_3_3.2_3.2.5-000000575.wav,taakwatoo'a
training_data/processed/conrad_wavs/walc-1_0163-Chapter_3_3.2_3.2.6-000000000.wav,oohsta
training_data/processed/conrad_wavs/walc-1_0164-Chapter_3_3.2_3.2.7-000000000.wav,ohsiwu
training_data/processed/conrad_wavs/walc-1_0165-Chapter_3_3.2_3.2.8-000000205.wav,haatlv theekv'i
training_data/processed/conrad_wavs/walc-1_0167-Chapter_3_3.3_3.3.1-000000000.wav,kato uuhsti iitinoohe khoohi iika
training_data/processed/conrad_wavs/walc-1_0168-Chapter_3_3.3_3.3.10-000000000.wav,hi'a iitsikooliiya
training_data/processed/conrad_wavs/walc-1_0169-Chapter_3_3.3_3.3.11-000000000.wav,kato uuhsti ati hi'a
training_data/processed/conrad_wavs/walc-1_0171-Chapter_3_3.3_3.3.13-000000385.wav,oohsta nitsatvvka
training_data/processed/conrad_wavs/walc-1_0172-Chapter_3_3.3_3.3.14-000000000.wav,ahiitatsu koolhihsti
training_data/processed/conrad_wavs/walc-1_0173-Chapter_3_3.3_3.3.15-000000000.wav,iitsolhka'tsu
training_data/processed/conrad_wavs/walc-1_0174-Chapter_3_3.3_3.3.16-000000165.wav,kato uuhsti iitsanhtha
training_data/processed/conrad_wavs/walc-1_0175-Chapter_3_3.3_3.3.2-000000000.wav,aahse koohuuhsti kvvyathvvthti
training_data/processed/conrad_wavs/walc-1_0176-Chapter_3_3.3_3.3.3-000000000.wav,eeliikwuhs yikvvyaathvvtvvhvvka
training_data/processed/conrad_wavs/walc-1_0177-Chapter_3_3.3_3.3.4-000000595.wav,ahani
training_data/processed/conrad_wavs/walc-1_0178-Chapter_3_3.3_3.3.5-000000000.wav,skweeyhoohvvka
training_data/processed/conrad_wavs/walc-1_0179-Chapter_3_3.3_3.3.5-000002695.wav,tihskweeyhoohvvka
training_data/processed/conrad_wavs/walc-1_0180-Chapter_3_3.3_3.3.6-000000475.wav,kato uuhsti aateelhohkwaahsti khoohi ika
training_data/processed/conrad_wavs/walc-1_0181-Chapter_3_3.3_3.3.7-000000000.wav,uukanhta'tv iitihilv
training_data/processed/conrad_wavs/walc-1_0182-Chapter_3_3.3_3.3.8-000000165.wav,holhkitsu
training_data/processed/conrad_wavs/walc-1_0183-Chapter_3_3.3_3.3.9-000000000.wav,vvlha ahani yeetooha
training_data/processed/conrad_wavs/walc-1_0184-Chapter_3_3.4_3.4.1-000000000.wav,nihina
training_data/processed/conrad_wavs/walc-1_0185-Chapter_3_3.4_3.4.10-000000165.wav,haatlv
training_data/processed/conrad_wavs/walc-1_0186-Chapter_3_3.4_3.4.11-000000135.wav,hila iyv
training_data/processed/conrad_wavs/walc-1_0187-Chapter_3_3.4_3.4.12-000000000.wav,kato kaalhsthaanvhska
training_data/processed/conrad_wavs/walc-1_0188-Chapter_3_3.4_3.4.13-000000000.wav,kaako unhtha
training_data/processed/conrad_wavs/walc-1_0189-Chapter_3_3.4_3.4.14-000000000.wav,kaako hstaalhinooheeha
training_data/processed/conrad_wavs/walc-1_0190-Chapter_3_3.4_3.4.15-000000185.wav,kato uuhsti tsatuuliha
training_data/processed/conrad_wavs/walc-1_0191-Chapter_3_3.4_3.4.16-000000000.wav,kato uuhsti teetsakhsehsti
training_data/processed/conrad_wavs/walc-1_0192-Chapter_3_3.4_3.4.17-000000345.wav,hilaayv wikvwahthvvhiitaahsti tsatuuli'a
training_data/processed/conrad_wavs/walc-1_0193-Chapter_3_3.4_3.4.18-000000195.wav,kato aatvvneha
training_data/processed/conrad_wavs/walc-1_0194-Chapter_3_3.4_3.4.19-000000355.wav,kato aatiha
training_data/processed/conrad_wavs/walc-1_0195-Chapter_3_3.4_3.4.2-000000665.wav,nihinaahv
training_data/processed/conrad_wavs/walc-1_0196-Chapter_3_3.4_3.4.20-000000305.wav,haatlv heeka
training_data/processed/conrad_wavs/walc-1_0197-Chapter_3_3.4_3.4.21-000000000.wav,haatlv taanateelohkwa'a
training_data/processed/conrad_wavs/walc-1_0198-Chapter_3_3.4_3.4.22-000000000.wav,haatlv tetsalvvwhihstaaneha
training_data/processed/conrad_wavs/walc-1_0199-Chapter_3_3.4_3.4.3-000000000.wav,kawooniihskoohv
training_data/processed/conrad_wavs/walc-1_0200-Chapter_3_3.4_3.4.4-000000485.wav,aakaahskatsu
training_data/processed/conrad_wavs/walc-1_0201-Chapter_3_3.4_3.4.5-000000515.wav,khaawhi tsatuuli'a
training_data/processed/conrad_wavs/walc-1_0202-Chapter_3_3.4_3.4.6-000000000.wav,kawoonihatsu teekhanookii'khe
training_data/processed/conrad_wavs/walc-1_0203-Chapter_3_3.4_3.4.7-000000245.wav,kato
training_data/processed/conrad_wavs/walc-1_0204-Chapter_3_3.4_3.4.8-000000000.wav,kato uuhsti
training_data/processed/conrad_wavs/walc-1_0205-Chapter_3_3.4_3.4.9-000000000.wav,kaako
training_data/processed/conrad_wavs/walc-1_0206-Chapter_3_3.5_3.5.1-000000000.wav,oohsiyo
training_data/processed/conrad_wavs/walc-1_0207-Chapter_3_3.5_3.5.1-000002145.wav,tsalaki kvvhti meeli taakwatoo'a
training_data/processed/conrad_wavs/walc-1_0209-Chapter_3_3.5_3.5.1-000008185.wav,taakwato
training_data/processed/conrad_wavs/walc-1_0210-Chapter_3_3.5_3.5.1-000009705.wav,yooneeka kvvhti tha'lhskoohi
training_data/processed/conrad_wavs/walc-1_0211-Chapter_3_3.5_3.5.1-000013205.wav,kalhkwooki iyakwateethiyvvta naakwu na tsiki thvlhsi tsineela aahseenho kooti kanvvhiita
training_data/processed/conrad_wavs/walc-1_0212-Chapter_3_3.5_3.5.1-000022565.wav,oklhahoma
training_data/processed/conrad_wavs/walc-1_0213-Chapter_3_3.5_3.5.1-000024365.wav,tikeekv'i
training_data/processed/conrad_wavs/walc-1_0214-Chapter_3_3.5_3.5.1-000026665.wav,tsalaki tekateelohkwa'a alehskwu titsalaki tekateelohkwa'a tikikooliiyeeti
training_data/processed/conrad_wavs/walc-1_0216-Chapter_3_3.5_3.5.1-000042505.wav,yaakwatuula
training_data/processed/conrad_wavs/walc-1_0217-Chapter_3_3.5_3.5.1-000044545.wav,tekateelhohkwa'onhvv'i
training_data/processed/conrad_wavs/walc-1_0218-Chapter_3_3.5_3.5.2-000000465.wav,tekateelhohkwa'onhvv'i
training_data/processed/conrad_wavs/walc-1_0219-Chapter_3_3.5_3.5.3-000000000.wav,titsalaki
training_data/processed/conrad_wavs/walc-1_0220-Chapter_3_3.5_3.5.4-000000395.wav,alehskwu
training_data/processed/conrad_wavs/walc-1_0221-Chapter_3_3.6_3.6.1-000000000.wav,kawooniihski hsaakwuu
training_data/processed/conrad_wavs/walc-1_0222-Chapter_3_3.6_3.6.1-000003265.wav,siyo
training_data/processed/conrad_wavs/walc-1_0223-Chapter_3_3.6_3.6.10-000000000.wav,kawooniihski tha'lii oohsta tsitenatoolhki
training_data/processed/conrad_wavs/walc-1_0224-Chapter_3_3.6_3.6.11-000000000.wav,uulhooyikwu
training_data/processed/conrad_wavs/walc-1_0225-Chapter_3_3.6_3.6.12-000000000.wav,nihinho
training_data/processed/conrad_wavs/walc-1_0226-Chapter_3_3.6_3.6.13-000000135.wav,talikwa
training_data/processed/conrad_wavs/walc-1_0227-Chapter_3_3.6_3.6.14-000000000.wav,tlaykoo'i
training_data/processed/conrad_wavs/walc-1_0228-Chapter_3_3.6_3.6.15-000000000.wav,oohsta tsitenatoolhki
training_data/processed/conrad_wavs/walc-1_0229-Chapter_3_3.6_3.6.2-000000000.wav,kawooniihski tha'li oohsiyo thoohiitsu
training_data/processed/conrad_wavs/walc-1_0230-Chapter_3_3.6_3.6.3-000000000.wav,kawooniihski hsaakwuu oohsiikwu
training_data/processed/conrad_wavs/walc-1_0231-Chapter_3_3.6_3.6.3-000005035.wav,nakwatvnhateeka nihinahv
training_data/processed/conrad_wavs/walc-1_0232-Chapter_3_3.6_3.6.4-000000000.wav,kawooniihski tha'lii uulhooyikwu
training_data/processed/conrad_wavs/walc-1_0233-Chapter_3_3.6_3.6.5-000000000.wav,kawooniihski hsaakwuu kato tetsatoo'a
training_data/processed/conrad_wavs/walc-1_0234-Chapter_3_3.6_3.6.6-000000000.wav,kawooniihski tha'lii liwi taakwato nihina
training_data/processed/conrad_wavs/walc-1_0235-Chapter_3_3.6_3.6.7-000000000.wav,kawooniihski hsaakwuu
training_data/processed/conrad_wavs/walc-1_0236-Chapter_3_3.6_3.6.7-000003255.wav,meeli taakwatoo'a haatlv theekv'i
training_data/processed/conrad_wavs/walc-1_0237-Chapter_3_3.6_3.6.8-000000000.wav,kawooniihski tha'lii talikwa tikeekv'i nihinahv
training_data/processed/conrad_wavs/walc-1_0238-Chapter_3_3.6_3.6.9-000000000.wav,kawooniihski hsaakwuu tlaykoo'i
training_data/processed/conrad_wavs/walc-1_0239-Chapter_4_4.1_4.1.1-000000175.wav,saakwu
training_data/processed/conrad_wavs/walc-1_0240-Chapter_4_4.1_4.1.10-000000000.wav,skoohi
training_data/processed/conrad_wavs/walc-1_0241-Chapter_4_4.1_4.1.11-000000205.wav,saa'tu
training_data/processed/conrad_wavs/walc-1_0242-Chapter_4_4.1_4.1.12-000000325.wav,tha'ltu
training_data/processed/conrad_wavs/walc-1_0243-Chapter_4_4.1_4.1.13-000000000.wav,tso'kaa'tu
training_data/processed/conrad_wavs/walc-1_0244-Chapter_4_4.1_4.1.14-000000000.wav,nikaa'tu
training_data/processed/conrad_wavs/walc-1_0245-Chapter_4_4.1_4.1.15-000000275.wav,skikaa'tu
training_data/processed/conrad_wavs/walc-1_0246-Chapter_4_4.1_4.1.16-000000195.wav,taalaatu
training_data/processed/conrad_wavs/walc-1_0247-Chapter_4_4.1_4.1.17-000000000.wav,kalhkwaatu
training_data/processed/conrad_wavs/walc-1_0248-Chapter_4_4.1_4.1.19-000000000.wav,sonhelaatu
training_data/processed/conrad_wavs/walc-1_0249-Chapter_4_4.1_4.1.2-000000000.wav,tha'li
training_data/processed/conrad_wavs/walc-1_0250-Chapter_4_4.1_4.1.20-000000000.wav,tha'lhskoohi
training_data/processed/conrad_wavs/walc-1_0251-Chapter_4_4.1_4.1.21-000000000.wav,tha'lhskoohi hsaakwu
training_data/processed/conrad_wavs/walc-1_0252-Chapter_4_4.1_4.1.22-000000000.wav,tha'lhskoohi tha'li
training_data/processed/conrad_wavs/walc-1_0253-Chapter_4_4.1_4.1.23-000000000.wav,tha'lhskoohi tso'i
training_data/processed/conrad_wavs/walc-1_0254-Chapter_4_4.1_4.1.24-000000000.wav,tha'lhskoohi nvhki
training_data/processed/conrad_wavs/walc-1_0255-Chapter_4_4.1_4.1.25-000000000.wav,tha'lhskoohi hihski
training_data/processed/conrad_wavs/walc-1_0256-Chapter_4_4.1_4.1.26-000000285.wav,tha'lhskoohi hsuutali
training_data/processed/conrad_wavs/walc-1_0257-Chapter_4_4.1_4.1.27-000000205.wav,tha'lhskoohi kalhkwooki
training_data/processed/conrad_wavs/walc-1_0258-Chapter_4_4.1_4.1.28-000000000.wav,tha'lhskoohi tshaneela
training_data/processed/conrad_wavs/walc-1_0259-Chapter_4_4.1_4.1.29-000000000.wav,tha'lhskoohi hsonheela
training_data/processed/conrad_wavs/walc-1_0260-Chapter_4_4.1_4.1.3-000000000.wav,tso'i
training_data/processed/conrad_wavs/walc-1_0261-Chapter_4_4.1_4.1.30-000000315.wav,tso'hskoohi
training_data/processed/conrad_wavs/walc-1_0262-Chapter_4_4.1_4.1.31-000000245.wav,nvkhskoohi
training_data/processed/conrad_wavs/walc-1_0263-Chapter_4_4.1_4.1.32-000000000.wav,hikhskoohi
training_data/processed/conrad_wavs/walc-1_0264-Chapter_4_4.1_4.1.33-000000000.wav,suutalhskoohi
training_data/processed/conrad_wavs/walc-1_0265-Chapter_4_4.1_4.1.34-000000000.wav,kalhkwaahskoohi
training_data/processed/conrad_wavs/walc-1_0266-Chapter_4_4.1_4.1.35-000000135.wav,nelhskoohi
training_data/processed/conrad_wavs/walc-1_0267-Chapter_4_4.1_4.1.36-000000755.wav,sonhelhskoohi
training_data/processed/conrad_wavs/walc-1_0268-Chapter_4_4.1_4.1.37-000000885.wav,skoohitskwa
training_data/processed/conrad_wavs/walc-1_0269-Chapter_4_4.1_4.1.4-000000000.wav,nvhki
training_data/processed/conrad_wavs/walc-1_0270-Chapter_4_4.1_4.1.5-000000000.wav,hihski
training_data/processed/conrad_wavs/walc-1_0271-Chapter_4_4.1_4.1.6-000000445.wav,suutali
training_data/processed/conrad_wavs/walc-1_0272-Chapter_4_4.1_4.1.7-000000000.wav,kalhkwooki
training_data/processed/conrad_wavs/walc-1_0273-Chapter_4_4.1_4.1.8-000000165.wav,tshaneela
training_data/processed/conrad_wavs/walc-1_0274-Chapter_4_4.1_4.1.9-000000145.wav,sonheela
training_data/processed/conrad_wavs/walc-1_0275-Chapter_4_4.2_4.2.1-000000000.wav,saakwuuhiine akvvyi
training_data/processed/conrad_wavs/walc-1_0277-Chapter_4_4.2_4.2.11-000000135.wav,saa'tuhsiine
training_data/processed/conrad_wavs/walc-1_0278-Chapter_4_4.2_4.2.12-000000285.wav,tha'ltuhsiine
training_data/processed/conrad_wavs/walc-1_0279-Chapter_4_4.2_4.2.13-000000000.wav,tso'kaa'tuhsiine
training_data/processed/conrad_wavs/walc-1_0280-Chapter_4_4.2_4.2.14-000000000.wav,nikaa'tuhsiine
training_data/processed/conrad_wavs/walc-1_0281-Chapter_4_4.2_4.2.15-000000000.wav,skikaa'tuhsiine
training_data/processed/conrad_wavs/walc-1_0282-Chapter_4_4.2_4.2.16-000000000.wav,taalaatuhsiine
training_data/processed/conrad_wavs/walc-1_0283-Chapter_4_4.2_4.2.17-000000295.wav,kalhkwaatuhsiine
training_data/processed/conrad_wavs/walc-1_0284-Chapter_4_4.2_4.2.18-000000000.wav,neelaatuhsiine
training_data/processed/conrad_wavs/walc-1_0285-Chapter_4_4.2_4.2.19-000000000.wav,sonhelaatuhsiine
training_data/processed/conrad_wavs/walc-1_0286-Chapter_4_4.2_4.2.2-000000000.wav,tha'line
training_data/processed/conrad_wavs/walc-1_0287-Chapter_4_4.2_4.2.20-000000000.wav,tha'lhskoohine
training_data/processed/conrad_wavs/walc-1_0288-Chapter_4_4.2_4.2.21-000000000.wav,tha'lhskoohi hsaakwuuhiinee'i
training_data/processed/conrad_wavs/walc-1_0289-Chapter_4_4.2_4.2.22-000000295.wav,tso'hskoohine
training_data/processed/conrad_wavs/walc-1_0290-Chapter_4_4.2_4.2.3-000000000.wav,tso'ine
training_data/processed/conrad_wavs/walc-1_0291-Chapter_4_4.2_4.2.4-000000195.wav,nvhkine
training_data/processed/conrad_wavs/walc-1_0292-Chapter_4_4.2_4.2.5-000000000.wav,hihskine
training_data/processed/conrad_wavs/walc-1_0293-Chapter_4_4.2_4.2.6-000000175.wav,suutaline
training_data/processed/conrad_wavs/walc-1_0294-Chapter_4_4.2_4.2.7-000000000.wav,kalhkwookine
training_data/processed/conrad_wavs/walc-1_0295-Chapter_4_4.2_4.2.8-000000255.wav,tshaneeline
training_data/processed/conrad_wavs/walc-1_0296-Chapter_4_4.2_4.2.9-000000205.wav,sonheeline
training_data/processed/conrad_wavs/walc-1_0297-Chapter_4_4.3_4.3.1-000000000.wav,hila alhi'ilihsv
training_data/processed/conrad_wavs/walc-1_0298-Chapter_4_4.3_4.3.10-000000000.wav,iyahselhv
training_data/processed/conrad_wavs/walc-1_0299-Chapter_4_4.3_4.3.11-000000000.wav,uutaaluula
training_data/processed/conrad_wavs/walc-1_0300-Chapter_4_4.3_4.3.12-000000000.wav,uuloohsvvhsti
training_data/processed/conrad_wavs/walc-1_0301-Chapter_4_4.3_4.3.13-000000000.wav,hilaayv tvtaleenvvhi
training_data/processed/conrad_wavs/walc-1_0302-Chapter_4_4.3_4.3.14-000000000.wav,hilaayv tvlhskwati
training_data/processed/conrad_wavs/walc-1_0303-Chapter_4_4.3_4.3.15-000000475.wav,skikaa'tu iyathawhoohsthanv uutaaluula
training_data/processed/conrad_wavs/walc-1_0304-Chapter_4_4.3_4.3.15-000005165.wav,skoohi
training_data/processed/conrad_wavs/walc-1_0305-Chapter_4_4.3_4.3.16-000000145.wav,skikaa'tu iyathawhoohsthanv
training_data/processed/conrad_wavs/walc-1_0306-Chapter_4_4.3_4.3.16-000003415.wav,uuloohsvvhsti hskoohi
training_data/processed/conrad_wavs/walc-1_0307-Chapter_4_4.3_4.3.17-000000000.wav,saakwu ayeelhi
training_data/processed/conrad_wavs/walc-1_0308-Chapter_4_4.3_4.3.2-000000000.wav,hila iyuwaanhilv
training_data/processed/conrad_wavs/walc-1_0309-Chapter_4_4.3_4.3.3-000000000.wav,hila alhi'ili
training_data/processed/conrad_wavs/walc-1_0310-Chapter_4_4.3_4.3.4-000000475.wav,hilaayv theehsi
training_data/processed/conrad_wavs/walc-1_0311-Chapter_4_4.3_4.3.5-000000215.wav,tshaneela iyuwaanhilv
training_data/processed/conrad_wavs/walc-1_0312-Chapter_4_4.3_4.3.6-000000175.wav,tshaneela alhi'ili
training_data/processed/conrad_wavs/walc-1_0313-Chapter_4_4.3_4.3.7-000000000.wav,suulhiiloota
training_data/processed/conrad_wavs/walc-1_0314-Chapter_4_4.3_4.3.8-000000000.wav,iyuulhiiloota
training_data/processed/conrad_wavs/walc-1_0315-Chapter_4_4.3_4.3.9-000000000.wav,iyathawhoohsthanv
training_data/processed/conrad_wavs/walc-1_0316-Chapter_4_4.4_4.4.1-000000000.wav,ateela
training_data/processed/conrad_wavs/walc-1_0317-Chapter_4_4.4_4.4.10-000000000.wav,hila tsuukvvwalhtohti
training_data/processed/conrad_wavs/walc-1_0318-Chapter_4_4.4_4.4.11-000000000.wav,tha'lhsko ateela tsuukvvwalhtohti
training_data/processed/conrad_wavs/walc-1_0319-Chapter_4_4.4_4.4.12-000000000.wav,tatsawhahsihs
training_data/processed/conrad_wavs/walc-1_0320-Chapter_4_4.4_4.4.13-000000000.wav,kato uuhsti
training_data/processed/conrad_wavs/walc-1_0321-Chapter_4_4.4_4.4.13-000002225.wav,tsatuuli tsawhahihsti
training_data/processed/conrad_wavs/walc-1_0322-Chapter_4_4.4_4.4.14-000000000.wav,hila yiika
training_data/processed/conrad_wavs/walc-1_0323-Chapter_4_4.4_4.4.14-000002555.wav,tetsatuuli'a
training_data/processed/conrad_wavs/walc-1_0324-Chapter_4_4.4_4.4.15-000000000.wav,hihski yiika taakwatuuliha
training_data/processed/conrad_wavs/walc-1_0325-Chapter_4_4.4_4.4.16-000000000.wav,taahsehiha
training_data/processed/conrad_wavs/walc-1_0326-Chapter_4_4.4_4.4.17-000000000.wav,thahseka
training_data/processed/conrad_wavs/walc-1_0327-Chapter_4_4.4_4.4.18-000000000.wav,eeliikwutsu yihskwaatholhsta
training_data/processed/conrad_wavs/walc-1_0328-Chapter_4_4.4_4.4.19-000000000.wav,eeliikwutv ateela yitekvyaatholhsta
training_data/processed/conrad_wavs/walc-1_0329-Chapter_4_4.4_4.4.2-000000000.wav,uunhoohsta
training_data/processed/conrad_wavs/walc-1_0330-Chapter_4_4.4_4.4.20-000000000.wav,ateela tekvyaatholhsti'a
training_data/processed/conrad_wavs/walc-1_0331-Chapter_4_4.4_4.4.3-000000000.wav,kiinuuthti
training_data/processed/conrad_wavs/walc-1_0333-Chapter_4_4.4_4.4.5-000000000.wav,hihski iyatanhthehti
training_data/processed/conrad_wavs/walc-1_0334-Chapter_4_4.4_4.4.6-000000295.wav,skoohi iyatanhthehti
training_data/processed/conrad_wavs/walc-1_0335-Chapter_4_4.4_4.4.7-000000000.wav,ayeelhi
training_data/processed/conrad_wavs/walc-1_0336-Chapter_4_4.4_4.4.8-000000000.wav,hikhskohi ateelv
training_data/processed/conrad_wavs/walc-1_0337-Chapter_4_4.4_4.4.9-000000000.wav,aakhiwahska
training_data/processed/conrad_wavs/walc-1_0338-Chapter_4_4.4_4.4_Buy_Future-000000000.wav,tvkhiwhahsi tatsawhahsi tayuuwhahsi tayuuniwhahsi taakiwhahsi
training_data/processed/conrad_wavs/walc-1_0339-Chapter_4_4.4_4.4_Buy_Present-000000000.wav,akhiwhahska tsawhahska uuwhahska uuniwhahska iikiwhahska
training_data/processed/conrad_wavs/walc-1_0340-Chapter_4_4.4_4.4_Buy_Remote_Past-000000000.wav,akhiwhahsvv'i tsawhahsvv'i uuwhahsvv'i uuniwhahsvv'i iikiwhahsvv'i
training_data/processed/conrad_wavs/walc-1_0341-Chapter_4_4.4_4.4_Count_Present-000000000.wav,teekaahsehiha tehaahsehiha taahsehiha taanaahsehiha teetaahsehiha
training_data/processed/conrad_wavs/walc-1_0342-Chapter_4_4.4_4.4_Count_Recent_Past-000000000.wav,tekahseka tehahseka tahseka taanahseka teetahseka
training_data/processed/conrad_wavs/walc-1_0343-Chapter_4_4.4_4.4_Count_Remote_Past-000000000.wav,takhselhvv'i tehahselhvv'i tuuhselhvv'i tuunahselhvv'i teekahselhvv'i
training_data/processed/conrad_wavs/walc-1_0344-Chapter_4_4.5_4.5.1-000000415.wav,kahsookwalv
training_data/processed/conrad_wavs/walc-1_0345-Chapter_4_4.5_4.5.10-000000000.wav,kalhkwooki tsuunhvvhsiiyi
training_data/processed/conrad_wavs/walc-1_0346-Chapter_4_4.5_4.5.11-000000000.wav,tshaneela tsuunhvvhsiiyi
training_data/processed/conrad_wavs/walc-1_0347-Chapter_4_4.5_4.5.12-000000000.wav,sonheela tsuunhvvhsiiyi
training_data/processed/conrad_wavs/walc-1_0348-Chapter_4_4.5_4.5.13-000000185.wav,skoohi tsuunhvvhsiiyi
training_data/processed/conrad_wavs/walc-1_0349-Chapter_4_4.5_4.5.2-000000000.wav,kahsookwalv kanvvhiita
training_data/processed/conrad_wavs/walc-1_0350-Chapter_4_4.5_4.5.3-000000000.wav,tso'i tsuunhvvhsiiyi
training_data/processed/conrad_wavs/walc-1_0351-Chapter_4_4.5_4.5.4-000000000.wav,nvhki tsuunhvvhsiiyi
training_data/processed/conrad_wavs/walc-1_0352-Chapter_4_4.5_4.5.5-000000205.wav,kanvvhiita
training_data/processed/conrad_wavs/walc-1_0353-Chapter_4_4.5_4.5.5-000001865.wav,nvhki tsuunhvvhsiiyi
training_data/processed/conrad_wavs/walc-1_0354-Chapter_4_4.5_4.5.6-000000000.wav,koohstaayi
training_data/processed/conrad_wavs/walc-1_0355-Chapter_4_4.5_4.5.7-000000000.wav,hihski tsuunhvvhsiiyi
training_data/processed/conrad_wavs/walc-1_0356-Chapter_4_4.5_4.5.8-000000000.wav,nokwhsi
training_data/processed/conrad_wavs/walc-1_0357-Chapter_4_4.5_4.5.9-000000165.wav,suutali tsuunhvvhsiiyi
training_data/processed/conrad_wavs/walc-1_0358-Chapter_4_4.6_4.6.1-000000000.wav,uunatootakwonhvv'i
training_data/processed/conrad_wavs/walc-1_0359-Chapter_4_4.6_4.6.2-000000000.wav,tha'liine iika
training_data/processed/conrad_wavs/walc-1_0360-Chapter_4_4.6_4.6.3-000000000.wav,tso'iine iika
training_data/processed/conrad_wavs/walc-1_0361-Chapter_4_4.6_4.6.4-000000000.wav,nvhkiine i'ka
training_data/processed/conrad_wavs/walc-1_0362-Chapter_4_4.6_4.6.5-000000255.wav,tsunhkiiloohsti
training_data/processed/conrad_wavs/walc-1_0363-Chapter_4_4.6_4.6.6-000000000.wav,unatootakwiiteena
training_data/processed/conrad_wavs/walc-1_0364-Chapter_4_4.6_4.6.7-000000000.wav,uunatootakwaahskvv'i
training_data/processed/conrad_wavs/walc-1_0365-Chapter_4_4.7_4.7.1-000000000.wav,khoohi iika
training_data/processed/conrad_wavs/walc-1_0366-Chapter_4_4.7_4.7.10-000000000.wav,iika
training_data/processed/conrad_wavs/walc-1_0367-Chapter_4_4.7_4.7.2-000000000.wav,sanaale iyv
training_data/processed/conrad_wavs/walc-1_0368-Chapter_4_4.7_4.7.3-000000595.wav,sanaale tiitla
training_data/processed/conrad_wavs/walc-1_0369-Chapter_4_4.7_4.7.4-000000000.wav,svvhi
training_data/processed/conrad_wavs/walc-1_0370-Chapter_4_4.7_4.7.5-000000000.wav,uukitsteeyi
training_data/processed/conrad_wavs/walc-1_0371-Chapter_4_4.7_4.7.6-000000165.wav,svvhiye tiitla
training_data/processed/conrad_wavs/walc-1_0372-Chapter_4_4.7_4.7.7-000000000.wav,svvhiyeeyi
training_data/processed/conrad_wavs/walc-1_0373-Chapter_4_4.7_4.7.8-000000000.wav,uhsv
training_data/processed/conrad_wavs/walc-1_0374-Chapter_4_4.7_4.7.9-000000145.wav,svvnooyi
training_data/processed/conrad_wavs/walc-1_0375-Chapter_4_4.8_4.8.1-000000000.wav,uunoolvvthani
training_data/processed/conrad_wavs/walc-1_0376-Chapter_4_4.8_4.8.10-000000000.wav,tuuninhti
training_data/processed/conrad_wavs/walc-1_0377-Chapter_4_4.8_4.8.11-000000000.wav,nvvtateekwa
training_data/processed/conrad_wavs/walc-1_0378-Chapter_4_4.8_4.8.12-000000000.wav,vvhskiyhi
training_data/processed/conrad_wavs/walc-1_0379-Chapter_4_4.8_4.8.13-000000405.wav,khoohi iika anvvyhi tha'lhskoohine'i
training_data/processed/conrad_wavs/walc-1_0380-Chapter_4_4.8_4.8.14-000000000.wav,svhi tsikeehsv vvhskiyi hihskine
training_data/processed/conrad_wavs/walc-1_0381-Chapter_4_4.8_4.8.2-000000000.wav,khaaka'li
training_data/processed/conrad_wavs/walc-1_0382-Chapter_4_4.8_4.8.3-000000255.wav,anvvyhi
training_data/processed/conrad_wavs/walc-1_0383-Chapter_4_4.8_4.8.4-000000000.wav,khawoonhi
training_data/processed/conrad_wavs/walc-1_0384-Chapter_4_4.8_4.8.5-000000000.wav,aanahskvvthi
training_data/processed/conrad_wavs/walc-1_0385-Chapter_4_4.8_4.8.6-000000000.wav,teehaluuyi
training_data/processed/conrad_wavs/walc-1_0387-Chapter_4_4.8_4.8.8-000000000.wav,ka'loonhi
training_data/processed/conrad_wavs/walc-1_0388-Chapter_4_4.8_4.8.9-000000000.wav,tuuliihsti
training_data/processed/conrad_wavs/walc-1_0389-Chapter_4_4.9_4.9.1-000000245.wav,koola
training_data/processed/conrad_wavs/walc-1_0390-Chapter_4_4.9_4.9.2-000000000.wav,kookeeyi
training_data/processed/conrad_wavs/walc-1_0391-Chapter_4_4.9_4.9.3-000000000.wav,kooki kooka
training_data/processed/conrad_wavs/walc-1_0392-Chapter_4_4.9_4.9.4-000000000.wav,uulaakoohvvhsti
training_data/processed/conrad_wavs/walc-1_0393-Chapter_4_4.9_4.9.5-000000000.wav,koola yinuulhsthaana
training_data/processed/conrad_wavs/walc-1_0394-Chapter_4_4.9_4.9.5-000002815.wav,ayhvvtlatiihskoo'i
training_data/processed/conrad_wavs/walc-1_0395-Chapter_4_4.9_4.9.6-000000405.wav,tsiihskwa taaninookii'a khoohi hsanaale kookeeyi'tv nikalhsthiiha
training_data/processed/conrad_wavs/walc-1_0397-Chapter_4_4.9_4.9.8-000000000.wav,kato thatvvneeli khoohi kooki
training_data/processed/conrad_wavs/walc-1_0398-Chapter_5_5.1_5.1.1-000000000.wav,yvvwi
training_data/processed/conrad_wavs/walc-1_0399-Chapter_5_5.1_5.1.10-000000000.wav,alhtsatoohvhski
training_data/processed/conrad_wavs/walc-1_0400-Chapter_5_5.1_5.1.11-000000000.wav,aalhskiihski
training_data/processed/conrad_wavs/walc-1_0401-Chapter_5_5.1_5.1.12-000000000.wav,tiitaanhvvwiihski
training_data/processed/conrad_wavs/walc-1_0402-Chapter_5_5.1_5.1.13-000000000.wav,uukvvwiyuuhi
training_data/processed/conrad_wavs/walc-1_0403-Chapter_5_5.1_5.1.14-000000000.wav,tiitaaniiyiihski
training_data/processed/conrad_wavs/walc-1_0404-Chapter_5_5.1_5.1.15-000000000.wav,ayohski
training_data/processed/conrad_wavs/walc-1_0405-Chapter_5_5.1_5.1.16-000000135.wav,tikoowheeliihski
training_data/processed/conrad_wavs/walc-1_0406-Chapter_5_5.1_5.1.17-000000000.wav,ateela aakhthiiya
training_data/processed/conrad_wavs/walc-1_0407-Chapter_5_5.1_5.1.18-000000000.wav,tinelhtiihskiiki
training_data/processed/conrad_wavs/walc-1_0409-Chapter_5_5.1_5.1.2-000000000.wav,aniiyvvwi
training_data/processed/conrad_wavs/walc-1_0410-Chapter_5_5.1_5.1.20-000000000.wav,tsuulvvwhihstaane
training_data/processed/conrad_wavs/walc-1_0411-Chapter_5_5.1_5.1.21-000000000.wav,ateela uukhseehsti
training_data/processed/conrad_wavs/walc-1_0412-Chapter_5_5.1_5.1.22-000000135.wav,tikhtlatiihski
training_data/processed/conrad_wavs/walc-1_0413-Chapter_5_5.1_5.1.23-000000000.wav,aataana'nv
training_data/processed/conrad_wavs/walc-1_0416-Chapter_5_5.1_5.1.25-000000000.wav,aka'nakhthi
training_data/processed/conrad_wavs/walc-1_0417-Chapter_5_5.1_5.1.25-000002185.wav,tsika'nakhthi aanika'nakhthi
training_data/processed/conrad_wavs/walc-1_0418-Chapter_5_5.1_5.1.25-000005495.wav,hika'nakhthi
training_data/processed/conrad_wavs/walc-1_0419-Chapter_5_5.1_5.1.26-000000000.wav,ayvvwi
training_data/processed/conrad_wavs/walc-1_0420-Chapter_5_5.1_5.1.26-000001825.wav,tsiyvvwi hiyvvwi aaniyvvwi
training_data/processed/conrad_wavs/walc-1_0421-Chapter_5_5.1_5.1.27-000000000.wav,uukvvwiyuuhi aakikvvwiyuuhi tsakvvwiyuuhi uunikvvwiyuuhi
training_data/processed/conrad_wavs/walc-1_0422-Chapter_5_5.1_5.1.3-000000000.wav,tiiteeyhoohvhski
training_data/processed/conrad_wavs/walc-1_0423-Chapter_5_5.1_5.1.4-000000000.wav,ka'nakhthi
training_data/processed/conrad_wavs/walc-1_0424-Chapter_5_5.1_5.1.5-000000000.wav,tsuuniitlvvki tikhthiiya
training_data/processed/conrad_wavs/walc-1_0425-Chapter_5_5.1_5.1.6-000000000.wav,aatvvneeliihski
training_data/processed/conrad_wavs/walc-1_0426-Chapter_5_5.1_5.1.7-000000385.wav,tikhanookiihski
training_data/processed/conrad_wavs/walc-1_0427-Chapter_5_5.1_5.1.8-000000000.wav,tiiteelhookwaahski
training_data/processed/conrad_wavs/walc-1_0428-Chapter_5_5.1_5.1.9-000000000.wav,tiithiyoohi
training_data/processed/conrad_wavs/walc-1_0429-Chapter_5_5.2_5.2.1-000000000.wav,sitaaneelv
training_data/processed/conrad_wavs/walc-1_0430-Chapter_5_5.2_5.2.10-000000575.wav,tsoohstataanhvvlhi
training_data/processed/conrad_wavs/walc-1_0431-Chapter_5_5.2_5.2.11-000000000.wav,tsoohstataalvv'i
training_data/processed/conrad_wavs/walc-1_0435-Chapter_5_5.2_5.2.15-000000355.wav,tha'line eetsi
training_data/processed/conrad_wavs/walc-1_0436-Chapter_5_5.2_5.2.16-000000000.wav,eeniihsi
training_data/processed/conrad_wavs/walc-1_0438-Chapter_5_5.2_5.2.3-000000455.wav,eetoota
training_data/processed/conrad_wavs/walc-1_0439-Chapter_5_5.2_5.2.4-000000000.wav,eetsi
training_data/processed/conrad_wavs/walc-1_0440-Chapter_5_5.2_5.2.5-000000000.wav,eelhoki
training_data/processed/conrad_wavs/walc-1_0441-Chapter_5_5.2_5.2.6-000000295.wav,eetuutsi
training_data/processed/conrad_wavs/walc-1_0442-Chapter_5_5.2_5.2.7-000000135.wav,eeliihsi
training_data/processed/conrad_wavs/walc-1_0443-Chapter_5_5.2_5.2.8-000000000.wav,eetuuta
training_data/processed/conrad_wavs/walc-1_0448-Chapter_5_5.3_5.3.3-000000825.wav,aanitsiihskwa
training_data/processed/conrad_wavs/walc-1_0450-Chapter_5_5.3_5.3.5-000000145.wav,aaniwayha
training_data/processed/conrad_wavs/walc-1_0455-Chapter_5_5.4_5.4.1-000000000.wav,tinhawoohsti
training_data/processed/conrad_wavs/walc-1_0456-Chapter_5_5.4_5.4.10-000000235.wav,ataatloohsti
training_data/processed/conrad_wavs/walc-1_0460-Chapter_5_5.4_5.4.14-000000000.wav,aniihskaya ale aniikeeyha aanatsanvvhska
training_data/processed/conrad_wavs/walc-1_0462-Chapter_5_5.4_5.4.16-000000000.wav,kalhtsoote uuyvvlhvv'i uulhskweethuhkiihsvvno
training_data/processed/conrad_wavs/walc-1_0463-Chapter_5_5.4_5.4.17-000000000.wav,hataatlooka
training_data/processed/conrad_wavs/walc-1_0464-Chapter_5_5.4_5.4.18-000000145.wav,analaahskaliihski tuunalhstuulo
training_data/processed/conrad_wavs/walc-1_0466-Chapter_5_5.4_5.4.2-000000000.wav,aahsuulo
training_data/processed/conrad_wavs/walc-1_0467-Chapter_5_5.4_5.4.3-000000235.wav,tilaahsuulo
training_data/processed/conrad_wavs/walc-1_0468-Chapter_5_5.4_5.4.4-000000575.wav,anhawo
training_data/processed/conrad_wavs/walc-1_0469-Chapter_5_5.4_5.4.5-000000545.wav,tiiliiyo
training_data/processed/conrad_wavs/walc-1_0470-Chapter_5_5.4_5.4.6-000000000.wav,athilhti
training_data/processed/conrad_wavs/walc-1_0471-Chapter_5_5.4_5.4.7-000000595.wav,alhskweethuwo
training_data/processed/conrad_wavs/walc-1_0472-Chapter_5_5.4_5.4.8-000000215.wav,alhstuulo
training_data/processed/conrad_wavs/walc-1_0473-Chapter_5_5.4_5.4.9-000000345.wav,aahsano
training_data/processed/conrad_wavs/walc-1_0479-Chapter_5_5.4_5.4_Put_on_Clothes_Present-000000000.wav,teekaniiwoo'a tehaanhawoo'a
training_data/processed/conrad_wavs/walc-1_0480-Chapter_5_5.4_5.4_Put_on_Clothes_Present-000004045.wav,taanhawoo'a
training_data/processed/conrad_wavs/walc-1_0481-Chapter_5_5.4_5.4_Put_on_Clothes_Present-000005935.wav,tanaanhawoo'a
training_data/processed/conrad_wavs/walc-1_0482-Chapter_5_5.4_5.4_Put_on_Clothes_Present-000008405.wav,tetaanhawoo'a
training_data/processed/conrad_wavs/walc-1_0483-Chapter_5_5.4_5.4_Put_on_Clothes_Remote_Past-000000000.wav,takwanhawoo'v tetsanhawoo'v tunhawoo'v tunanhawoo'v tekanhawoo'v
training_data/processed/conrad_wavs/walc-1_0484-Chapter_5_5.4_5.4_Put_on_Pants_Future-000000445.wav,takahsuulaani
training_data/processed/conrad_wavs/walc-1_0485-Chapter_5_5.4_5.4_Put_on_Pants_Future-000002725.wav,thahsuulaani
training_data/processed/conrad_wavs/walc-1_0486-Chapter_5_5.4_5.4_Put_on_Pants_Future-000004655.wav,tvhsuulaani
training_data/processed/conrad_wavs/walc-1_0489-Chapter_5_5.4_5.4_Put_on_Pants_Present-000000405.wav,kaahsuuli'a haahsuuli'a aahsuuli'a taanaahsuuli'a tetsaahsuuli'a
training_data/processed/conrad_wavs/walc-1_0490-Chapter_5_5.4_5.4_Put_on_Pants_Remote_Past-000000000.wav,akwahsuulaanvv'i
training_data/processed/conrad_wavs/walc-1_0491-Chapter_5_5.4_5.4_Put_on_Pants_Remote_Past-000003405.wav,tsahsuulaanvv'i
training_data/processed/conrad_wavs/walc-1_0492-Chapter_5_5.4_5.4_Put_on_Pants_Remote_Past-000005805.wav,uuhsuulaanvv'i
training_data/processed/conrad_wavs/walc-1_0493-Chapter_5_5.4_5.4_Put_on_Pants_Remote_Past-000008105.wav,tuunaahsuulaanvv'i
training_data/processed/conrad_wavs/walc-1_0494-Chapter_5_5.4_5.4_Put_on_Pants_Remote_Past-000011015.wav,teekaahsuulaanvv'i
training_data/processed/conrad_wavs/walc-1_0495-Chapter_5_5.5_5.5.1-000000335.wav,khanookeeni
training_data/processed/conrad_wavs/walc-1_0496-Chapter_5_5.5_5.5.10-000000000.wav,kaatiikeeni
training_data/processed/conrad_wavs/walc-1_0497-Chapter_5_5.5_5.5.11-000000000.wav,khanikeeni
training_data/processed/conrad_wavs/walc-1_0498-Chapter_5_5.5_5.5.12-000000000.wav,ahskhooli
training_data/processed/conrad_wavs/walc-1_0499-Chapter_5_5.5_5.5.13-000000000.wav,tiikhahskeeni
training_data/processed/conrad_wavs/walc-1_0500-Chapter_5_5.5_5.5.14-000000000.wav,ayhukeeni
training_data/processed/conrad_wavs/walc-1_0501-Chapter_5_5.5_5.5.15-000000000.wav,kanvvhskeeni
training_data/processed/conrad_wavs/walc-1_0503-Chapter_5_5.5_5.5.17-000000000.wav,khanaahsa'tv
training_data/processed/conrad_wavs/walc-1_0504-Chapter_5_5.5_5.5.18-000000000.wav,ahooli
training_data/processed/conrad_wavs/walc-1_0505-Chapter_5_5.5_5.5.19-000000000.wav,akhiyuuhskeeni
training_data/processed/conrad_wavs/walc-1_0506-Chapter_5_5.5_5.5.2-000000000.wav,tikhanookeeni
training_data/processed/conrad_wavs/walc-1_0507-Chapter_5_5.5_5.5.20-000000000.wav,uwooyeeni
training_data/processed/conrad_wavs/walc-1_0508-Chapter_5_5.5_5.5.21-000000000.wav,ayeelv
training_data/processed/conrad_wavs/walc-1_0509-Chapter_5_5.5_5.5.22-000000000.wav,khanookeeni hinookeeni tsinookeeni
training_data/processed/conrad_wavs/walc-1_0510-Chapter_5_5.5_5.5.23-000000000.wav,uwooyeeni tsooyeeni akwooyeeni
training_data/processed/conrad_wavs/walc-1_0511-Chapter_5_5.5_5.5.24-000000000.wav,uukhathv tsakhathv aakwakhathv
training_data/processed/conrad_wavs/walc-1_0512-Chapter_5_5.5_5.5.25-000000000.wav,ka'leeni hi'leeni tsi'leeni
training_data/processed/conrad_wavs/walc-1_0513-Chapter_5_5.5_5.5.26-000000425.wav,khanikeen
training_data/processed/conrad_wavs/walc-1_0514-Chapter_5_5.5_5.5.26-000002335.wav,hinikeen
training_data/processed/conrad_wavs/walc-1_0515-Chapter_5_5.5_5.5.26-000004245.wav,tsinikeen
training_data/processed/conrad_wavs/walc-1_0516-Chapter_5_5.5_5.5.27-000000000.wav,ahool
training_data/processed/conrad_wavs/walc-1_0517-Chapter_5_5.5_5.5.27-000001435.wav,hihool
training_data/processed/conrad_wavs/walc-1_0518-Chapter_5_5.5_5.5.27-000002895.wav,tsihool
training_data/processed/conrad_wavs/walc-1_0519-Chapter_5_5.5_5.5.28-000000385.wav,tsuwooyeen titsooyeen tikwooyeen
training_data/processed/conrad_wavs/walc-1_0522-Chapter_5_5.5_5.5.3-000000165.wav,kaahsohi
training_data/processed/conrad_wavs/walc-1_0523-Chapter_5_5.5_5.5.30-000000475.wav,tika'leeni thi'leeni titsi'leeni
training_data/processed/conrad_wavs/walc-1_0524-Chapter_5_5.5_5.5.31-000000775.wav,tikhanikeeni thinikeeni titsinikeeni
training_data/processed/conrad_wavs/walc-1_0525-Chapter_5_5.5_5.5.4-000000355.wav,kaneetsi
training_data/processed/conrad_wavs/walc-1_0526-Chapter_5_5.5_5.5.5-000000000.wav,ka'leeni
training_data/processed/conrad_wavs/walc-1_0527-Chapter_5_5.5_5.5.6-000000000.wav,uukhathv
training_data/processed/conrad_wavs/walc-1_0528-Chapter_5_5.5_5.5.7-000000000.wav,kaayeehsa'tv
training_data/processed/conrad_wavs/walc-1_0529-Chapter_5_5.5_5.5.8-000000000.wav,uulaahshteeni
training_data/processed/conrad_wavs/walc-1_0530-Chapter_5_5.5_5.5.9-000000000.wav,akvvtakeeni
training_data/processed/conrad_wavs/walc-1_0532-Chapter_5_5.6_5.6.10-000000275.wav,uuyhvvtla aakiniiyvha
training_data/processed/conrad_wavs/walc-1_0539-Chapter_5_5.6_5.6.3-000000665.wav,aakhsiwhahska
training_data/processed/conrad_wavs/walc-1_0540-Chapter_5_5.6_5.6.4-000000000.wav,uuhsiwhahska
training_data/processed/conrad_wavs/walc-1_0541-Chapter_5_5.6_5.6.5-000000575.wav,uutiilhehvhska
training_data/processed/conrad_wavs/walc-1_0542-Chapter_5_5.6_5.6.6-000000000.wav,uuyhvvtla uuniiyvha
training_data/processed/conrad_wavs/walc-1_0546-Chapter_5_5.7_5.7.1-000000000.wav,katookwu
training_data/processed/conrad_wavs/walc-1_0547-Chapter_5_5.7_5.7.10-000000285.wav,na ahskaya akeeyha uutiwhska
training_data/processed/conrad_wavs/walc-1_0549-Chapter_5_5.7_5.7.12-000000455.wav,haatlv tseehstaaneha
training_data/processed/conrad_wavs/walc-1_0550-Chapter_5_5.7_5.7.13-000000835.wav,aakhskwoolhi aakweehihstaaneha
training_data/processed/conrad_wavs/walc-1_0551-Chapter_5_5.7_5.7.14-000000000.wav,aka'nakhthitsu aayaa
training_data/processed/conrad_wavs/walc-1_0553-Chapter_5_5.7_5.7.16-000000000.wav,na ahskaya
training_data/processed/conrad_wavs/walc-1_0555-Chapter_5_5.7_5.7.17-000000000.wav,akooliiye'a
training_data/processed/conrad_wavs/walc-1_0557-Chapter_5_5.7_5.7.19-000000605.wav,uutlvvkvv'i
training_data/processed/conrad_wavs/walc-1_0561-Chapter_5_5.7_5.7.4-000000000.wav,ka'nakhthi'tsu witseetoolvv'i
training_data/processed/conrad_wavs/walc-1_0562-Chapter_5_5.7_5.7.5-000000285.wav,kato uuhst ata ka'nakhthi
training_data/processed/conrad_wavs/walc-1_0563-Chapter_5_5.7_5.7.6-000000000.wav,tsihskhool akwehstaanheha
training_data/processed/conrad_wavs/walc-1_0566-Chapter_5_5.7_5.7.9-000000135.wav,tsuuniitlvvki uuniyvvhsti
training_data/processed/conrad_wavs/walc-1_0567-Chapter_5_5.8_5.8.1-000000475.wav,kato uuhsti tsatanhtha
training_data/processed/conrad_wavs/walc-1_0568-Chapter_5_5.8_5.8.10-000000000.wav,uuhiihsoht aakwatanhtha
training_data/processed/conrad_wavs/walc-1_0569-Chapter_5_5.8_5.8.11-000000000.wav,oohsitsukhe tsatanhtha
training_data/processed/conrad_wavs/walc-1_0570-Chapter_5_5.8_5.8.12-000000000.wav,uuyo aakwatanhtha
training_data/processed/conrad_wavs/walc-1_0574-Chapter_5_5.8_5.8.16-000000000.wav,utsoohsehti aakwatanhtha
training_data/processed/conrad_wavs/walc-1_0577-Chapter_5_5.8_5.8.19-000000000.wav,taakwataleetsheha
training_data/processed/conrad_wavs/walc-1_0578-Chapter_5_5.8_5.8.2-000000000.wav,thoohiitsu
training_data/processed/conrad_wavs/walc-1_0579-Chapter_5_5.8_5.8.3-000000000.wav,kali'eeliika
training_data/processed/conrad_wavs/walc-1_0580-Chapter_5_5.8_5.8.4-000000000.wav,aakhinaalvhi
training_data/processed/conrad_wavs/walc-1_0581-Chapter_5_5.8_5.8.5-000000000.wav,aakhinaalvka
training_data/processed/conrad_wavs/walc-1_0582-Chapter_5_5.8_5.8.6-000000000.wav,oohsta aakwatanhtha
training_data/processed/conrad_wavs/walc-1_0583-Chapter_5_5.8_5.8.7-000000000.wav,tsiihskaaha
training_data/processed/conrad_wavs/walc-1_0586-Chapter_5_5.9_5.9.1-000000000.wav,aathvvkooti
training_data/processed/conrad_wavs/walc-1_0587-Chapter_5_5.9_5.9.10-000000455.wav,tsuunhtsoohsti akiihsti
training_data/processed/conrad_wavs/walc-1_0590-Chapter_5_5.9_5.9.13-000000305.wav,wahaya nikaweehskv
training_data/processed/conrad_wavs/walc-1_0593-Chapter_5_5.9_5.9.15-000000000.wav,koohuuhsti oohsta aahsvvka
training_data/processed/conrad_wavs/walc-1_0594-Chapter_5_5.9_5.9.16-000000000.wav,haatlv hiikoowahthi
training_data/processed/conrad_wavs/walc-1_0595-Chapter_5_5.9_5.9.17-000000000.wav,anoohsta anihsvvki
training_data/processed/conrad_wavs/walc-1_0596-Chapter_5_5.9_5.9.17-000003005.wav,uuniitsiilvvhski
training_data/processed/conrad_wavs/walc-1_0597-Chapter_5_5.9_5.9.2-000000000.wav,aakowahthvhti
training_data/processed/conrad_wavs/walc-1_0601-Chapter_5_5.9_5.9.6-000000000.wav,kato uhst tsakoohee'i
training_data/processed/conrad_wavs/walc-1_0602-Chapter_5_5.9_5.9.7-000000000.wav,hathvvkvvkatsu
training_data/processed/conrad_wavs/walc-1_0604-Chapter_5_5.9_5.9.9-000000000.wav,koohuuhstitsu
training_data/processed/conrad_wavs/walc-1_0606-Chapter_6_6.1_6.1.1-000000000.wav,uwootuuhi
training_data/processed/conrad_wavs/walc-1_0607-Chapter_6_6.1_6.1.10-000000345.wav,u'neekilhti
training_data/processed/conrad_wavs/walc-1_0608-Chapter_6_6.1_6.1.11-000000000.wav,ahsamaati
training_data/processed/conrad_wavs/walc-1_0609-Chapter_6_6.1_6.1.12-000000000.wav,uutaalvvkwhti
training_data/processed/conrad_wavs/walc-1_0611-Chapter_6_6.1_6.1.14-000000000.wav,uuthana
training_data/processed/conrad_wavs/walc-1_0612-Chapter_6_6.1_6.1.15-000000000.wav,eekwa
training_data/processed/conrad_wavs/walc-1_0613-Chapter_6_6.1_6.1.16-000000225.wav,kaatsanuuli
training_data/processed/conrad_wavs/walc-1_0616-Chapter_6_6.1_6.1.19-000000000.wav,uwolhti
training_data/processed/conrad_wavs/walc-1_0617-Chapter_6_6.1_6.1.2-000000000.wav,uutanhthi
training_data/processed/conrad_wavs/walc-1_0618-Chapter_6_6.1_6.1.20-000000000.wav,nuutanhthvvna
training_data/processed/conrad_wavs/walc-1_0619-Chapter_6_6.1_6.1.20-000002295.wav,uuluulootsv
training_data/processed/conrad_wavs/walc-1_0621-Chapter_6_6.1_6.1.22-000000000.wav,uulhiniikita
training_data/processed/conrad_wavs/walc-1_0622-Chapter_6_6.1_6.1.23-000000000.wav,uukhvvhihsti
training_data/processed/conrad_wavs/walc-1_0624-Chapter_6_6.1_6.1.25-000000000.wav,ulhiihsta
training_data/processed/conrad_wavs/walc-1_0625-Chapter_6_6.1_6.1.26-000000000.wav,uutanvvkalvvta
training_data/processed/conrad_wavs/walc-1_0626-Chapter_6_6.1_6.1.27-000000000.wav,kaataaha
training_data/processed/conrad_wavs/walc-1_0628-Chapter_6_6.1_6.1.4-000000000.wav,kanayeekiyu
training_data/processed/conrad_wavs/walc-1_0629-Chapter_6_6.1_6.1.5-000000000.wav,uukanaahsta
training_data/processed/conrad_wavs/walc-1_0630-Chapter_6_6.1_6.1.6-000000000.wav,tsuuntsoohsti
training_data/processed/conrad_wavs/walc-1_0631-Chapter_6_6.1_6.1.7-000000000.wav,uuhskanooli
training_data/processed/conrad_wavs/walc-1_0632-Chapter_6_6.1_6.1.8-000000000.wav,uuyhvvhsti
training_data/processed/conrad_wavs/walc-1_0633-Chapter_6_6.1_6.1.9-000000000.wav,uuneekuutsita
training_data/processed/conrad_wavs/walc-1_0634-Chapter_6_6.2_6.2.1-000000000.wav,kvvnhakee'i
training_data/processed/conrad_wavs/walc-1_0635-Chapter_6_6.2_6.2.10-000000000.wav,ateela uuneeka
training_data/processed/conrad_wavs/walc-1_0636-Chapter_6_6.2_6.2.11-000000000.wav,ateela taloonike
training_data/processed/conrad_wavs/walc-1_0637-Chapter_6_6.2_6.2.12-000000235.wav,uwootike
training_data/processed/conrad_wavs/walc-1_0638-Chapter_6_6.2_6.2.2-000000155.wav,kiikake'i
training_data/processed/conrad_wavs/walc-1_0639-Chapter_6_6.2_6.2.3-000000000.wav,uuneeka
training_data/processed/conrad_wavs/walc-1_0640-Chapter_6_6.2_6.2.4-000000000.wav,taloonike'i
training_data/processed/conrad_wavs/walc-1_0641-Chapter_6_6.2_6.2.5-000000000.wav,ataloonike'i
training_data/processed/conrad_wavs/walc-1_0642-Chapter_6_6.2_6.2.6-000000145.wav,sakhoonikee'i
training_data/processed/conrad_wavs/walc-1_0643-Chapter_6_6.2_6.2.7-000000000.wav,kiikake uuhskoolv
training_data/processed/conrad_wavs/walc-1_0645-Chapter_6_6.2_6.2.9-000000335.wav,itsee'iyuuhsti
training_data/processed/conrad_wavs/walc-1_0648-Chapter_6_6.3_6.3.11-000000645.wav,uwootutsv akeeyha
training_data/processed/conrad_wavs/walc-1_0649-Chapter_6_6.3_6.3.11-000003405.wav,tsuunootutsv aniikeeyha
training_data/processed/conrad_wavs/walc-1_0650-Chapter_6_6.3_6.3.12-000000000.wav,uuthana yoona aa'i
training_data/processed/conrad_wavs/walc-1_0651-Chapter_6_6.3_6.3.12-000003485.wav,tsuunthana yoona aanaa'i
training_data/processed/conrad_wavs/walc-1_0670-Chapter_6_6.3_6.3.9-000000000.wav,oohsta
training_data/processed/conrad_wavs/walc-1_0673-Chapter_6_6.4_6.4.1-000000000.wav,kvvhti
training_data/processed/conrad_wavs/walc-1_0674-Chapter_6_6.4_6.4.10-000000000.wav,kalhtsoote utlitiitla katooka
training_data/processed/conrad_wavs/walc-1_0675-Chapter_6_6.4_6.4.11-000000000.wav,na weehsa kaahskilo hawiinitiitla eetooha
training_data/processed/conrad_wavs/walc-1_0676-Chapter_6_6.4_6.4.12-000000000.wav,ootalvv'i
training_data/processed/conrad_wavs/walc-1_0677-Chapter_6_6.4_6.4.12-000001775.wav,kalvvlatiitla
training_data/processed/conrad_wavs/walc-1_0679-Chapter_6_6.4_6.4.13-000000000.wav,tsuuniilaawihsti
training_data/processed/conrad_wavs/walc-1_0680-Chapter_6_6.4_6.4.13-000002255.wav,ikvvyi tiitla taanitooka
training_data/processed/conrad_wavs/walc-1_0681-Chapter_6_6.4_6.4.2-000000000.wav,na ahskaya akeeyha
training_data/processed/conrad_wavs/walc-1_0682-Chapter_6_6.4_6.4.2-000002815.wav,kvvnoohsahsti kvvhti
training_data/processed/conrad_wavs/walc-1_0683-Chapter_6_6.4_6.4.2-000005465.wav,kvvnoohsahsko
training_data/processed/conrad_wavs/walc-1_0684-Chapter_6_6.4_6.4.2-000007775.wav,ayhahtheeno
training_data/processed/conrad_wavs/walc-1_0685-Chapter_6_6.4_6.4.3-000000000.wav,na ahskaya akeeyha
training_data/processed/conrad_wavs/walc-1_0686-Chapter_6_6.4_6.4.3-000003155.wav,kanvvkwaloohsti kvvhti kvvnhiha
training_data/processed/conrad_wavs/walc-1_0687-Chapter_6_6.4_6.4.4-000000000.wav,itiitla
training_data/processed/conrad_wavs/walc-1_0689-Chapter_6_6.4_6.4.6-000000000.wav,ameekwo itiitla aaneeka
training_data/processed/conrad_wavs/walc-1_0690-Chapter_6_6.4_6.4.7-000000000.wav,na'vv'i
training_data/processed/conrad_wavs/walc-1_0691-Chapter_6_6.4_6.4.8-000000000.wav,vvtali na'vv'i tuunoolhvv'i
training_data/processed/conrad_wavs/walc-1_0692-Chapter_6_6.4_6.4.9-000000000.wav,utlitiitla
training_data/processed/conrad_wavs/walc-1_0693-Chapter_6_6.5_6.5.1-000000000.wav,ale
training_data/processed/conrad_wavs/walc-1_0694-Chapter_6_6.5_6.5.10-000000000.wav,tsuunhookiihsti uutuuliihskvv'i aahseehskini uutlvvkvv'i
training_data/processed/conrad_wavs/walc-1_0695-Chapter_6_6.5_6.5.11-000000000.wav,howa hawa ale yiki
training_data/processed/conrad_wavs/walc-1_0696-Chapter_6_6.5_6.5.11-000003975.wav,aanatiihskoo'i
training_data/processed/conrad_wavs/walc-1_0697-Chapter_6_6.5_6.5.2-000000000.wav,aahseenho
training_data/processed/conrad_wavs/walc-1_0698-Chapter_6_6.5_6.5.3-000000000.wav,ale yiki
training_data/processed/conrad_wavs/walc-1_0699-Chapter_6_6.5_6.5.4-000000000.wav,aahseehskini
training_data/processed/conrad_wavs/walc-1_0702-Chapter_6_6.5_6.5.7-000000000.wav,vvhskinhv
training_data/processed/conrad_wavs/walc-1_0703-Chapter_6_6.5_6.5.7-000001595.wav,iyuuhsti
training_data/processed/conrad_wavs/walc-1_0704-Chapter_6_6.5_6.5.8-000000000.wav,ahskaya ale akeeyha aniwooniha
training_data/processed/conrad_wavs/walc-1_0705-Chapter_6_6.5_6.5.9-000000000.wav,uweenvvhsti uutuuliha aahseenho aakaahska
training_data/processed/conrad_wavs/walc-1_0706-Chapter_6_6.6_6.6.1-000000175.wav,saakwu ahskaya ale hsaakwu akeeyha
training_data/processed/conrad_wavs/walc-1_0707-Chapter_6_6.6_6.6.10-000000000.wav,aanalhskii'a
training_data/processed/conrad_wavs/walc-1_0708-Chapter_6_6.6_6.6.11-000000000.wav,kalhiha
training_data/processed/conrad_wavs/walc-1_0709-Chapter_6_6.6_6.6.12-000000000.wav,tekaalhiiloohstiha
training_data/processed/conrad_wavs/walc-1_0710-Chapter_6_6.6_6.6.13-000000000.wav,tekawooniha
training_data/processed/conrad_wavs/walc-1_0711-Chapter_6_6.6_6.6.14-000000000.wav,kawooniha
training_data/processed/conrad_wavs/walc-1_0712-Chapter_6_6.6_6.6.15-000000000.wav,tuunoolha
training_data/processed/conrad_wavs/walc-1_0713-Chapter_6_6.6_6.6.16-000000000.wav,analiihstaayvvhvhska
training_data/processed/conrad_wavs/walc-1_0714-Chapter_6_6.6_6.6.17-000000000.wav,khoohi iika uuyhvvtla ale aakaahska
training_data/processed/conrad_wavs/walc-1_0715-Chapter_6_6.6_6.6.18-000000000.wav,naahski ahawi uwootikee'i aahseenho na kaathohka uuneeka
training_data/processed/conrad_wavs/walc-1_0716-Chapter_6_6.6_6.6.19-000000000.wav,na ahskaya
training_data/processed/conrad_wavs/walc-1_0717-Chapter_6_6.6_6.6.19-000002355.wav,itse'iyuuhsti ulhsuuwhiita uuhsuula ale kvvnhake tuulaahsuulha
training_data/processed/conrad_wavs/walc-1_0718-Chapter_6_6.6_6.6.2-000000000.wav,akeeyhuutsa
training_data/processed/conrad_wavs/walc-1_0720-Chapter_6_6.6_6.6.20-000000000.wav,eelhawe uuwoolha akayvvlike aahseenho tiiniiyoolhi
training_data/processed/conrad_wavs/walc-1_0721-Chapter_6_6.6_6.6.20-000007195.wav,taananeeloohvhska
training_data/processed/conrad_wavs/walc-1_0722-Chapter_6_6.6_6.6.21-000000375.wav,sookwili anaalha'i'toohoo'i ale yiki
training_data/processed/conrad_wavs/walc-1_0724-Chapter_6_6.6_6.6.22-000000000.wav,kaakeetatsu
training_data/processed/conrad_wavs/walc-1_0726-Chapter_6_6.6_6.6.3-000000000.wav,kiilhi atlhitooha weehsanho kalhiha
training_data/processed/conrad_wavs/walc-1_0727-Chapter_6_6.6_6.6.4-000000215.wav,tooyi tiitla keetooa teekatliiloohstiha ale
training_data/processed/conrad_wavs/walc-1_0728-Chapter_6_6.6_6.6.4-000006155.wav,kalhtsoote'i aaniyaa tikikayvvlike
training_data/processed/conrad_wavs/walc-1_0729-Chapter_6_6.6_6.6.5-000000000.wav,aani'luhkatsu aananhiki'akhe
training_data/processed/conrad_wavs/walc-1_0730-Chapter_6_6.6_6.6.6-000000000.wav,na ahskaya
training_data/processed/conrad_wavs/walc-1_0731-Chapter_6_6.6_6.6.6-000001885.wav,iitsuula tsalaki ale yooneeka
training_data/processed/conrad_wavs/walc-1_0732-Chapter_6_6.6_6.6.6-000005685.wav,tekawooniha
training_data/processed/conrad_wavs/walc-1_0733-Chapter_6_6.6_6.6.7-000000000.wav,tiiniiyoolhi
training_data/processed/conrad_wavs/walc-1_0734-Chapter_6_6.6_6.6.7-000002375.wav,aanaliihstaayvvhvhska
training_data/processed/conrad_wavs/walc-1_0735-Chapter_6_6.6_6.6.7-000005065.wav,nanho
training_data/processed/conrad_wavs/walc-1_0736-Chapter_6_6.6_6.6.7-000006645.wav,tsuunathana
training_data/processed/conrad_wavs/walc-1_0737-Chapter_6_6.6_6.6.7-000008645.wav,taanalhinooheha
training_data/processed/conrad_wavs/walc-1_0738-Chapter_6_6.6_6.6.8-000000000.wav,attlhitooha
training_data/processed/conrad_wavs/walc-1_0739-Chapter_6_6.6_6.6.9-000000000.wav,tekhanookii'a
training_data/processed/conrad_wavs/walc-1_0741-Chapter_6_6.7_6.7.10-000000000.wav,tookha toha
training_data/processed/conrad_wavs/walc-1_0742-Chapter_6_6.7_6.7.11-000000000.wav,kha italeenawu
training_data/processed/conrad_wavs/walc-1_0743-Chapter_6_6.7_6.7.12-000000000.wav,nuula inaanhiki
training_data/processed/conrad_wavs/walc-1_0746-Chapter_6_6.7_6.7.14-000001445.wav,hikoowhahthatsu
training_data/processed/conrad_wavs/walc-1_0747-Chapter_6_6.7_6.7.15-000000000.wav,nuula aalhstayvhti'i
training_data/processed/conrad_wavs/walc-1_0748-Chapter_6_6.7_6.7.16-000000315.wav,si wikaa'i
training_data/processed/conrad_wavs/walc-1_0749-Chapter_6_6.7_6.7.17-000000000.wav,ayo aakhinaahskwalootsa
training_data/processed/conrad_wavs/walc-1_0750-Chapter_6_6.7_6.7.18-000000000.wav,uwootuutsvv'i tookha
training_data/processed/conrad_wavs/walc-1_0751-Chapter_6_6.7_6.7.19-000000000.wav,vv
training_data/processed/conrad_wavs/walc-1_0752-Chapter_6_6.7_6.7.19-000001655.wav,khaawhi aawatuuliha
training_data/processed/conrad_wavs/walc-1_0753-Chapter_6_6.7_6.7.2-000000000.wav,nuula
training_data/processed/conrad_wavs/walc-1_0754-Chapter_6_6.7_6.7.20-000000000.wav,ni kaako taaya'i
training_data/processed/conrad_wavs/walc-1_0756-Chapter_6_6.7_6.7.4-000000000.wav,ayo
training_data/processed/conrad_wavs/walc-1_0757-Chapter_6_6.7_6.7.5-000000295.wav,skiki
training_data/processed/conrad_wavs/walc-1_0759-Chapter_6_6.7_6.7.7-000000000.wav,vlha
training_data/processed/conrad_wavs/walc-1_0760-Chapter_6_6.7_6.7.8-000000000.wav,vv
training_data/processed/conrad_wavs/walc-1_0762-Chapter_6_6.8_6.8.1-000000145.wav,lha yitsiwooniha
training_data/processed/conrad_wavs/walc-1_0764-Chapter_6_6.8_6.8.2-000001725.wav,yaakwatuuliha
training_data/processed/conrad_wavs/walc-1_0766-Chapter_6_6.8_6.8.3-000002325.wav,lha tsunhsti yiki
training_data/processed/conrad_wavs/walc-1_0767-Chapter_6_6.8_6.8.4-000000000.wav,tsalaki kawooniihski
training_data/processed/conrad_wavs/walc-1_0768-Chapter_6_6.8_6.8.4-000002575.wav,lha tsalaki kawooniihski yiki
training_data/processed/conrad_wavs/walc-1_0769-Chapter_6_6.8_6.8.5-000000000.wav,oohsta keehsv
training_data/processed/conrad_wavs/walc-1_0770-Chapter_6_6.8_6.8.5-000002325.wav,lha oohsta yikeehsee'i
training_data/processed/conrad_wavs/walc-1_0771-Chapter_6_6.8_6.8.6-000000000.wav,nvvya uuthana keehsee'i
training_data/processed/conrad_wavs/walc-1_0772-Chapter_6_6.8_6.8.6-000004735.wav,lha nvvya uuthana yikeehsee'i
training_data/processed/conrad_wavs/walc-1_0773-Chapter_6_6.8_6.8.7-000000000.wav,oohsta keehseehsti
training_data/processed/conrad_wavs/walc-1_0774-Chapter_6_6.8_6.8.7-000002435.wav,lha oohsta yikeehseehsti
training_data/processed/conrad_wavs/walc-1_0775-Chapter_6_6.8_6.8.8-000000000.wav,hiwoonihatsu lha yhiwooniha
training_data/processed/conrad_wavs/walc-1_0779-Chapter_6_6.9_6.9.4-000000225.wav,tsalaki kawooniihski tookha
training_data/processed/conrad_wavs/walc-1_0786-Chapter_7_7.1_7.1.1-000000765.wav,haatlv heeka
training_data/processed/conrad_wavs/walc-1_0787-Chapter_7_7.1_7.1.2-000000205.wav,hilaayv theehsi
training_data/processed/conrad_wavs/walc-1_0788-Chapter_7_7.1_7.1.3-000000685.wav,na'vhs heetooha
training_data/processed/conrad_wavs/walc-1_0789-Chapter_7_7.1_7.1.4-000000000.wav,witheetoolitsu
training_data/processed/conrad_wavs/walc-1_0790-Chapter_7_7.1_7.1.5-000000000.wav,haatlv uuneenvvhsee'i
training_data/processed/conrad_wavs/walc-1_0792-Chapter_7_7.1_7.1.7-000000265.wav,hila iyv thiluhtsi
training_data/processed/conrad_wavs/walc-1_0793-Chapter_7_7.1_7.1.8-000000000.wav,haatlv wheeta
training_data/processed/conrad_wavs/walc-1_0794-Chapter_7_7.1_7.1_Arrive_Future-000000415.wav,tatsi'luhtsi
training_data/processed/conrad_wavs/walc-1_0795-Chapter_7_7.1_7.1_Arrive_Future-000002185.wav,thi'luhtsi taka'luhtsi
training_data/processed/conrad_wavs/walc-1_0796-Chapter_7_7.1_7.1_Arrive_Future-000005395.wav,tvvni'luhtsi
training_data/processed/conrad_wavs/walc-1_0797-Chapter_7_7.1_7.1_Arrive_Future-000007805.wav,taati'luhtsi
training_data/processed/conrad_wavs/walc-1_0798-Chapter_7_7.1_7.1_Arrive_Present-000000495.wav,tsi'luhka
training_data/processed/conrad_wavs/walc-1_0799-Chapter_7_7.1_7.1_Arrive_Present-000002785.wav,hi'luhka
training_data/processed/conrad_wavs/walc-1_0800-Chapter_7_7.1_7.1_Arrive_Present-000004555.wav,ka'luhka
training_data/processed/conrad_wavs/walc-1_0801-Chapter_7_7.1_7.1_Arrive_Present-000006265.wav,aani'luhka
training_data/processed/conrad_wavs/walc-1_0802-Chapter_7_7.1_7.1_Arrive_Present-000007965.wav,iiti'luhka
training_data/processed/conrad_wavs/walc-1_0803-Chapter_7_7.1_7.1_Arrive_Remote_Past-000000000.wav,aakiluhtsv
training_data/processed/conrad_wavs/walc-1_0804-Chapter_7_7.1_7.1_Arrive_Remote_Past-000002005.wav,tsaluhtsvv'i uuluhtsvv'i
training_data/processed/conrad_wavs/walc-1_0805-Chapter_7_7.1_7.1_Arrive_Remote_Past-000005555.wav,uuniluhtsvv'i iikiluhtsvv'i
training_data/processed/conrad_wavs/walc-1_0806-Chapter_7_7.1_7.1_Be_At_Future-000000585.wav,takeetooli
training_data/processed/conrad_wavs/walc-1_0807-Chapter_7_7.1_7.1_Be_At_Future-000002615.wav,theetooli
training_data/processed/conrad_wavs/walc-1_0808-Chapter_7_7.1_7.1_Be_At_Future-000004995.wav,tayeetooli
training_data/processed/conrad_wavs/walc-1_0809-Chapter_7_7.1_7.1_Be_At_Future-000007085.wav,tvvneetooli
training_data/processed/conrad_wavs/walc-1_0810-Chapter_7_7.1_7.1_Be_At_Future-000009015.wav,taateetooli
training_data/processed/conrad_wavs/walc-1_0811-Chapter_7_7.1_7.1_Be_At_Immediate_Past-000000000.wav,keeta heeta eeta
training_data/processed/conrad_wavs/walc-1_0812-Chapter_7_7.1_7.1_Be_At_Immediate_Past-000004375.wav,aaneeta
training_data/processed/conrad_wavs/walc-1_0813-Chapter_7_7.1_7.1_Be_At_Immediate_Past-000006445.wav,iiteeta
training_data/processed/conrad_wavs/walc-1_0814-Chapter_7_7.1_7.1_Be_At_Present-000000435.wav,keetooha
training_data/processed/conrad_wavs/walc-1_0815-Chapter_7_7.1_7.1_Be_At_Present-000002535.wav,heetooha
training_data/processed/conrad_wavs/walc-1_0816-Chapter_7_7.1_7.1_Be_At_Present-000004535.wav,eetooha
training_data/processed/conrad_wavs/walc-1_0817-Chapter_7_7.1_7.1_Be_At_Present-000006445.wav,aaneetooha
training_data/processed/conrad_wavs/walc-1_0818-Chapter_7_7.1_7.1_Be_At_Present-000008355.wav,iiteetooha
training_data/processed/conrad_wavs/walc-1_0819-Chapter_7_7.1_7.1_Be_At_Remote_Past-000000000.wav,aakweetoolvv'i
training_data/processed/conrad_wavs/walc-1_0820-Chapter_7_7.1_7.1_Be_At_Remote_Past-000002855.wav,tseetoolvv'i
training_data/processed/conrad_wavs/walc-1_0821-Chapter_7_7.1_7.1_Be_At_Remote_Past-000005325.wav,uuweetoolvv'i
training_data/processed/conrad_wavs/walc-1_0822-Chapter_7_7.1_7.1_Be_At_Remote_Past-000007525.wav,uuneetoolvv'i
training_data/processed/conrad_wavs/walc-1_0823-Chapter_7_7.1_7.1_Be_At_Remote_Past-000009795.wav,iikeetoolvv'i
training_data/processed/conrad_wavs/walc-1_0824-Chapter_7_7.1_7.1_Go_Future-000000355.wav,takeehsi
training_data/processed/conrad_wavs/walc-1_0825-Chapter_7_7.1_7.1_Go_Future-000002255.wav,theehsi tayeehsi tvneehsi taateehsi
training_data/processed/conrad_wavs/walc-1_0826-Chapter_7_7.1_7.1_Go_Present-000000685.wav,keeka
training_data/processed/conrad_wavs/walc-1_0827-Chapter_7_7.1_7.1_Go_Present-000002395.wav,heeka
training_data/processed/conrad_wavs/walc-1_0828-Chapter_7_7.1_7.1_Go_Present-000003985.wav,eeka
training_data/processed/conrad_wavs/walc-1_0829-Chapter_7_7.1_7.1_Go_Present-000005595.wav,aaneeka
training_data/processed/conrad_wavs/walc-1_0830-Chapter_7_7.1_7.1_Go_Present-000007505.wav,iiteeka
training_data/processed/conrad_wavs/walc-1_0831-Chapter_7_7.1_7.1_Go_Remote_Past-000000355.wav,aakweenvvhsvv'i
training_data/processed/conrad_wavs/walc-1_0832-Chapter_7_7.1_7.1_Go_Remote_Past-000002865.wav,tseenvvhsvv'i
training_data/processed/conrad_wavs/walc-1_0833-Chapter_7_7.1_7.1_Go_Remote_Past-000004825.wav,uuweenvvhsvv'i
training_data/processed/conrad_wavs/walc-1_0834-Chapter_7_7.1_7.1_Go_Remote_Past-000007305.wav,uuneenvvhsvv'i
training_data/processed/conrad_wavs/walc-1_0835-Chapter_7_7.1_7.1_Go_Remote_Past-000009425.wav,iikeenvvhsvv'i
training_data/processed/conrad_wavs/walc-1_0836-Chapter_7_7.2_7.2.1-000000000.wav,ahani
training_data/processed/conrad_wavs/walc-1_0837-Chapter_7_7.2_7.2.10-000000000.wav,utliyv'i
training_data/processed/conrad_wavs/walc-1_0838-Chapter_7_7.2_7.2.11-000000000.wav,kalvvlatiitla
training_data/processed/conrad_wavs/walc-1_0839-Chapter_7_7.2_7.2.12-000000000.wav,eelatiitla
training_data/processed/conrad_wavs/walc-1_0840-Chapter_7_7.2_7.2.13-000000000.wav,ilvhtlvv'i
training_data/processed/conrad_wavs/walc-1_0841-Chapter_7_7.2_7.2.14-000000000.wav,hawiini tiitla
training_data/processed/conrad_wavs/walc-1_0842-Chapter_7_7.2_7.2.15-000000135.wav,ke'itiitla
training_data/processed/conrad_wavs/walc-1_0843-Chapter_7_7.2_7.2.16-000000000.wav,iina
training_data/processed/conrad_wavs/walc-1_0844-Chapter_7_7.2_7.2.2-000000000.wav,na'v
training_data/processed/conrad_wavs/walc-1_0845-Chapter_7_7.2_7.2.3-000000000.wav,itiitla
training_data/processed/conrad_wavs/walc-1_0846-Chapter_7_7.2_7.2.4-000000265.wav,nikhvv'i
training_data/processed/conrad_wavs/walc-1_0847-Chapter_7_7.2_7.2.6-000000135.wav,lha ilvhtlv
training_data/processed/conrad_wavs/walc-1_0848-Chapter_7_7.2_7.2.7-000000000.wav,tsookitiitla
training_data/processed/conrad_wavs/walc-1_0849-Chapter_7_7.2_7.2.8-000000000.wav,vvnha'i
training_data/processed/conrad_wavs/walc-1_0850-Chapter_7_7.2_7.2.9-000000195.wav,aake'i
training_data/processed/conrad_wavs/walc-1_0851-Chapter_7_7.3_7.3.1-000000000.wav,aake tikatooka
training_data/processed/conrad_wavs/walc-1_0852-Chapter_7_7.3_7.3.2-000000485.wav,vvnha taaninookii'a
training_data/processed/conrad_wavs/walc-1_0853-Chapter_7_7.3_7.3.3-000000000.wav,tiiweenvvhsvv'i oonhitiitla taakilvvwhihstaaneha
training_data/processed/conrad_wavs/walc-1_0854-Chapter_7_7.3_7.3.4-000000000.wav,kaathiiyoo'i wookeetoolv tootakwiiteena uhsvv'i tsikeehsvv'i
training_data/processed/conrad_wavs/walc-1_0855-Chapter_7_7.3_7.3.5-000000000.wav,tsuuniilaawihstii'i tiitla woohstaa'i
training_data/processed/conrad_wavs/walc-1_0856-Chapter_7_7.3_7.3.6-000000000.wav,iina tikeehsvv'i waanineela
training_data/processed/conrad_wavs/walc-1_0857-Chapter_7_7.3_7.3.7-000000000.wav,nikhvv'i aaneetooliitoohoo'i
training_data/processed/conrad_wavs/walc-1_0858-Chapter_7_7.3_7.3.8-000000000.wav,ahani
training_data/processed/conrad_wavs/walc-1_0859-Chapter_7_7.3_7.3.8-000001425.wav,iyvv'i tvvni'luhtsi
training_data/processed/conrad_wavs/walc-1_0860-Chapter_7_7.4_7.4.1-000000000.wav,tsuuyhvvtlvv'i
training_data/processed/conrad_wavs/walc-1_0861-Chapter_7_7.4_7.4.10-000000000.wav,haatlv
training_data/processed/conrad_wavs/walc-1_0862-Chapter_7_7.4_7.4.11-000000155.wav,haatlv heeka
training_data/processed/conrad_wavs/walc-1_0863-Chapter_7_7.4_7.4.12-000000000.wav,haatlv whikhthi
training_data/processed/conrad_wavs/walc-1_0864-Chapter_7_7.4_7.4.13-000000000.wav,tsuukaanawv itiitla wootsikthi
training_data/processed/conrad_wavs/walc-1_0865-Chapter_7_7.4_7.4.14-000000245.wav,tiikilvvwhihstaanehti'i keeka
training_data/processed/conrad_wavs/walc-1_0866-Chapter_7_7.4_7.4.2-000000175.wav,tsuukaanawv'i
training_data/processed/conrad_wavs/walc-1_0867-Chapter_7_7.4_7.4.3-000000325.wav,kalvvlati
training_data/processed/conrad_wavs/walc-1_0868-Chapter_7_7.4_7.4.4-000000000.wav,ayeelhi
training_data/processed/conrad_wavs/walc-1_0869-Chapter_7_7.4_7.4.5-000000195.wav,tikhalvvkvv'i
training_data/processed/conrad_wavs/walc-1_0870-Chapter_7_7.4_7.4.6-000000000.wav,wuuteeliikvv'i
training_data/processed/conrad_wavs/walc-1_0871-Chapter_7_7.4_7.4.7-000000185.wav,eelati
training_data/processed/conrad_wavs/walc-1_0872-Chapter_7_7.4_7.4.8-000000000.wav,itiitla
training_data/processed/conrad_wavs/walc-1_0873-Chapter_7_7.4_7.4.9-000000000.wav,haatlv itiitla
training_data/processed/conrad_wavs/walc-1_0874-Chapter_7_7.5_7.5.1-000000145.wav,taakilvvwhihstaaneelvv'i taakilvvwhihstaaneeleeka
training_data/processed/conrad_wavs/walc-1_0875-Chapter_7_7.5_7.5.2-000000000.wav,aakwalhstaayvvnhvv'i kalihstaayvvnheeka
training_data/processed/conrad_wavs/walc-1_0876-Chapter_7_7.5_7.5.3-000000000.wav,uunahsuunhvv'i aanahsuunheeka
training_data/processed/conrad_wavs/walc-1_0877-Chapter_7_7.6_7.6.1-000000000.wav,katu'i
training_data/processed/conrad_wavs/walc-1_0878-Chapter_7_7.6_7.6.10-000000000.wav,akhthiihsi
training_data/processed/conrad_wavs/walc-1_0879-Chapter_7_7.6_7.6.2-000000245.wav,kalvvlatiitla
training_data/processed/conrad_wavs/walc-1_0881-Chapter_7_7.6_7.6.4-000000445.wav,uunha'i
training_data/processed/conrad_wavs/walc-1_0882-Chapter_7_7.6_7.6.5-000000000.wav,aake'i
training_data/processed/conrad_wavs/walc-1_0883-Chapter_7_7.6_7.6.6-000000000.wav,ahani
training_data/processed/conrad_wavs/walc-1_0884-Chapter_7_7.6_7.6.7-000000000.wav,iina
training_data/processed/conrad_wavs/walc-1_0885-Chapter_7_7.6_7.6.8-000000000.wav,ayeelhi
training_data/processed/conrad_wavs/walc-1_0886-Chapter_7_7.6_7.6.9-000000245.wav,akhskanini
training_data/processed/conrad_wavs/walc-1_0887-Chapter_7_7.7_7.7.1-000000485.wav,akuuhsa kuuhsoo'i
training_data/processed/conrad_wavs/walc-1_0888-Chapter_7_7.7_7.7.2-000000000.wav,khoolvnv khoolvnvv'i
training_data/processed/conrad_wavs/walc-1_0889-Chapter_7_7.7_7.7.3-000000000.wav,ama amoo'i
training_data/processed/conrad_wavs/walc-1_0890-Chapter_7_7.7_7.7.4-000000000.wav,thaluutsa thaluutsoohi
training_data/processed/conrad_wavs/walc-1_0891-Chapter_7_7.7_7.7.5-000000000.wav,kaahskilo kaahskilohi
training_data/processed/conrad_wavs/walc-1_0893-Chapter_7_7.8_7.8.10-000000335.wav,tiikhthuleena
training_data/processed/conrad_wavs/walc-1_0894-Chapter_7_7.8_7.8.11-000000000.wav,kato uuhsti tiikhthuleena tsaha
training_data/processed/conrad_wavs/walc-1_0896-Chapter_7_7.8_7.8.13-000000000.wav,oohsta nitvvnaneeli takwaleeli aakwatseeli
training_data/processed/conrad_wavs/walc-1_0897-Chapter_7_7.8_7.8.14-000000255.wav,ahskaya akeeyha
training_data/processed/conrad_wavs/walc-1_0898-Chapter_7_7.8_7.8.14-000002935.wav,oohstihi'liitooha
training_data/processed/conrad_wavs/walc-1_0900-Chapter_7_7.8_7.8.16-000000000.wav,uweethi koolhvvnhv tiikhthuleena aakiha
training_data/processed/conrad_wavs/walc-1_0901-Chapter_7_7.8_7.8.17-000000225.wav,hila iyuuteethiyvvta
training_data/processed/conrad_wavs/walc-1_0902-Chapter_7_7.8_7.8.18-000000175.wav,kaako uuwoolhvvnhvv'i
training_data/processed/conrad_wavs/walc-1_0904-Chapter_7_7.8_7.8.2-000000325.wav,tsiiyu alhawiithtiihski
training_data/processed/conrad_wavs/walc-1_0907-Chapter_7_7.8_7.8.22-000000000.wav,haatlv iyvv'i hiikhthiiya
training_data/processed/conrad_wavs/walc-1_0913-Chapter_7_7.8_7.8.28-000000000.wav,uukoonhiiyooka
training_data/processed/conrad_wavs/walc-1_0914-Chapter_7_7.8_7.8.3-000000265.wav,tsiiyu
training_data/processed/conrad_wavs/walc-1_0916-Chapter_7_7.8_7.8.5-000000605.wav,nvvnoohi
training_data/processed/conrad_wavs/walc-1_0917-Chapter_7_7.8_7.8.6-000000000.wav,atsiila nvvnoohi
training_data/processed/conrad_wavs/walc-1_0918-Chapter_7_7.8_7.8.7-000000000.wav,takwaleelu
training_data/processed/conrad_wavs/walc-1_0921-Chapter_7_7.8_7.8_Drive_Habitual-000000000.wav,tsi'i'liitoohoo'i
training_data/processed/conrad_wavs/walc-1_0922-Chapter_7_7.8_7.8_Drive_Habitual-000002625.wav,hihi'liitoohoo'i ahi'liitoohoo'i
training_data/processed/conrad_wavs/walc-1_0923-Chapter_7_7.8_7.8_Drive_Habitual-000006825.wav,aanihi'liitoohoo'i iitihi'liitoohoo'i
training_data/processed/conrad_wavs/walc-1_0924-Chapter_7_7.8_7.8_Drive_Present-000000585.wav,tsi'i'liitooha
training_data/processed/conrad_wavs/walc-1_0925-Chapter_7_7.8_7.8_Drive_Present-000002505.wav,hihi'liitooha ahi'liitooha aanihi'liitooha iitihi'liitooha
training_data/processed/conrad_wavs/walc-1_0926-Chapter_7_7.8_7.8_Drive_Progressive_Past-000000000.wav,tsi'i'liitoohvv'i
training_data/processed/conrad_wavs/walc-1_0927-Chapter_7_7.8_7.8_Drive_Progressive_Past-000003055.wav,hihi'liitoohvv'i aanihi'liitoohvv'i
training_data/processed/conrad_wavs/walc-1_0928-Chapter_7_7.8_7.8_Drive_Progressive_Past-000008085.wav,ahi'liitoohvv'i aanihi'liitoohvv'i iitihi'liitoohvv'i
training_data/processed/conrad_wavs/walc-1_0938-Chapter_7_7.8_7.8_Walk_Future-000000000.wav,kaa'iihseehsti haa'iihseehsti aa'iihseehsti aanaa'iihseehsti iitaa'iihseehsti
training_data/processed/conrad_wavs/walc-1_0939-Chapter_7_7.8_7.8_Walk_Past-000001315.wav,kaa'iihsvv'i
training_data/processed/conrad_wavs/walc-1_0940-Chapter_7_7.8_7.8_Walk_Past-000003115.wav,haa'iihsvv'i
training_data/processed/conrad_wavs/walc-1_0941-Chapter_7_7.8_7.8_Walk_Past-000005055.wav,aa'iihsvv'i
training_data/processed/conrad_wavs/walc-1_0942-Chapter_7_7.8_7.8_Walk_Past-000007495.wav,aanaa'iihsvv'i iitaa'iihsvv'i
training_data/processed/conrad_wavs/walc-1_0943-Chapter_7_7.8_7.8_Walk_Present-000000225.wav,kaa'i
training_data/processed/conrad_wavs/walc-1_0944-Chapter_7_7.8_7.8_Walk_Present-000001575.wav,haa'i aa'i aanaa'i iitaa'i
training_data/processed/conrad_wavs/walc-1_0950-Chapter_7_7.9_7.9.1-000024645.wav,siikwunho lheeka uukhthiitiihsti'i tsiiyu alhawiithtiihski uukoonhiiyooka tsaani'nho toohiyu uuwaanvvka
training_data/processed/conrad_wavs/walc-1_0951-Chapter_7_7.9_7.9.1-000034965.wav,tsiiyu uutsooti
training_data/processed/conrad_wavs/walc-1_0952-Chapter_7_7.9_7.9.10-000000000.wav,uuwaanvvka
training_data/processed/conrad_wavs/walc-1_0954-Chapter_7_7.9_7.9.11-000009835.wav,iina iitikathi taataaneela
training_data/processed/conrad_wavs/walc-1_0955-Chapter_7_7.9_7.9.11-000013305.wav,nanhohskwu uukooti tsuutaleenhvvta tsuunalhstayhti
training_data/processed/conrad_wavs/walc-1_0958-Chapter_7_7.9_7.9.12-000000000.wav,uuthani kaatuuhvv'i
training_data/processed/conrad_wavs/walc-1_0959-Chapter_7_7.9_7.9.13-000000165.wav,aanoohseho'i
training_data/processed/conrad_wavs/walc-1_0960-Chapter_7_7.9_7.9.14-000000000.wav,tsuutaleenhvvta
training_data/processed/conrad_wavs/walc-1_0961-Chapter_7_7.9_7.9.15-000000000.wav,taataana'nvvi
training_data/processed/conrad_wavs/walc-1_0962-Chapter_7_7.9_7.9.16-000000195.wav,iina iitikathi
training_data/processed/conrad_wavs/walc-1_0963-Chapter_7_7.9_7.9.17-000000000.wav,taataaneelv
training_data/processed/conrad_wavs/walc-1_0964-Chapter_7_7.9_7.9.18-000000000.wav,uukooti
training_data/processed/conrad_wavs/walc-1_0965-Chapter_7_7.9_7.9.19-000000000.wav,tsuunalhstayhti'i
training_data/processed/conrad_wavs/walc-1_0966-Chapter_7_7.9_7.9.2-000000000.wav,tiikhthiiya
training_data/processed/conrad_wavs/walc-1_0970-Chapter_7_7.9_7.9.4-000000000.wav,iyuunatootakwaahsti
training_data/processed/conrad_wavs/walc-1_0971-Chapter_7_7.9_7.9.5-000000000.wav,iikoohiita
training_data/processed/conrad_wavs/walc-1_0972-Chapter_7_7.9_7.9.6-000000000.wav,weetooheehsti
training_data/processed/conrad_wavs/walc-1_0974-Chapter_7_7.9_7.9.8-000000000.wav,naahiyu
training_data/processed/conrad_wavs/walc-1_0975-Chapter_7_7.9_7.9.9-000000000.wav,uukoonhiiyooka
training_data/processed/conrad_wavs/walc-1_0976-Chapter_8_8.1_8.1.1-000000605.wav,katiitii'a
training_data/processed/conrad_wavs/walc-1_0977-Chapter_8_8.1_8.1.10-000000000.wav,kaaniki
training_data/processed/conrad_wavs/walc-1_0978-Chapter_8_8.1_8.1.11-000000000.wav,teekalaahsuulhvvka
training_data/processed/conrad_wavs/walc-1_0979-Chapter_8_8.1_8.1.12-000000575.wav,kaliithawootsa
training_data/processed/conrad_wavs/walc-1_0980-Chapter_8_8.1_8.1.13-000000000.wav,alhstayhti katvvnvv'ihsta
training_data/processed/conrad_wavs/walc-1_0981-Chapter_8_8.1_8.1.14-000000000.wav,tinhawo tetsiithvvla
training_data/processed/conrad_wavs/walc-1_0982-Chapter_8_8.1_8.1.15-000000000.wav,khoohi hsanaale hsuutali alhi'iliihsv tsiyeeki
training_data/processed/conrad_wavs/walc-1_0984-Chapter_8_8.1_8.1.15-000015355.wav,witsiyvvha teetsinhtohkvnho teetsinvvkala nookwule ulhiihsta katawootsa
training_data/processed/conrad_wavs/walc-1_0985-Chapter_8_8.1_8.1.15-000024165.wav,katawoo'onha teekaniwootsa tekaniwo'onhanho iika eehi
training_data/processed/conrad_wavs/walc-1_0986-Chapter_8_8.1_8.1.15-000031695.wav,alhstayhti katvnv'ihsta kalhkwooki alhi'iliihsv kaaniki
training_data/processed/conrad_wavs/walc-1_0987-Chapter_8_8.1_8.1.2-000000135.wav,iyeeki
training_data/processed/conrad_wavs/walc-1_0988-Chapter_8_8.1_8.1.3-000000135.wav,katvvnvv'ihstiha
training_data/processed/conrad_wavs/walc-1_0989-Chapter_8_8.1_8.1.4-000000000.wav,katawootsa
training_data/processed/conrad_wavs/walc-1_0990-Chapter_8_8.1_8.1.5-000000285.wav,teetsinitohkv
training_data/processed/conrad_wavs/walc-1_0991-Chapter_8_8.1_8.1.5-000002695.wav,teetsinvvkala
training_data/processed/conrad_wavs/walc-1_0992-Chapter_8_8.1_8.1.6-000000000.wav,teetsiitheehska
training_data/processed/conrad_wavs/walc-1_0993-Chapter_8_8.1_8.1.7-000000000.wav,tooyi eetaahsti witsiyvvha
training_data/processed/conrad_wavs/walc-1_0995-Chapter_8_8.1_8.1.9-000000000.wav,teekaniwootsa
training_data/processed/conrad_wavs/walc-1_0996-Chapter_8_8.2_8.2.1-000000000.wav,kaako kawooniha
training_data/processed/conrad_wavs/walc-1_0997-Chapter_8_8.2_8.2.10-000000000.wav,tsalakitsu hstiwooniihski
training_data/processed/conrad_wavs/walc-1_0998-Chapter_8_8.2_8.2.11-000000000.wav,aateelhohkwa'a uwooniihihstii'i
training_data/processed/conrad_wavs/walc-1_0999-Chapter_8_8.2_8.2.12-000000175.wav,tsalaki tvvniwooniihsi tiiniiyoolhi
training_data/processed/conrad_wavs/walc-1_1000-Chapter_8_8.2_8.2.13-000000000.wav,nuutale aniwooniha
training_data/processed/conrad_wavs/walc-1_1001-Chapter_8_8.2_8.2.14-000000000.wav,tsalaki hilhinooheeta
training_data/processed/conrad_wavs/walc-1_1002-Chapter_8_8.2_8.2.15-000000000.wav,khoohi
training_data/processed/conrad_wavs/walc-1_1003-Chapter_8_8.2_8.2.15-000001435.wav,tsoohstaalhinooheehskv
training_data/processed/conrad_wavs/walc-1_1004-Chapter_8_8.2_8.2.2-000000000.wav,na aanitha'li aniwooniha
training_data/processed/conrad_wavs/walc-1_1005-Chapter_8_8.2_8.2.3-000000000.wav,kato uuhsti hiinooheha
training_data/processed/conrad_wavs/walc-1_1006-Chapter_8_8.2_8.2.4-000000000.wav,khoohiiyv taayootsiwooniihsi
training_data/processed/conrad_wavs/walc-1_1007-Chapter_8_8.2_8.2.5-000000000.wav,iinalhinooheelhvv'i
training_data/processed/conrad_wavs/walc-1_1008-Chapter_8_8.2_8.2.6-000000000.wav,oohsta tsiinalhinoohvvli
training_data/processed/conrad_wavs/walc-1_1009-Chapter_8_8.2_8.2.7-000000000.wav,kawooniihihsti aalhinoohehti aalhinoohehtoti
training_data/processed/conrad_wavs/walc-1_1010-Chapter_8_8.2_8.2.8-000000000.wav,tsimi
training_data/processed/conrad_wavs/walc-1_1011-Chapter_8_8.2_8.2.8-000001765.wav,oohstalhinooheha
training_data/processed/conrad_wavs/walc-1_1012-Chapter_8_8.2_8.2.9-000000000.wav,tsalaki ale yooneeka
training_data/processed/conrad_wavs/walc-1_1013-Chapter_8_8.2_8.2.9-000003575.wav,taaniwooniihsko kaathiiyoo'i
training_data/processed/conrad_wavs/walc-1_1020-Chapter_8_8.2_8.2_Speak_Future-000000000.wav,taatsiwooniihsi thiwooniihsi taakawooniihsi
training_data/processed/conrad_wavs/walc-1_1021-Chapter_8_8.2_8.2_Speak_Future-000005955.wav,tvvniwooniihsi taatiwooniihsi
training_data/processed/conrad_wavs/walc-1_1022-Chapter_8_8.2_8.2_Speak_Present-000000195.wav,tsiwooniha hiwooniha kawooniha aaniwooniha iitiwooniha
training_data/processed/conrad_wavs/walc-1_1023-Chapter_8_8.2_8.2_Speak_Remote_Past-000000000.wav,aakiwooniihsvv'i
training_data/processed/conrad_wavs/walc-1_1024-Chapter_8_8.2_8.2_Speak_Remote_Past-000002865.wav,tsawooniihsvv'i uuwooniihsvv'i uuniwooniihsvv'i iikiwooniihsvv'i
training_data/processed/conrad_wavs/walc-1_1025-Chapter_8_8.3_8.3.1-000000000.wav,kalhtsoote
training_data/processed/conrad_wavs/walc-1_1026-Chapter_8_8.3_8.3.10-000000000.wav,tsayoohsihatsu
training_data/processed/conrad_wavs/walc-1_1027-Chapter_8_8.3_8.3.11-000000000.wav,khaawhitsu tsatuuli'a
training_data/processed/conrad_wavs/walc-1_1028-Chapter_8_8.3_8.3.12-000000375.wav,tsathateeki'tsu
training_data/processed/conrad_wavs/walc-1_1029-Chapter_8_8.3_8.3.13-000000235.wav,koohuuhstitsu tsakiihsti tsatuuli'a
training_data/processed/conrad_wavs/walc-1_1030-Chapter_8_8.3_8.3.14-000000000.wav,iitseetoolvv'i
training_data/processed/conrad_wavs/walc-1_1031-Chapter_8_8.3_8.3.2-000000000.wav,ehiyvvha
training_data/processed/conrad_wavs/walc-1_1032-Chapter_8_8.3_8.3.3-000000000.wav,etsiyvvha
training_data/processed/conrad_wavs/walc-1_1033-Chapter_8_8.3_8.3.4-000000445.wav,teekvvyataniilvvki
training_data/processed/conrad_wavs/walc-1_1034-Chapter_8_8.3_8.3.5-000000000.wav,teetsvvyataniilvvki
training_data/processed/conrad_wavs/walc-1_1037-Chapter_8_8.3_8.3.8-000000000.wav,halihsteelakwu
training_data/processed/conrad_wavs/walc-1_1038-Chapter_8_8.3_8.3.9-000000000.wav,aalhstayhtii'i
training_data/processed/conrad_wavs/walc-1_1039-Chapter_8_8.4_8.4.1-000000000.wav,tsayoohsihatsu
training_data/processed/conrad_wavs/walc-1_1040-Chapter_8_8.4_8.4.10-000000000.wav,iinalihstaayvvnhuuka
training_data/processed/conrad_wavs/walc-1_1041-Chapter_8_8.4_8.4.11-000000165.wav,kato uuhsti thiki
training_data/processed/conrad_wavs/walc-1_1042-Chapter_8_8.4_8.4.12-000000000.wav,tsuunaalhstayhtii'i
training_data/processed/conrad_wavs/walc-1_1043-Chapter_8_8.4_8.4.13-000000475.wav,kato uuhsti hvvnhihstiha
training_data/processed/conrad_wavs/walc-1_1044-Chapter_8_8.4_8.4.14-000000945.wav,otsataahstaayvvhvhska
training_data/processed/conrad_wavs/walc-1_1045-Chapter_8_8.4_8.4.15-000000000.wav,theeliito
training_data/processed/conrad_wavs/walc-1_1046-Chapter_8_8.4_8.4.16-000000000.wav,atiithahsti
training_data/processed/conrad_wavs/walc-1_1047-Chapter_8_8.4_8.4.17-000000000.wav,ayhelhsti
training_data/processed/conrad_wavs/walc-1_1048-Chapter_8_8.4_8.4.18-000000000.wav,eeliikwutsu
training_data/processed/conrad_wavs/walc-1_1049-Chapter_8_8.4_8.4.19-000000000.wav,kaatutsu tikvvtsalhanvv'i tuunatuuliha
training_data/processed/conrad_wavs/walc-1_1050-Chapter_8_8.4_8.4.2-000000000.wav,yaakwatuula akikihsti
training_data/processed/conrad_wavs/walc-1_1052-Chapter_8_8.4_8.4.21-000000455.wav,ama teehskiineehvvhsi
training_data/processed/conrad_wavs/walc-1_1053-Chapter_8_8.4_8.4.22-000000000.wav,kaatu ale hawiiya tootihskhvvhsi
training_data/processed/conrad_wavs/walc-1_1054-Chapter_8_8.4_8.4.23-000000165.wav,thuuya kaatu hseelu kaatu ale nuuna
training_data/processed/conrad_wavs/walc-1_1056-Chapter_8_8.4_8.4.24-000000295.wav,eeliikwutv
training_data/processed/conrad_wavs/walc-1_1057-Chapter_8_8.4_8.4.25-000000000.wav,kato uuhsti tsvvnhihsta
training_data/processed/conrad_wavs/walc-1_1059-Chapter_8_8.4_8.4.3-000000000.wav,tiiniiyoolhi nikoohiilv tuuniyoohsiihskoo'i
training_data/processed/conrad_wavs/walc-1_1060-Chapter_8_8.4_8.4.4-000000000.wav,haatlv iitalhstaayvvnheeka
training_data/processed/conrad_wavs/walc-1_1061-Chapter_8_8.4_8.4.5-000000000.wav,teetsiyoohsitsu
training_data/processed/conrad_wavs/walc-1_1062-Chapter_8_8.4_8.4.6-000000000.wav,aalhstayhtii'i khanvvhsuulv
training_data/processed/conrad_wavs/walc-1_1063-Chapter_8_8.4_8.4.7-000000000.wav,yvvki
training_data/processed/conrad_wavs/walc-1_1064-Chapter_8_8.4_8.4.8-000000000.wav,atiithohti
training_data/processed/conrad_wavs/walc-1_1065-Chapter_8_8.4_8.4.9-000000000.wav,kato uuhsti itsatuuli itsikihsti'i
training_data/processed/conrad_wavs/walc-1_1066-Chapter_8_8.5_8.5.1-000000305.wav,hawiiya
training_data/processed/conrad_wavs/walc-1_1067-Chapter_8_8.5_8.5.10-000000235.wav,hawiiya kvvtsalhvnv
training_data/processed/conrad_wavs/walc-1_1068-Chapter_8_8.5_8.5.11-000000135.wav,keeliihsthki
training_data/processed/conrad_wavs/walc-1_1069-Chapter_8_8.5_8.5.12-000000325.wav,kaatu
training_data/processed/conrad_wavs/walc-1_1070-Chapter_8_8.5_8.5.13-000000000.wav,uunvvti kaatuunhvv'i
training_data/processed/conrad_wavs/walc-1_1071-Chapter_8_8.5_8.5.14-000000000.wav,khalihseetsi
training_data/processed/conrad_wavs/walc-1_1072-Chapter_8_8.5_8.5.15-000000215.wav,kaatu uukanaahsta
training_data/processed/conrad_wavs/walc-1_1073-Chapter_8_8.5_8.5.16-000000000.wav,khaawhi
training_data/processed/conrad_wavs/walc-1_1074-Chapter_8_8.5_8.5.17-000000000.wav,iinake eehi hsvvki
training_data/processed/conrad_wavs/walc-1_1075-Chapter_8_8.5_8.5.18-000000315.wav,ama
training_data/processed/conrad_wavs/walc-1_1076-Chapter_8_8.5_8.5.19-000000175.wav,uukalooka aakanvvhi
training_data/processed/conrad_wavs/walc-1_1077-Chapter_8_8.5_8.5.2-000000000.wav,uukama
training_data/processed/conrad_wavs/walc-1_1078-Chapter_8_8.5_8.5.20-000000000.wav,nuuna
training_data/processed/conrad_wavs/walc-1_1079-Chapter_8_8.5_8.5.21-000000000.wav,tikalvvnvvhi
training_data/processed/conrad_wavs/walc-1_1080-Chapter_8_8.5_8.5.22-000000235.wav,ahsuuhsti
training_data/processed/conrad_wavs/walc-1_1082-Chapter_8_8.5_8.5.24-000000195.wav,tsuweetsi
training_data/processed/conrad_wavs/walc-1_1083-Chapter_8_8.5_8.5.25-000000000.wav,akoohstakiihsti
training_data/processed/conrad_wavs/walc-1_1084-Chapter_8_8.5_8.5.26-000000325.wav,nuuna tikvvtsalhanv
training_data/processed/conrad_wavs/walc-1_1085-Chapter_8_8.5_8.5.27-000000325.wav,kaatu tikvvtsalhanvv'i
training_data/processed/conrad_wavs/walc-1_1088-Chapter_8_8.5_8.5.3-000000275.wav,atsa'ti
training_data/processed/conrad_wavs/walc-1_1089-Chapter_8_8.5_8.5.30-000000000.wav,koolhvvnhvv'i
training_data/processed/conrad_wavs/walc-1_1090-Chapter_8_8.5_8.5.31-000000000.wav,tiikwhayooti
training_data/processed/conrad_wavs/walc-1_1092-Chapter_8_8.5_8.5.33-000000565.wav,aama
training_data/processed/conrad_wavs/walc-1_1093-Chapter_8_8.5_8.5.34-000000275.wav,uunvvti
training_data/processed/conrad_wavs/walc-1_1095-Chapter_8_8.5_8.5.36-000000405.wav,kanvvtsi
training_data/processed/conrad_wavs/walc-1_1096-Chapter_8_8.5_8.5.37-000000355.wav,sihkwa hawiiya
training_data/processed/conrad_wavs/walc-1_1097-Chapter_8_8.5_8.5.38-000000000.wav,ahawi hawiiya
training_data/processed/conrad_wavs/walc-1_1098-Chapter_8_8.5_8.5.39-000000000.wav,a'ni
training_data/processed/conrad_wavs/walc-1_1099-Chapter_8_8.5_8.5.4-000000175.wav,seelu
training_data/processed/conrad_wavs/walc-1_1101-Chapter_8_8.5_8.5.41-000000205.wav,kvvna
training_data/processed/conrad_wavs/walc-1_1103-Chapter_8_8.5_8.5.43-000000000.wav,seelu kaatu
training_data/processed/conrad_wavs/walc-1_1104-Chapter_8_8.5_8.5.44-000000000.wav,ahstvvhalhi
training_data/processed/conrad_wavs/walc-1_1106-Chapter_8_8.5_8.5.5-000000205.wav,thuuya
training_data/processed/conrad_wavs/walc-1_1107-Chapter_8_8.5_8.5.6-000000000.wav,talikwa
training_data/processed/conrad_wavs/walc-1_1109-Chapter_8_8.5_8.5.8-000000000.wav,svvki
training_data/processed/conrad_wavs/walc-1_1110-Chapter_8_8.5_8.5.9-000000000.wav,suukeeta
training_data/processed/conrad_wavs/walc-1_1111-Chapter_8_8.6_8.6.1-000000285.wav,kanhka
training_data/processed/conrad_wavs/walc-1_1112-Chapter_8_8.6_8.6.10-000000000.wav,ahskaya
training_data/processed/conrad_wavs/walc-1_1113-Chapter_8_8.6_8.6.10-000001615.wav,khaawhi
training_data/processed/conrad_wavs/walc-1_1114-Chapter_8_8.6_8.6.10-000003145.wav,aakinehvhsi
training_data/processed/conrad_wavs/walc-1_1115-Chapter_8_8.6_8.6.11-000000000.wav,akeeyha ama
training_data/processed/conrad_wavs/walc-1_1116-Chapter_8_8.6_8.6.11-000003185.wav,whinehvhsi
training_data/processed/conrad_wavs/walc-1_1117-Chapter_8_8.6_8.6.12-000000000.wav,khaawhi'tsu tsanehvhsi
training_data/processed/conrad_wavs/walc-1_1118-Chapter_8_8.6_8.6.13-000000000.wav,thuuya tootihskhvhsi
training_data/processed/conrad_wavs/walc-1_1119-Chapter_8_8.6_8.6.14-000000000.wav,kato uuhsti tshvhsi
training_data/processed/conrad_wavs/walc-1_1120-Chapter_8_8.6_8.6.15-000000000.wav,kaatu
training_data/processed/conrad_wavs/walc-1_1121-Chapter_8_8.6_8.6.15-000001955.wav,whi'vhsi
training_data/processed/conrad_wavs/walc-1_1122-Chapter_8_8.6_8.6.16-000000000.wav,thuuya withi'vhsi
training_data/processed/conrad_wavs/walc-1_1123-Chapter_8_8.6_8.6.17-000000000.wav,koowheeli hskinvhsi
training_data/processed/conrad_wavs/walc-1_1124-Chapter_8_8.6_8.6.18-000000000.wav,tikoowheeli tootiihskinvhsi
training_data/processed/conrad_wavs/walc-1_1125-Chapter_8_8.6_8.6.19-000000000.wav,tikoowheeli tootiihskinvhsi
training_data/processed/conrad_wavs/walc-1_1127-Chapter_8_8.6_8.6.20-000000000.wav,koowheeli
training_data/processed/conrad_wavs/walc-1_1128-Chapter_8_8.6_8.6.20-000001825.wav,whinvvhsi
training_data/processed/conrad_wavs/walc-1_1129-Chapter_8_8.6_8.6.21-000000000.wav,tikoowheelooti hskitiihsi
training_data/processed/conrad_wavs/walc-1_1130-Chapter_8_8.6_8.6.22-000000000.wav,tikoowheelooti
training_data/processed/conrad_wavs/walc-1_1131-Chapter_8_8.6_8.6.22-000003095.wav,whitiihsi
training_data/processed/conrad_wavs/walc-1_1132-Chapter_8_8.6_8.6.23-000000000.wav,tikoowheelooti totihskitiihsi
training_data/processed/conrad_wavs/walc-1_1133-Chapter_8_8.6_8.6.24-000000000.wav,tikoowheelooti
training_data/processed/conrad_wavs/walc-1_1134-Chapter_8_8.6_8.6.24-000003145.wav,taakitiihsi
training_data/processed/conrad_wavs/walc-1_1139-Chapter_8_8.6_8.6.7-000000000.wav,kiilhi kanhka
training_data/processed/conrad_wavs/walc-1_1141-Chapter_8_8.6_8.6.8-000000000.wav,kato uuhsti
training_data/processed/conrad_wavs/walc-1_1143-Chapter_8_8.6_8.6.8-000003745.wav,ahani
training_data/processed/conrad_wavs/walc-1_1144-Chapter_8_8.6_8.6.9-000000000.wav,ama teehskinehvhsi
training_data/processed/conrad_wavs/walc-1_1145-Chapter_8_8.6_8.6_Have_Flexible_Future-000000000.wav,aakinaeehsti tsanaeehsti uunaeehsti uuninaeehsti
training_data/processed/conrad_wavs/walc-1_1146-Chapter_8_8.6_8.6_Have_Flexible_Past-000000000.wav,aakinav
training_data/processed/conrad_wavs/walc-1_1147-Chapter_8_8.6_8.6_Have_Flexible_Past-000002295.wav,tsanav uunav uuninav
training_data/processed/conrad_wavs/walc-1_1148-Chapter_8_8.6_8.6_Have_Flexible_Present-000000000.wav,aakina'a tsana'a uuna'a uunina'a
training_data/processed/conrad_wavs/walc-1_1149-Chapter_8_8.6_8.6_Have_Living_Future-000000145.wav,aakiikhaheehsti tsaakhaheehsti uuwaakhaheehsti uuniikhaheehsti
training_data/processed/conrad_wavs/walc-1_1150-Chapter_8_8.6_8.6_Have_Living_Past-000000000.wav,aakiikhahv tsaakhahv uuwaakhahv uuniikhahv
training_data/processed/conrad_wavs/walc-1_1151-Chapter_8_8.6_8.6_Have_Living_Present-000000000.wav,aakiikhaha tsaakhaha uuwaakhaha uuniikhaha
training_data/processed/conrad_wavs/walc-1_1152-Chapter_8_8.6_8.6_Have_Long_Future-000000000.wav,aawkvvyeehsti tsvvyeehsti uuwvvyeehsti uunvvyeehsti
training_data/processed/conrad_wavs/walc-1_1153-Chapter_8_8.6_8.6_Have_Long_Past-000000000.wav,aakwvvyv tsvvyv uuwaayv uunvvyv
training_data/processed/conrad_wavs/walc-1_1154-Chapter_8_8.6_8.6_Have_Long_Present-000000000.wav,aakwvvya tsvvya
training_data/processed/conrad_wavs/walc-1_1155-Chapter_8_8.6_8.6_Have_Long_Present-000003195.wav,uuwaaya
training_data/processed/conrad_wavs/walc-1_1156-Chapter_8_8.6_8.6_Have_Long_Present-000005445.wav,uunvvya
training_data/processed/conrad_wavs/walc-1_1157-Chapter_8_8.6_8.6_Have_Neutral_Future-000000000.wav,aakiheehsti tsaheehsti uuheehsti uuniheehsti
training_data/processed/conrad_wavs/walc-1_1158-Chapter_8_8.6_8.6_Have_Neutral_Past-000000000.wav,aakihv tsahv uuhv uunihv
training_data/processed/conrad_wavs/walc-1_1159-Chapter_8_8.6_8.6_Have_Neutral_Present-000000000.wav,aakiha tsaha uuha uuniha
training_data/processed/conrad_wavs/walc-1_1160-Chapter_8_8.7_8.7.1-000000000.wav,uwootuuhi
training_data/processed/conrad_wavs/walc-1_1161-Chapter_8_8.7_8.7.10-000000000.wav,uukaanawa
training_data/processed/conrad_wavs/walc-1_1162-Chapter_8_8.7_8.7.11-000000000.wav,aakaanawoohska
training_data/processed/conrad_wavs/walc-1_1163-Chapter_8_8.7_8.7.12-000000000.wav,aahstuutli'toha
training_data/processed/conrad_wavs/walc-1_1164-Chapter_8_8.7_8.7.13-000000555.wav,aanaakaaliha
training_data/processed/conrad_wavs/walc-1_1165-Chapter_8_8.7_8.7.14-000000000.wav,aayhvvtakwalo'a
training_data/processed/conrad_wavs/walc-1_1166-Chapter_8_8.7_8.7.15-000000000.wav,thoo'i
training_data/processed/conrad_wavs/walc-1_1167-Chapter_8_8.7_8.7.16-000000000.wav,aayhahthvvhvhska
training_data/processed/conrad_wavs/walc-1_1168-Chapter_8_8.7_8.7.17-000000725.wav,kaneehsoyhska
training_data/processed/conrad_wavs/walc-1_1169-Chapter_8_8.7_8.7.18-000000000.wav,kaneehstalati'a
training_data/processed/conrad_wavs/walc-1_1173-Chapter_8_8.7_8.7.21-000000000.wav,aakaahskatsu
training_data/processed/conrad_wavs/walc-1_1174-Chapter_8_8.7_8.7.21-000002765.wav,kaneehsoyhska'khe
training_data/processed/conrad_wavs/walc-1_1176-Chapter_8_8.7_8.7.23-000000000.wav,tooyu uwootuuhi tooyi
training_data/processed/conrad_wavs/walc-1_1177-Chapter_8_8.7_8.7.24-000000000.wav,yhiinawooka
training_data/processed/conrad_wavs/walc-1_1178-Chapter_8_8.7_8.7.24-000002535.wav,koothv na'v
training_data/processed/conrad_wavs/walc-1_1179-Chapter_8_8.7_8.7.24-000005245.wav,hitookeehsti
training_data/processed/conrad_wavs/walc-1_1180-Chapter_8_8.7_8.7.25-000000000.wav,vvtlha yuutiilhehka
training_data/processed/conrad_wavs/walc-1_1182-Chapter_8_8.7_8.7.26-000000000.wav,uuyhvvtliihsti ale uwuuthohti keehseehsti khoohi hsvvhiyeeye aanatiha
training_data/processed/conrad_wavs/walc-1_1184-Chapter_8_8.7_8.7.28-000000165.wav,hilaayv tvkaanhani
training_data/processed/conrad_wavs/walc-1_1185-Chapter_8_8.7_8.7.29-000000000.wav,uukaanhaniiteena
training_data/processed/conrad_wavs/walc-1_1186-Chapter_8_8.7_8.7.3-000000475.wav,uulookiila
training_data/processed/conrad_wavs/walc-1_1189-Chapter_8_8.7_8.7.31-000000365.wav,uuliikoohvvhsti yiki
training_data/processed/conrad_wavs/walc-1_1190-Chapter_8_8.7_8.7.31-000002895.wav,aayhahthvvhvhskoo'i
training_data/processed/conrad_wavs/walc-1_1192-Chapter_8_8.7_8.7.32-000005015.wav,kuuthiihskvv'i uwootuutsv keeliihsko yuuwuuthanha
training_data/processed/conrad_wavs/walc-1_1193-Chapter_8_8.7_8.7.32-000011465.wav,aahseenho tooyu uuyhvvtlvv'i lha yaakilvvkwhti yuuyhvvtla
training_data/processed/conrad_wavs/walc-1_1197-Chapter_8_8.7_8.7.34-000000000.wav,kuuthiihskvv'i
training_data/processed/conrad_wavs/walc-1_1199-Chapter_8_8.7_8.7.36-000000000.wav,keeliihsko
training_data/processed/conrad_wavs/walc-1_1200-Chapter_8_8.7_8.7.37-000000000.wav,uuyhvvtlvv'i
training_data/processed/conrad_wavs/walc-1_1203-Chapter_8_8.7_8.7.4-000000605.wav,aakaahska
training_data/processed/conrad_wavs/walc-1_1204-Chapter_8_8.7_8.7.5-000000000.wav,kuuthiha
training_data/processed/conrad_wavs/walc-1_1206-Chapter_8_8.7_8.7.7-000000000.wav,uutiilhehka
training_data/processed/conrad_wavs/walc-1_1207-Chapter_8_8.7_8.7.8-000000000.wav,uuyhvvtla
training_data/processed/conrad_wavs/see-say-write_0008-Lessons01_to_10-000024295.wav,suuli
training_data/processed/conrad_wavs/see-say-write_0016-Lessons01_to_10-000042265.wav,suutali
training_data/processed/conrad_wavs/see-say-write_0020-Lessons01_to_10-000050415.wav,suuli
training_data/processed/conrad_wavs/see-say-write_0022-Lessons01_to_10-000054255.wav,suutali
training_data/processed/conrad_wavs/see-say-write_0030-Lessons01_to_10-000073525.wav,ata
training_data/processed/conrad_wavs/see-say-write_0032-Lessons01_to_10-000077505.wav,ata
training_data/processed/conrad_wavs/see-say-write_0034-Lessons01_to_10-000080595.wav,suutali
training_data/processed/conrad_wavs/see-say-write_0036-Lessons01_to_10-000084335.wav,aali
training_data/processed/conrad_wavs/see-say-write_0046-Lessons01_to_10-000105865.wav,aahsuulo
training_data/processed/conrad_wavs/see-say-write_0048-Lessons01_to_10-000110725.wav,loolo
training_data/processed/conrad_wavs/see-say-write_0050-Lessons01_to_10-000114405.wav,ata
training_data/processed/conrad_wavs/see-say-write_0052-Lessons01_to_10-000118185.wav,suutali
training_data/processed/conrad_wavs/see-say-write_0062-Lessons01_to_10-000138365.wav,salooli
training_data/processed/conrad_wavs/see-say-write_0064-Lessons01_to_10-000142675.wav,saahsa
training_data/processed/conrad_wavs/see-say-write_0066-Lessons01_to_10-000146755.wav,aahsuulo
training_data/processed/conrad_wavs/see-say-write_0068-Lessons01_to_10-000151475.wav,ata
training_data/processed/conrad_wavs/see-say-write_0081-Lessons01_to_10-000179635.wav,saahsa aa'i
training_data/processed/conrad_wavs/see-say-write_0083-Lessons01_to_10-000184085.wav,salooli
training_data/processed/conrad_wavs/see-say-write_0085-Lessons01_to_10-000187885.wav,sali
training_data/processed/conrad_wavs/see-say-write_0098-Lessons01_to_10-000210455.wav,iinata
training_data/processed/conrad_wavs/see-say-write_0100-Lessons01_to_10-000215185.wav,saahsa anaa'i
training_data/processed/conrad_wavs/see-say-write_0102-Lessons01_to_10-000219935.wav,inaa'i
training_data/processed/conrad_wavs/see-say-write_0104-Lessons01_to_10-000224725.wav,aahsuuli'a
training_data/processed/conrad_wavs/see-say-write_0118-Lessons01_to_10-000250855.wav,akiina
training_data/processed/conrad_wavs/see-say-write_0120-Lessons01_to_10-000255695.wav,iihsa aaki'a
training_data/processed/conrad_wavs/see-say-write_0121-Lessons01_to_10-000258025.wav,saahsa
training_data/processed/conrad_wavs/see-say-write_0123-Lessons01_to_10-000261425.wav,inaa'i
training_data/processed/conrad_wavs/see-say-write_0125-Lessons01_to_10-000265545.wav,saahsa anaa'i
training_data/processed/conrad_wavs/see-say-write_0140-Lessons01_to_10-000293895.wav,kiilhi
training_data/processed/conrad_wavs/see-say-write_0141-Lessons01_to_10-000295105.wav,aalhikii'a
training_data/processed/conrad_wavs/see-say-write_0143-Lessons01_to_10-000299745.wav,aalhiiloo'a
training_data/processed/conrad_wavs/see-say-write_0145-Lessons01_to_10-000304735.wav,kiilhi anaa'i
training_data/processed/conrad_wavs/see-say-write_0165-Lessons11_to_20-000008505.wav,saa'tu
training_data/processed/conrad_wavs/see-say-write_0167-Lessons11_to_20-000012265.wav,salooli tuutuuli na kiilhi
training_data/processed/conrad_wavs/see-say-write_0169-Lessons11_to_20-000018625.wav,sali tuunatuuli na hsaahsa
training_data/processed/conrad_wavs/see-say-write_0171-Lessons11_to_20-000025585.wav,saa'tu aatlhi'ili
training_data/processed/conrad_wavs/see-say-write_0176-Lessons11_to_20-000043265.wav,kaata
training_data/processed/conrad_wavs/see-say-write_0178-Lessons11_to_20-000046865.wav,kiika
training_data/processed/conrad_wavs/see-say-write_0180-Lessons11_to_20-000051025.wav,kaatuuliita
training_data/processed/conrad_wavs/see-say-write_0181-Lessons11_to_20-000052665.wav,aahsuuli'a
training_data/processed/conrad_wavs/see-say-write_0190-Lessons11_to_20-000075035.wav,kaahskilo
training_data/processed/conrad_wavs/see-say-write_0192-Lessons11_to_20-000079295.wav,anaakaaliihski
training_data/processed/conrad_wavs/see-say-write_0194-Lessons11_to_20-000083975.wav,aahskaaka
training_data/processed/conrad_wavs/see-say-write_0203-Lessons11_to_20-000101615.wav,stuuti
training_data/processed/conrad_wavs/see-say-write_0205-Lessons11_to_20-000105555.wav,tiitaahstuuti
training_data/processed/conrad_wavs/see-say-write_0207-Lessons11_to_20-000110235.wav,suutali tikaahskilo tuunatuuli
training_data/processed/conrad_wavs/see-say-write_0209-Lessons11_to_20-000117015.wav,kiilhi aakikanaati'a
training_data/processed/conrad_wavs/see-say-write_0220-Lessons11_to_20-000139145.wav,uuhsti
training_data/processed/conrad_wavs/see-say-write_0222-Lessons11_to_20-000143735.wav,kaatu
training_data/processed/conrad_wavs/see-say-write_0223-Lessons11_to_20-000145055.wav,uukiihsti uutuuli uuhsti
training_data/processed/conrad_wavs/see-say-write_0225-Lessons11_to_20-000151945.wav,salooli uutuuli na kiilhi
training_data/processed/conrad_wavs/see-say-write_0227-Lessons11_to_20-000158905.wav,uuhsti aa'i
training_data/processed/conrad_wavs/see-say-write_0239-Lessons11_to_20-000183285.wav,na kiilhi
training_data/processed/conrad_wavs/see-say-write_0240-Lessons11_to_20-000185025.wav,kanvvki
training_data/processed/conrad_wavs/see-say-write_0242-Lessons11_to_20-000189115.wav,uunvvti uutuuli
training_data/processed/conrad_wavs/see-say-write_0243-Lessons11_to_20-000191755.wav,na uuhsti
training_data/processed/conrad_wavs/see-say-write_0245-Lessons11_to_20-000196235.wav,tinaataalhiiloohstiihski
training_data/processed/conrad_wavs/see-say-write_0246-Lessons11_to_20-000198855.wav,uunvvnvvka
training_data/processed/conrad_wavs/see-say-write_0256-Lessons11_to_20-000219285.wav,siinvvta
training_data/processed/conrad_wavs/see-say-write_0258-Lessons11_to_20-000223975.wav,sikiki
training_data/processed/conrad_wavs/see-say-write_0260-Lessons11_to_20-000228315.wav,kaatu akikihsi na kiilhi
training_data/processed/conrad_wavs/see-say-write_0262-Lessons11_to_20-000235925.wav,akaaliihsika
training_data/processed/conrad_wavs/see-say-write_0273-Lessons11_to_20-000258405.wav,oohsi
training_data/processed/conrad_wavs/see-say-write_0275-Lessons11_to_20-000262615.wav,uhsti oohsi
training_data/processed/conrad_wavs/see-say-write_0277-Lessons11_to_20-000267125.wav,ookana analhi kiilhi
training_data/processed/conrad_wavs/see-say-write_0279-Lessons11_to_20-000273755.wav,kaatu
training_data/processed/conrad_wavs/see-say-write_0280-Lessons11_to_20-000274865.wav,uukanaahsta aaki'a
training_data/processed/conrad_wavs/see-say-write_0281-Lessons11_to_20-000277905.wav,okinaalii'i
training_data/processed/conrad_wavs/see-say-write_0294-Lessons11_to_20-000306105.wav,yoona aa'i
training_data/processed/conrad_wavs/see-say-write_0296-Lessons11_to_20-000311075.wav,aakiyoohsi
training_data/processed/conrad_wavs/see-say-write_0298-Lessons11_to_20-000315045.wav,tikaataayoohsti
training_data/processed/conrad_wavs/see-say-write_0311-Lessons11_to_20-000342765.wav,ookinaali uuyoohsiha
training_data/processed/conrad_wavs/see-say-write_0313-Lessons11_to_20-000347985.wav,hatiita
training_data/processed/conrad_wavs/see-say-write_0315-Lessons11_to_20-000352095.wav,oohsiyo hata
training_data/processed/conrad_wavs/see-say-write_0337-Lessons21_to_30-000013615.wav,a'ni
training_data/processed/conrad_wavs/see-say-write_0339-Lessons21_to_30-000017415.wav,kiilhi
training_data/processed/conrad_wavs/see-say-write_0340-Lessons21_to_30-000018635.wav,tuuniyoohsiha
training_data/processed/conrad_wavs/see-say-write_0342-Lessons21_to_30-000022455.wav,sahsa uunikaahska
training_data/processed/conrad_wavs/see-say-write_0348-Lessons21_to_30-000043965.wav,uuneeka kiilhi
training_data/processed/conrad_wavs/see-say-write_0350-Lessons21_to_30-000048765.wav,titaana'nv ineena
training_data/processed/conrad_wavs/see-say-write_0359-Lessons21_to_30-000072975.wav,wahka
training_data/processed/conrad_wavs/see-say-write_0361-Lessons21_to_30-000077085.wav,kaatu uunikanaahsta tuwaatuha
training_data/processed/conrad_wavs/see-say-write_0363-Lessons21_to_30-000083685.wav,uunvvti uuwhahska
training_data/processed/conrad_wavs/see-say-write_0371-Lessons21_to_30-000099905.wav,atsa'ti
training_data/processed/conrad_wavs/see-say-write_0373-Lessons21_to_30-000104025.wav,tsayoohsihahs
training_data/processed/conrad_wavs/see-say-write_0375-Lessons21_to_30-000108735.wav,tsaliihsi
training_data/processed/conrad_wavs/see-say-write_0377-Lessons21_to_30-000113215.wav,tsayooli
training_data/processed/conrad_wavs/see-say-write_0386-Lessons21_to_30-000135975.wav,iiya
training_data/processed/conrad_wavs/see-say-write_0388-Lessons21_to_30-000139505.wav,salooli ka'niiya na kiilhi
training_data/processed/conrad_wavs/see-say-write_0390-Lessons21_to_30-000145645.wav,thuuya tuutuuli
training_data/processed/conrad_wavs/see-say-write_0398-Lessons21_to_30-000166995.wav,tsiihstu
training_data/processed/conrad_wavs/see-say-write_0400-Lessons21_to_30-000170155.wav,tsiihstu ka'niiya na kiilhi
training_data/processed/conrad_wavs/see-say-write_0402-Lessons21_to_30-000176865.wav,uuniitsiiya
training_data/processed/conrad_wavs/see-say-write_0403-Lessons21_to_30-000178295.wav,tuuyhoha na ahskaya
training_data/processed/conrad_wavs/see-say-write_0414-Lessons21_to_30-000199605.wav,haawiya
training_data/processed/conrad_wavs/see-say-write_0416-Lessons21_to_30-000203525.wav,wi'hsi
training_data/processed/conrad_wavs/see-say-write_0418-Lessons21_to_30-000209325.wav,na aaniwiina
training_data/processed/conrad_wavs/see-say-write_0420-Lessons21_to_30-000213535.wav,kiilhi
training_data/processed/conrad_wavs/see-say-write_0421-Lessons21_to_30-000214825.wav,taahsuwhihska
training_data/processed/conrad_wavs/see-say-write_0428-Lessons21_to_30-000234345.wav,tsiihskwa
training_data/processed/conrad_wavs/see-say-write_0430-Lessons21_to_30-000238545.wav,sihkwa
training_data/processed/conrad_wavs/see-say-write_0432-Lessons21_to_30-000242165.wav,sihkwa haawiya aakwatuuli
training_data/processed/conrad_wavs/see-say-write_0434-Lessons21_to_30-000248395.wav,tsiihskwata
training_data/processed/conrad_wavs/see-say-write_0441-Lessons21_to_30-000272965.wav,weehsa
training_data/processed/conrad_wavs/see-say-write_0443-Lessons21_to_30-000275975.wav,weehsa nikawe
training_data/processed/conrad_wavs/see-say-write_0445-Lessons21_to_30-000279905.wav,saahsa naaniwe
training_data/processed/conrad_wavs/see-say-write_0453-Lessons21_to_30-000301505.wav,ayvvwiiya
training_data/processed/conrad_wavs/see-say-write_0456-Lessons21_to_30-000309065.wav,ayv
training_data/processed/conrad_wavs/see-say-write_0458-Lessons21_to_30-000312365.wav,ayhvvtakwaloohski
training_data/processed/conrad_wavs/see-say-write_0475-Lessons31_to_40-000012415.wav,na akayvvlike uuyoohsi keeli'a
training_data/processed/conrad_wavs/see-say-write_0478-Lessons31_to_40-000025345.wav,ataakhehti uutuuli na akeeyha
training_data/processed/conrad_wavs/see-say-write_0482-Lessons31_to_40-000041405.wav,:number one
training_data/processed/conrad_wavs/see-say-write_0483-Lessons31_to_40-000042725.wav,kiilhi uulithiihsi
training_data/processed/conrad_wavs/see-say-write_0484-Lessons31_to_40-000046175.wav,ookinaalii'i
training_data/processed/conrad_wavs/see-say-write_0486-Lessons31_to_40-000050105.wav,atsa'ti kaathika na ahskaya
training_data/processed/conrad_wavs/see-say-write_0488-Lessons31_to_40-000056405.wav,thiyooha'li ka'niiya na iinata
training_data/processed/conrad_wavs/see-say-write_0497-Lessons31_to_40-000086285.wav,oohsiiyu iyunalhstaanhehti
training_data/processed/conrad_wavs/see-say-write_0499-Lessons31_to_40-000091915.wav,oohsta aakiihsti uyuuthi
training_data/processed/conrad_wavs/see-say-write_0507-Lessons31_to_40-000112935.wav,tlookeehsi wineeta
training_data/processed/conrad_wavs/see-say-write_0508-Lessons31_to_40-000115735.wav,thuuya kaayoolhi witinataki
training_data/processed/conrad_wavs/see-say-write_0510-Lessons31_to_40-000121705.wav,aniiyvvwiiya taanatloohska
training_data/processed/conrad_wavs/see-say-write_0512-Lessons31_to_40-000127525.wav,nikaata aniiyvvwiiya uunatlhoyaahstiha
training_data/processed/conrad_wavs/see-say-write_0519-Lessons31_to_40-000149825.wav,ama hskitliihstahsi
training_data/processed/conrad_wavs/see-say-write_0521-Lessons31_to_40-000154525.wav,uukama aakwatuuli
training_data/processed/conrad_wavs/see-say-write_0523-Lessons31_to_40-000160455.wav,aakanaati'a
training_data/processed/conrad_wavs/see-say-write_0524-Lessons31_to_40-000162135.wav,na wahka
training_data/processed/conrad_wavs/see-say-write_0531-Lessons31_to_40-000182805.wav,khilo anihskaya tanitooka
training_data/processed/conrad_wavs/see-say-write_0533-Lessons31_to_40-000188125.wav,iinata kanhiito na ahskaya
training_data/processed/conrad_wavs/see-say-write_0535-Lessons31_to_40-000195795.wav,katoki uuhsti
training_data/processed/conrad_wavs/see-say-write_0542-Lessons31_to_40-000219385.wav,tiilaahsuulo tuuwaatuulaatshihsi
training_data/processed/conrad_wavs/see-say-write_0543-Lessons31_to_40-000222755.wav,na aalaahskaliihski
training_data/processed/conrad_wavs/see-say-write_0545-Lessons31_to_40-000227715.wav,italaahskala
training_data/processed/conrad_wavs/see-say-write_0547-Lessons31_to_40-000232045.wav,sa'tu iyani aniitsalaki
training_data/processed/conrad_wavs/see-say-write_0548-Lessons31_to_40-000235005.wav,analaahskali
training_data/processed/conrad_wavs/see-say-write_0556-Lessons31_to_40-000259215.wav,tsoolani uukhi'la
training_data/processed/conrad_wavs/see-say-write_0557-Lessons31_to_40-000261425.wav,weehsa
training_data/processed/conrad_wavs/see-say-write_0559-Lessons31_to_40-000265795.wav,tso'i iyani weehsa
training_data/processed/conrad_wavs/see-say-write_0560-Lessons31_to_40-000268695.wav,aniita aaniilhina
training_data/processed/conrad_wavs/see-say-write_0562-Lessons31_to_40-000273975.wav,tsoolani
training_data/processed/conrad_wavs/see-say-write_0563-Lessons31_to_40-000275135.wav,thihstu'i
training_data/processed/conrad_wavs/see-say-write_0573-Lessons31_to_40-000300775.wav,taanhawa aahskwaliha
training_data/processed/conrad_wavs/see-say-write_0575-Lessons31_to_40-000306765.wav,ayoolhi uunhawaahstiha
training_data/processed/conrad_wavs/see-say-write_0577-Lessons31_to_40-000313455.wav,uweenha'i kaneela na tsititaaneela
training_data/processed/conrad_wavs/see-say-write_0588-Lessons31_to_40-000341175.wav,awooha'li uukiitalhi kaaniito na ayvvwiiya
training_data/processed/conrad_wavs/see-say-write_0591-Lessons31_to_40-000351565.wav,tsalaki kawooni na ayooneeka
training_data/processed/conrad_wavs/see-say-write_0593-Lessons31_to_40-000358425.wav,nvvwoothi uutuuli na utanili
training_data/processed/conrad_wavs/see-say-write_0614-Lessons41_to_50-000016165.wav,aayanuuli haanhiki
training_data/processed/conrad_wavs/see-say-write_0616-Lessons41_to_50-000020805.wav,nuula hatanawhsta
training_data/processed/conrad_wavs/see-say-write_0622-Lessons41_to_50-000034345.wav,khanuuna nikawe'a
training_data/processed/conrad_wavs/see-say-write_0624-Lessons41_to_50-000038945.wav,uuhsti khanawooka
training_data/processed/conrad_wavs/see-say-write_0626-Lessons41_to_50-000044125.wav,khaawhi witayuuwhahsi tiitaana'nvvi
training_data/processed/conrad_wavs/see-say-write_0634-Lessons41_to_50-000063815.wav,tiihsehsti tuuwoowheela
training_data/processed/conrad_wavs/see-say-write_0636-Lessons41_to_50-000069215.wav,khalhseetsi uutuuli na ayoolhi
training_data/processed/conrad_wavs/see-say-write_0638-Lessons41_to_50-000075315.wav,seeti taaki'a na hsalooli
training_data/processed/conrad_wavs/see-say-write_0645-Lessons41_to_50-000099425.wav,skikaa'tu uutalula nvhki
training_data/processed/conrad_wavs/see-say-write_0647-Lessons41_to_50-000104575.wav,seelu totatsiiwhihsi
training_data/processed/conrad_wavs/see-say-write_0648-Lessons41_to_50-000106855.wav,aatiha na ahskaya
training_data/processed/conrad_wavs/see-say-write_0654-Lessons41_to_50-000124515.wav,tikatvvti
training_data/processed/conrad_wavs/see-say-write_0656-Lessons41_to_50-000128405.wav,kato haatvvne
training_data/processed/conrad_wavs/see-say-write_0658-Lessons41_to_50-000132895.wav,ulhsihki uulookiila
training_data/processed/conrad_wavs/see-say-write_0659-Lessons41_to_50-000135815.wav,tvvkaanhani keeli'a
training_data/processed/conrad_wavs/see-say-write_0661-Lessons41_to_50-000140195.wav,tikatvvti aayoohsta na uutaakeeta atshuutsa
training_data/processed/conrad_wavs/see-say-write_0668-Lessons41_to_50-000158325.wav,aatlawa'tv
training_data/processed/conrad_wavs/see-say-write_0671-Lessons41_to_50-000167195.wav,uuyhvvtla ama aakwatuuli
training_data/processed/conrad_wavs/see-say-write_0673-Lessons41_to_50-000172355.wav,ahani uutlanvvta
training_data/processed/conrad_wavs/see-say-write_0679-Lessons41_to_50-000190235.wav,hihski
training_data/processed/conrad_wavs/see-say-write_0682-Lessons41_to_50-000197445.wav,hiiyooliikihs na ahskaya
training_data/processed/conrad_wavs/see-say-write_0684-Lessons41_to_50-000202745.wav,kanvvhiita uuhsthihka na akeeyhuutsa
training_data/processed/conrad_wavs/see-say-write_0691-Lessons41_to_50-000227775.wav,hihski ayeelhi aalhi'ili
training_data/processed/conrad_wavs/see-say-write_0699-Lessons41_to_50-000260745.wav,iika eehi nvvta khala
training_data/processed/conrad_wavs/see-say-write_0701-Lessons41_to_50-000265875.wav,hi'a eetoota
training_data/processed/conrad_wavs/see-say-write_0709-Lessons41_to_50-000291285.wav,ahani tsoolheehsti
training_data/processed/conrad_wavs/see-say-write_0711-Lessons41_to_50-000295455.wav,tiitaana'nv witakeetoli lheeka
training_data/processed/conrad_wavs/see-say-write_0713-Lessons41_to_50-000300895.wav,uutoohiyu uutiilhehka
training_data/processed/conrad_wavs/see-say-write_0727-Lessons51_to_60-000018125.wav,kanvvkwaloohsti eehskvhsi
training_data/processed/conrad_wavs/see-say-write_0729-Lessons51_to_60-000023385.wav,weehsa nikaweehskv kaathvvkii'a
training_data/processed/conrad_wavs/see-say-write_0734-Lessons51_to_60-000039135.wav,kato uuhsti aakowhthi na kiitlhi
training_data/processed/conrad_wavs/see-say-write_0736-Lessons51_to_60-000047855.wav,aatlhi'ilita
training_data/processed/conrad_wavs/see-say-write_0738-Lessons51_to_60-000052875.wav,tikoowheelooti eehskitihsi
training_data/processed/conrad_wavs/see-say-write_0744-Lessons51_to_60-000075495.wav,tsiihstu atheehsta na kiitlhi
training_data/processed/conrad_wavs/see-say-write_0747-Lessons51_to_60-000087515.wav,tinhawo taatheehska
training_data/processed/conrad_wavs/see-say-write_0753-Lessons51_to_60-000107485.wav,uuthana
training_data/processed/conrad_wavs/see-say-write_0754-Lessons51_to_60-000108835.wav,yoona tsiikoowahtha
training_data/processed/conrad_wavs/see-say-write_0762-Lessons51_to_60-000141285.wav,kvvhe analhiha kiilhi
training_data/processed/conrad_wavs/see-say-write_0771-Lessons51_to_60-000171325.wav,waahuhi nikaweehskv kaathvvki'a
training_data/processed/conrad_wavs/see-say-write_0775-Lessons51_to_60-000183845.wav,koohuuhsti nikawe'a
training_data/processed/conrad_wavs/see-say-write_0783-Lessons51_to_60-000209645.wav,hila itsateethiyvvta
training_data/processed/conrad_wavs/see-say-write_0790-Lessons51_to_60-000239875.wav,sohi aninvvhiita tinutheehsuka
training_data/processed/conrad_wavs/see-say-write_0792-Lessons51_to_60-000246265.wav,sonheela ayeelhi aatlhi'ili
training_data/processed/conrad_wavs/see-say-write_0794-Lessons51_to_60-000252845.wav,aahsooyhv uukhila
training_data/processed/conrad_wavs/see-say-write_0795-Lessons51_to_60-000255055.wav,tsithaaka
training_data/processed/conrad_wavs/see-say-write_0801-Lessons51_to_60-000279235.wav,hila iika tsuweetsi tetsatuuli
training_data/processed/conrad_wavs/see-say-write_0803-Lessons51_to_60-000285555.wav,hila iyuuteethiyvvta hi'a atshuutsa
training_data/processed/conrad_wavs/see-say-write_0805-Lessons51_to_60-000292645.wav,tsuuniilaawihsti iteena
training_data/processed/conrad_wavs/see-say-write_0811-Lessons51_to_60-000319205.wav,thaakwhiyvvhi tsikvthuuka
training_data/processed/conrad_wavs/see-say-write_0813-Lessons51_to_60-000324475.wav,kwiliki tuutoo'a atshuutsa
training_data/processed/conrad_wavs/see-say-write_0835-Lessons61_to_70-000016965.wav,kanoohaliitoohi kanoohaliitooha
training_data/processed/conrad_wavs/see-say-write_0837-Lessons61_to_70-000022545.wav,kaako hstaalhinooheha
training_data/processed/conrad_wavs/see-say-write_0842-Lessons61_to_70-000039725.wav,tsiihstvvna tuukweenuuki na atshuutsa
training_data/processed/conrad_wavs/see-say-write_0851-Lessons61_to_70-000077145.wav,keehv iikoohiita kinaali keehseehsti
training_data/processed/conrad_wavs/see-say-write_0853-Lessons61_to_70-000083595.wav,tuutoo'a
training_data/processed/conrad_wavs/see-say-write_0854-Lessons61_to_70-000084955.wav,koowheelii'a
training_data/processed/conrad_wavs/see-say-write_0861-Lessons61_to_70-000105615.wav,tetsatoo'a howheelaanv'i
training_data/processed/conrad_wavs/see-say-write_0863-Lessons61_to_70-000110935.wav,howa hata
training_data/processed/conrad_wavs/see-say-write_0865-Lessons61_to_70-000114805.wav,ahooli uuwanhka hskwaalheehsti
training_data/processed/conrad_wavs/see-say-write_0869-Lessons61_to_70-000132215.wav,haleewhihsta
training_data/processed/conrad_wavs/see-say-write_0871-Lessons61_to_70-000136275.wav,iitsuula tsalaki ale yooneeka tekawooni
training_data/processed/conrad_wavs/see-say-write_0873-Lessons61_to_70-000143465.wav,ka'leeni uuweehihstaaneha na ayoolhi
training_data/processed/conrad_wavs/see-say-write_0875-Lessons61_to_70-000149495.wav,hila'iyv aataleeniihsko koola
training_data/processed/conrad_wavs/see-say-write_0881-Lessons61_to_70-000172615.wav,itse'iyuuhsti
training_data/processed/conrad_wavs/see-say-write_0882-Lessons61_to_70-000174285.wav,ulhsuuwhiita
training_data/processed/conrad_wavs/see-say-write_0883-Lessons61_to_70-000176085.wav,uunhuuwa
training_data/processed/conrad_wavs/see-say-write_0885-Lessons61_to_70-000182445.wav,ama aatseewi'a na atshuutsa
training_data/processed/conrad_wavs/see-say-write_0887-Lessons61_to_70-000188525.wav,tiitse tilaahsuulo tuutuuli
training_data/processed/conrad_wavs/see-say-write_0893-Lessons61_to_70-000211525.wav,akhuukiihsti eehskitihsi
training_data/processed/conrad_wavs/see-say-write_0895-Lessons61_to_70-000218175.wav,uukuukhu nikaweehskv kaathvvkii'a
training_data/processed/conrad_wavs/see-say-write_0897-Lessons61_to_70-000224065.wav,hila'iyv kvnhsko khuwaaya
training_data/processed/conrad_wavs/see-say-write_0906-Lessons61_to_70-000253125.wav,uuhskwoolhi uuweehihstaane na ayoolhi
training_data/processed/conrad_wavs/see-say-write_0908-Lessons61_to_70-000258965.wav,titsalaki tikwoowheelooti
training_data/processed/conrad_wavs/see-say-write_0909-Lessons61_to_70-000261435.wav,kateelohkwa'a
training_data/processed/conrad_wavs/see-say-write_0915-Lessons61_to_70-000284335.wav,uutlvvkwhsathi na atshuutsa
training_data/processed/conrad_wavs/see-say-write_0918-Lessons61_to_70-000292955.wav,na uuhsti
training_data/processed/conrad_wavs/see-say-write_0919-Lessons61_to_70-000295045.wav,kalhvvhska
training_data/processed/conrad_wavs/see-say-write_0925-Lessons61_to_70-000316955.wav,svvtooni khali
training_data/processed/conrad_wavs/see-say-write_0926-Lessons61_to_70-000318765.wav,khanuukalhi kataki
training_data/processed/conrad_wavs/see-say-write_0928-Lessons61_to_70-000323415.wav,svvki iinake eehi kiniyaluuka
training_data/processed/conrad_wavs/see-say-write_0930-Lessons61_to_70-000329165.wav,haatlv witseetoole hsvvhi
training_data/processed/conrad_wavs/see-say-write_0949-Lessons71_to_84-000011955.wav,ikvvyi tha'liine tso'iine nvhkiine
training_data/processed/conrad_wavs/see-say-write_0951-Lessons71_to_84-000017655.wav,waatsi taahstaayiti'a
training_data/processed/conrad_wavs/see-say-write_0953-Lessons71_to_84-000022515.wav,wooyi nikaweehskv kaathvvkii'a
training_data/processed/conrad_wavs/see-say-write_0958-Lessons71_to_84-000036615.wav,ka'loonhi kha'lv anvnhsko unithelvlati
training_data/processed/conrad_wavs/see-say-write_0960-Lessons71_to_84-000044015.wav,haatlv tetsalvvwhihstaaneeho
training_data/processed/conrad_wavs/see-say-write_0962-Lessons71_to_84-000049405.wav,iheetoolvv'i
training_data/processed/conrad_wavs/see-say-write_0969-Lessons71_to_84-000069665.wav,atsvkaliiyeeti kaaniitooha
training_data/processed/conrad_wavs/see-say-write_0971-Lessons71_to_84-000075485.wav,teetsvyhstv tekhtloohi
training_data/processed/conrad_wavs/see-say-write_0978-Lessons71_to_84-000097635.wav,hiiyooliikihs khilo tlutlu tsuutoo'iita
training_data/processed/conrad_wavs/see-say-write_0980-Lessons71_to_84-000104225.wav,ata thiihstluuyha
training_data/processed/conrad_wavs/see-say-write_0982-Lessons71_to_84-000110135.wav,haatlv tatsiilhuni hi'a kaata
training_data/processed/conrad_wavs/see-say-write_0989-Lessons71_to_84-000130995.wav,eeliikwu
training_data/processed/conrad_wavs/see-say-write_0992-Lessons71_to_84-000140885.wav,siikwu tsinihiwi
training_data/processed/conrad_wavs/see-say-write_0994-Lessons71_to_84-000146255.wav,saakwu ayeelhi aatlhi'ili
training_data/processed/conrad_wavs/see-say-write_1001-Lessons71_to_84-000167925.wav,lha koohuuhsti yikaathvvkii'a
training_data/processed/conrad_wavs/see-say-write_1004-Lessons71_to_84-000174705.wav,lhawoothuuhi nikalhstiihsko yuukaanhana
training_data/processed/conrad_wavs/see-say-write_1006-Lessons71_to_84-000180875.wav,lha yaakwanhtha
training_data/processed/conrad_wavs/see-say-write_1013-Lessons71_to_84-000203875.wav,nuula
training_data/processed/conrad_wavs/see-say-write_1014-Lessons71_to_84-000205985.wav,aakwvvnvvka
training_data/processed/conrad_wavs/see-say-write_1016-Lessons71_to_84-000209275.wav,akwaahsa wikeetoli titaana'nv'i
training_data/processed/conrad_wavs/see-say-write_1018-Lessons71_to_84-000214905.wav,aakwvvkheewa tetsatoo'vv'i
training_data/processed/conrad_wavs/see-say-write_1023-Lessons71_to_84-000231435.wav,hihvvna
training_data/processed/conrad_wavs/see-say-write_1025-Lessons71_to_84-000235995.wav,titsalaki tikikooliiyeeti tihskweeyhoohvvka
training_data/processed/conrad_wavs/see-say-write_1027-Lessons71_to_84-000243085.wav,italhstaayvvhvvka
training_data/processed/conrad_wavs/see-say-write_1029-Lessons71_to_84-000247435.wav,thaleehvvka
training_data/processed/conrad_wavs/see-say-write_1038-Lessons71_to_84-000277455.wav,wuuthanv kalhtsoote uuhsuuyeehsv
training_data/processed/conrad_wavs/see-say-write_1040-Lessons71_to_84-000282545.wav,wuuteeliikv itiitla wuuteeliiki nvvta
training_data/processed/conrad_wavs/see-say-write_1045-Lessons71_to_84-000305695.wav,tsuukaanawv
training_data/processed/conrad_wavs/see-say-write_1047-Lessons71_to_84-000309255.wav,tsuukaanawv wanikhthi hsahsa
training_data/processed/conrad_wavs/see-say-write_1049-Lessons71_to_84-000314205.wav,eeliikwuhs titaana'nv yiwvheeta
training_data/processed/conrad_wavs/see-say-write_1051-Lessons71_to_84-000320215.wav,uutlvvki
training_data/processed/conrad_wavs/see-say-write_1052-Lessons71_to_84-000322195.wav,khanvvwvvka na ka'nakhthi
training_data/processed/conrad_wavs/see-say-write_1058-Lessons71_to_84-000348625.wav,meeli
training_data/processed/conrad_wavs/see-say-write_1061-Lessons71_to_84-000357725.wav,ameekwo teekaahsohki ayohski
training_data/processed/conrad_wavs/see-say-write_1066-Lessons71_to_84-000374265.wav,tsimi tuutoo'a hi'a atshuutsa
training_data/processed/conrad_wavs/see-say-write_1068-Lessons71_to_84-000380455.wav,kheemili uukhilvvti tsiikoowahtha
training_data/processed/conrad_wavs/see-say-write_1076-Lessons71_to_84-000405855.wav,maka hsonheeline aayaatholhv
training_data/processed/conrad_wavs/see-say-write_1077-Lessons71_to_84-000409075.wav,atsinooheha mohsi
training_data/processed/conrad_wavs/see-say-write_1082-Lessons71_to_84-000428115.wav,tsetoolvhihs muuti
