path,sentence
cherokee_new_testament/split_audio/mark_01_01.wav,"atalenihskv yihstv khanohetv, tsihsa kalonetv unelhanvhi uwetsi utselika."
cherokee_new_testament/split_audio/mark_01_02.wav,"nahskiya hi'a tsinikvnhv tsikowhela anatolehohskiyi; khvnhiyukwo, tsinvli tsinvhsitahsti tsahkhathv ikvyititlv, nahski tatsatvnv'ihstaneli tsalohihstiyi ikvyititlv."
cherokee_new_testament/split_audio/mark_01_03.wav,"uwelhuhka khilo inake'i, hi'a nikweha; etsatvnv'ihstahsi yihowa ulohihstiyi, tunvnhv titsitsinohihsta."
cherokee_new_testament/split_audio/mark_01_04.wav,"tsani tatawohske inake'i, ale alhtsitohvhske khanohehske titawehsti kehsv kanetliyvhstiyi otanhthv ukvwalhi nahski kayvtathinetiyi ahskanvtsv'i."
cherokee_new_testament/split_audio/mark_01_05.wav,"ale wikvwaluhtshele nikvnathv tsutiyi ale tsiluhsilmi anehi, ale nikatv nahski tunhawo'e tsotani uweyv'i, unihskanvtsv aninhohvhske'i."
cherokee_new_testament/split_audio/mark_01_06.wav,"tsani'nho unhuwe' khemili uhsthiyenhvhi, kanotsinho utatlohste'i; vlenho ale watulihsi inake ehi alihstayvtihske'i."
cherokee_new_testament/split_audio/mark_01_07.wav,"alhtsitohvhskenho hi'a nikawehske'i v utli ulhiniktiyu ehskakwo ayv onhi taya'i, nahski tsulahsulokih takhanehsa'tv vlha yeli yiniko'i akwatihsattihstiyi ale tikikhaneyhvhtiyi."
cherokee_new_testament/split_audio/mark_01_08.wav,"ayv utohiyuhi ama tetsvyawohsthanv, nahskihskini kalvkwtiyu atanhto totatsawohsthani."
cherokee_new_testament/split_audio/mark_01_09.wav,"nahiyunho hi'a nulhsthane'i, tsihsa nahseliti tsulohse nahski kelili tsikatuha, ale tsani utawo'e tsotani."
cherokee_new_testament/split_audio/mark_01_10.wav,"khilakwono iyvtv tsunhahluhsv amayi tsuta'nvhsv, ukohe kalvlohi ulhstu'itv kehse'i, ale atanvhto kuletihskonhihi nahskiyi, tsutlo'ahsitihse nahski uweyalvtse'i."
cherokee_new_testament/split_audio/mark_01_11.wav,"ale hi'a nvtsuwehse kalvlati, nihi kvkeyu'i akwetsi i nahski ohsiyu kvyelv'i tsiki."
cherokee_new_testament/split_audio/mark_01_12.wav,khilakwonh iyvtv atanto' inake wuthinhvhsthane'i.
cherokee_new_testament/split_audio/mark_01_13.wav,"nanhahnho inake etohe nvkahskohi tsuhsvhitv, setani ukoliyehske'i; ale inake enhahi tekhelatitohe'i; ale tinikhanhhawatitohi kvwahstelvhitohe'i."
cherokee_new_testament/split_audio/mark_01_14.wav,"tsani'nho titahstutiyi natsiyvthane'i, tsihsa kelili uluhtse'i, alhtsitohvhske ohstv khanohetv unelhanvhi ukvwiyuhi kehsv ukvwalhi,"
cherokee_new_testament/split_audio/mark_01_15.wav,"ale hi'a nikawehske, nhahkwo alhyiloka, ale unelhanvhi ukvwiyuhi kehsv ehskanhiyu taya'hi; titsinetliyvna tetsatanvhthv'iih ale itsohiyuhvka ohstv khanohetv."
cherokee_new_testament/split_audio/mark_01_16.wav,"kelilinho vtali ulhti' a'ihsv'i, tukohe hsawani ale eniti nahski tinatanhvlhi, vtali anikayalu'vhske'i; anikayalu'vhskihyenho kese'i."
cherokee_new_testament/split_audio/mark_01_17.wav,"tsihsano hi'a ntuwehsele'i; skinihstawatuka, yvwinho tihstikayalu'vhski nvtahstvyvneli."
cherokee_new_testament/split_audio/mark_01_18.wav,"kilakwono iyvtv tuniyohse tsunikayaluti, ale kvwhstawatvhse'i."
cherokee_new_testament/split_audio/mark_01_19.wav,"nanhahnho wiuwenv uhstikhitv, tukohe tsimi, tsekwiti uwetsi, tsaninho nahski tinatanhvlhi, nahskinho nahskwo unatsa'e tsiyuhi tanotlvhihsihske tsunikayaluti."
cherokee_new_testament/split_audio/mark_01_20.wav,"khilakwono iyvtv nahski wituyhanvhe'i; unvtetsv'nho unitota tsekwiti kekakuyv'ehi' tsuninvhsitahsti itsulha tsiyuhi unatsa'v'i, kvwhstawatvhse'i."
cherokee_new_testament/split_audio/mark_01_21.wav,kekwaninho wuniyvlhe'i; kilakwonho iyvt tiklawi'ihstiyi wuyvlhv tuteyhonhe unatotakwahskv ika.
cherokee_new_testament/split_audio/mark_01_22.wav,"unihskwanikohsenho nuhstv tateyhohvhskv'i, tuteyhohnhe'yeno ulhinikitv tsuho' nahskiya'i, vlhahno tinowhelihski tanateyhohvhskv nhskiya yikehse'i."
cherokee_new_testament/split_audio/mark_01_23.wav,"tsunilawihstiynho aya'e ahskaya kataha atanhto uya'i, ale uwelhunhe,"
cherokee_new_testament/split_audio/mark_01_24.wav,"hi'a nuwehse'ivi okanelaki; kato tikatatvhtohti nihi, tsisa, nahselithi hehi? tsiko skithvhthanilhv? kvkathaha, nihi nahski kehsv'i; nahski atsilvkwoti unelhanvhi utselika."
cherokee_new_testament/split_audio/mark_01_25.wav,"tsihsanho uhskatse'i, hi'a nuwehse'i; elhawe hvna, ale hinuko'i."
cherokee_new_testament/split_audio/mark_01_26.wav,"katahanho atant ulvtehsthanv, ale ahstaya uwelhunhv, unukotse'i."
cherokee_new_testament/split_audio/mark_01_27.wav,"nikatvnho unihskwanikohse'i; ale unvhsv kehsv tunatathvtvnhe'i a hi'a naniwehske'i; kato uyelhti hi'a? kato uhsti hi'a itse titeyhohti kehsv'i? ulhinikitvyhenho uhv kvhti tekhanetsheho anikataha titanvto, ale kvwohiyuhvhsko'i."
cherokee_new_testament/split_audio/mark_01_28.wav,khilakwonho iyvt nahski tekanotsalhv tuyhelihse kelili na-hna gv-wa-du-wi-dv ge-sv-i.
cherokee_new_testament/split_audio/mark_01_29.wav,"khilakwono iyvt tikalawi'ihstiyi tsuninukotsv, sawani ale eniti aninelv wuniyvlhe'i, anehe tsimi' ale tsani."
cherokee_new_testament/split_audio/mark_01_30.wav,sawaninho utali'i utsi kanhvke utlvke utilhehvhske'i; khilakwonho iyvt kvwanonhele'i.
cherokee_new_testament/split_audio/mark_01_31.wav,"uluhtshvnho ale uwoyhanehsv, tulehthane'i; utilhehvhskvnho khilakwo iyvtv utiwhse'i, ale tuhstelvhitole'i."
cherokee_new_testament/split_audio/mark_01_32.wav,"uhsvnho nhahkwo nvto wutelitsv, tekvwahthinhohele nikatv tsunitlvki, ale anihskina tikvwaniya'i;"
cherokee_new_testament/split_audio/mark_01_33.wav,nikatvnho katuhv anehi unatalhihsahe kalohihstiyi.
cherokee_new_testament/split_audio/mark_01_34.wav,"unitsathinho teunhvwane tsunitlvki tsutalenhvtv vyuki unehi; ale unitsathi anihskin tunukowihse'ihv ale' vlha waninheki yitelihsehe anihskina, utikalhstohtihske kvwolhkv'i."
cherokee_new_testament/split_audio/mark_01_35.wav,"hsunalenho, ahsi kohitiyu kvwakitsti kehsv utitvhe unukotse'i, ale inake wulohse'i, ale nnhhuttlsthnhi. u-da-do-li-s-ta-ne-i."
cherokee_new_testament/split_audio/mark_01_36.wav,"sawaninho ale nahski anehi, kvwhstawatvse'i."
cherokee_new_testament/split_audio/mark_01_37.wav,"wikvwawhathvhvno, hi'a nikvwawehsele'i, nikatvkwo yvwi ketsayhohse."
cherokee_new_testament/split_audio/mark_01_38.wav,"hiano ntuwehsele'i, tihso'i totikatuhv witilohi, nanhhnskw kltstnihtlha; naskiyeno iyhushti akluhtslv. a-gi-lu-tsi-lv."
cherokee_new_testament/split_audio/mark_01_39.wav,"alhtsitonhitoheno tsunilawihstiyi' nikvnathv kelili, ale anihskina tekanukowhihske'i."
cherokee_new_testament/split_audio/mark_01_40.wav,"atayhehskino utlvki uluhtsele'i, utatolihstanele tulhinikwanvnele'i, ale hi'a nuwehsele'i, iyunho ohsiy yitsaye'lvnhv, yelikwo yihskinvkalv."
cherokee_new_testament/split_audio/mark_01_41.wav,"tsihsanho, katolikv utoyhanvhite'i, ale uhsvnhile'i, ale ha nuwehsele'i, ohsiyu tsiyelvnv; tsatanvkalvtv kehsehsti."
cherokee_new_testament/split_audio/mark_01_42.wav,"unhetsvkwonho khilakwo iyvtv atayhehski utlvkv ulihthvhthane'i, ale utanvkalvtv kehse'i."
cherokee_new_testament/split_audio/mark_01_43.wav,"ulhinikitvno unhetshelv, khilakwo iyvt unhetshele utanvhstiyi;"
cherokee_new_testament/split_audio/mark_01_44.wav,"ale hi'a nuwehsele'i, heyhahthahehsti lhehsti khilo kohuhsti tsihinonheli; henakwohskini'i khvnikehsv winiyatvnhihsi atsilvkelhohivv ale walhskolvta tsatanvkalvhv ukvwalhi, nahski mohs unhetsv alhskolhtohtiyi, nahski unatohiyunanhetiyi."
cherokee_new_testament/split_audio/mark_01_45.wav,"ahsenho unukotsv, ulenvhe utsathi tuyelihihsthane'i, ale tunhotsalne nahski, nahskinho iyuhsti tsihsa' vlha nhahkwo khvnikehsv wikvwayvhsti yikehse katuhv'i, toyititlvkwohskini inake tekehsatihsv etohe'i; nikvnathvkwonho nitotayunilohsvhi kvwaluhtshehe'i."
cherokee_new_testament/split_audio/mark_02_01.wav,thalinenho ilvhski winuhsvlhv kekwani wuyvlhe'i; tunotsalhotsenho kalhtsote aya'v'i.
cherokee_new_testament/split_audio/mark_02_02.wav,"khilakwono iyvtv unitsathi' tunilawitsolhe'i, nahski iyuhsti vlha yutlatnvte, vtla hnskwo kalohihstiyulhti; khanohetvnho tulhtsitonhele'i."
cherokee_new_testament/split_audio/mark_02_03.wav,kvwaluhtselenho khilo iyuhsti ulvtalv'ski aninehe'ihv nahski nvhki iyanitv kvwhanholhe'i.
cherokee_new_testament/split_audio/mark_02_04.wav,"uninulvnvhno katokv na'v uniluhihstiyi aninenulhv iyuhsti, unvnehse nanhhayvi; unnesvno, ehlahti nnvnele tsesto nanha haltlvsk kanvkvi. ga-nv-gv-i."
cherokee_new_testament/split_audio/mark_02_05.wav,"tsihsanho ukohv unohiyusv'i, hiha'anuwehsele ulvtalvski, ayatsi, tsahskanvtsv etsatoliki."
cherokee_new_testament/split_audio/mark_02_06.wav,"ahsenho nanhhann ki'lo yhnasti tinowehlski, hia hnuste antnvhthske totsnatanvhthvi, do-tsu-na-da-nv-dv-i,"
cherokee_new_testament/split_audio/mark_02_07.wav,"katonho hi'a ahskaya hi'a nikaweha iahsotlv'ihstiha? kako yeli ahskanvtsv kvwatatolihsti, sakwokwo uwahsv, nahski unelanvhi?"
cherokee_new_testament/split_audio/mark_02_08.wav,"khilakwonho' iyvtv tsihsa tsutanhtv utolehohs nuhstv anatanhthehskv totsunatanhtv'i, hi'a ntuwehsele'i; katonho nahski hi'a ni'uhsti itsatanhtheha totitsatanhthv'i?"
cherokee_new_testament/split_audio/mark_02_09.wav,"kato uhsti utli' ahitiyu? tsiko hi'a yinakawehse ulvtalvski, tsahskanvtsv etsatolikivi hi'akhe yinakaweha, thalehvka, ale hinaki tsatsehsto, ale heta?"
cherokee_new_testament/split_audio/mark_02_10.wav,"ahsenho itsatolehohihstiyi yvwi uwetsi uhi kvwatatolihsti kesv ahskanvtsv'i anhi' elohi (hi'a nuwehsele ulvtalvski,)"
cherokee_new_testament/split_audio/mark_02_11.wav,"kvyohseha, thalehvka, ale hinaki tsatsehsto, ale titsenvhsv whilohi."
cherokee_new_testament/split_audio/mark_02_12.wav,"khilakwonho iyvt tulenhe'i, unehsvnho atsehsto, unukotse nikatv anikhthahv'i; nahski iyuhsti nikatv unihskwanikohse'i v ale unelhanvhi unilvkwohthane hi'a nuniwehse'i; vlha ilvhiyu nahski iyuhsti hyokikoho'i."
cherokee_new_testament/split_audio/mark_02_13.wav,"thalinenho unukotse vtali' ulhti uwetole'i; ale nikatv unitsathi wkvwaluhtsele'i, ale nahski tuweyonhe'i."
cherokee_new_testament/split_audio/mark_02_14.wav,"a'ihsvnho, liwi elikwi uwetsi ukohe uwolhe ayelhi atelv akihstiyi, ale hi'a nuwehsele'i, skihstawatuka v tulenhvnho uhstawatvhse'i."
cherokee_new_testament/split_audio/mark_02_15.wav,"hi'anho nulhsthane'i, nahski [tsisa] kanhvhkv alhstayvhvhskv nahski kanelv'i, unitsathe atelv anikihsitohi ale anihskana itsulaha taninhke tsisav'ale kvwahstawatitohi; unitsatheyhenho, ale kvwhstawatitohe'i."
cherokee_new_testament/split_audio/mark_02_16.wav,"tinowelihskinho ale anikwalihsi kvwakohv itsulaha analihstayvhvhskv atel anikihsitohi ale anihskana, hi'a nituniwehsele kvwhstawatitohi, katonho itsulaha tsanalhstayvhvhska al itsulaha tsanatithahska atelv anikihsitohi ale anihskana'i."
cherokee_new_testament/split_audio/mark_02_17.wav,"tsihsanho nahski uthvkanv hi'a ntuwehsele'i, nahski nitunitlvkvna vlha utulhti yinunalhstanheho titanhvwihski, tsunitlvkihskini; vtla unatanhthi yititsiyanvhilhv, anihskanahskini tunatanvhthv tsuninetliyvhstiyi."
cherokee_new_testament/split_audio/mark_02_18.wav,"tsaninho kvhwstawatitohi ale anikwalihs kvwnihstawatitohi amatli anvhski kehse'i; uniluhtsenho ale hi'a nikvwawehsele'i, katonho tsani' kvhwstawatitohi, al anikwalihsi kvwanihstawatitohi amatli tsanvhsko'i, nihino kehtsstawatitoh amalhi nanvhskvna tsikehso'i?"
cherokee_new_testament/split_audio/mark_02_19.wav,"tsihsanho hi'a nituwehsele'i, tsiko tekekatsvhstihskv anikhthahi yeli amalhi yanvna atehsvhvhski unhelatitohv ikohitv? ikohitv atehsvhski unhelatitohv, vlha yeli amalhi yvkvnvna."
cherokee_new_testament/split_audio/mark_02_20.wav,"tvhskwalvhihskini nahiyu ketsiyanv'ehtiyi atehsvhvhski, nahiyuno nhahkwo amalhi tvnvnhi."
cherokee_new_testament/split_audio/mark_02_21.wav,"vlha ale khilo uwethi anhuwo' itse akvhalvtv yikahlstlvtihsko'i, itseyhenho akvhalvtv kalhstlvthanvhi yvkatsakalvtota uwethi, nahskino utatsatelvhv utli ekwohiyu yinvkalhsta."
cherokee_new_testament/split_audio/mark_02_22.wav,"vlha ale khilo itse kikake-atithahsti tsuwethi tihsutlvhtv yitatlihstihsko'i; itseyhenho kikke-atethahst yitokatsakalv tihsutlvhtv, ale kikake-atithahsti yatsewoki, ale tihsulhtv yitayoki; itsehskini kikake-atithahsti, titse tihsutlvhtv titlihstohti kehso'i."
cherokee_new_testament/split_audio/mark_02_23.wav,"hi'anho nulhsthane'i, nahski tlokehsi utsalehsti tawhihsv ulose unatotakwahskv ika; kvwhstawatitohinho unalenvhe ana'ihsv unihskutehsthanvhse utsalehsti."
cherokee_new_testament/split_audio/mark_02_24.wav,"anikwalihsinho hi'a nikvwawehsele'i, kvnhiyukwo, katonho unatotakwahskv ika nituyukhthvna kehsv nanatvneha."
cherokee_new_testament/split_audio/mark_02_25.wav,"hi'ahno nituwehsele'i, lhahsko yitsikoliye tewi nutvnelv tsunikvhsehe iyu'i ale akonu tsuyohsihske'i, uwahsv, ale nahski tsanehe'i?"
cherokee_new_testament/split_audio/mark_02_26.wav,"nahski unelhanvhi utseli atanelv tsuyvhle nahiyu tsehe ekwayita nukvwiyuhsv atsilv-kelhohi, ale tsuke akatohti katu, nahski kvkihsti nikehsvna tsikehse atsilvanelhohi unvhsv, ale nahskwo tsitunhele nahski anehi."
cherokee_new_testament/split_audio/mark_02_27.wav,"ale hi'a nituwehsele'i, unatotakwahskv utolhvhne yvwi nvtikalhstohtihske'i; vlhanho unatotakwahskv' yintikalhstohtihske yvwi yikekolhvnhe'i."
cherokee_new_testament/split_audio/mark_02_28.wav,nahski iyuhsti nahskwo yvwi uwetsi unatotakwahskv ukvwiyuhi.
cherokee_new_testament/split_audio/mark_03_01.wav,thalinenho wuyvlhe tikalawihstiyihv nanhahno' etohe ahskaya uwoyeni uwahihselvhi.
cherokee_new_testament/split_audio/mark_03_02.wav,"kvwayawihsenho unatulihske unatolehohihstiyi kvwatanhvwoti kehsv' unatotakwahskv ika, naski kvwhye'ilitahstiyi."
cherokee_new_testament/split_audio/mark_03_03.wav,hi'ano nuwehsele ahskaya uwoyeni uwa'ihselvhi i ayelhi halehvka.
cherokee_new_testament/split_audio/mark_03_04.wav,"hi'anho nituwehsele'i, tuyukhtihsko ohstv tikalvwhihstanhtiyi unatotakwahskv ika, uyokhe tikalvwhstanhtiyi? kvnhv khilo' ahstelhetiyi, ahihsti'yikehv elhawekwonho unvhse'i."
cherokee_new_testament/split_audio/mark_03_05.wav,"uhsonvtshehinho te'ukhanhahnv naski kvwathuwitv nunatvnhv, uteyhahthanehv tihstayyu kesv tsuninawhihe hi'a nuwehsele ahskaya; hatoyanvhitv. utoyhanvhitenho, uwoyeninho kvwhanohstv nulhsthane' nahskiya so'i nuhstv'i."
cherokee_new_testament/split_audio/mark_03_06.wav,"anikwalihsinho uninukotsv, kilakwo' iyvtv wunalhinohelhe elotv kvwhahstelihski kvwatlutihskv, nahski iyunvnhtiyi unihihstiyi."
cherokee_new_testament/split_audio/mark_03_07.wav,"tsihsanho utanvhse tuthinhvhse kvhwstawatitohi vtali wunilohse'i; unitsathinho kvwahstawatvhse'i i nvtayunilohsvhi kelili, ale tsutiyi,"
cherokee_new_testament/split_audio/mark_03_08.wav,"ale tsiluhslimi, ale itomiyi v ale tsotani ihskhonititlv; ale taya ale satoni na'v tinehi, utsathi anikotiyu, nahski unathvkanv nika'v uhskwanikhti tulvwhihstanelv, kvwaluhtshele'i."
cherokee_new_testament/split_audio/mark_03_09.wav,"tunhetselenho kvhwstawtitohiav nahski tsiyu ukhthitihstiyi, unhitsathi kehsv iyuhsti, nahski kvwanenulahstohtiyi nikehsvna."
cherokee_new_testament/split_audio/mark_03_10.wav,"unitsatheyhenho tunvwane'i; nahski' iyuhsti kvwanenulahstihske kvwanolhihstohtiyi unatulihske'i, nikatv kohuhsti tinalhstihski."
cherokee_new_testament/split_audio/mark_03_11.wav,"ale tikataha titanhvtohsi iyunho kvwakowhahthv, elati kvwatanhvhnehe'v ale anelhuhvhske', hia naniwehske'i, unelhanvhi uwetsi nihi."
cherokee_new_testament/split_audio/mark_03_12.wav,ulhinikitvnho tunhetsele nahski kvnikesv ikvwanhtiyi nikehsvna.
cherokee_new_testament/split_audio/mark_03_13.wav,"unhahluhsenho otalv'i, ale tuyhanvhe nahski utulihskv' tsuyhnvhtiyi; ale kvwaluhtsehe'i."
cherokee_new_testament/split_audio/mark_03_14.wav,"al tuhsuyehse thalatu iyanitv, naski kvwhstawtihtstiyiav ale nahski tsunvhstiyi unalhtsitonhitahstiyi,"
cherokee_new_testament/split_audio/mark_03_15.wav,"ale tsulhskoltanehtiyi tunitlvkv tsuninhvwotiyi, al anihskina tsuninukowhihstiyi;"
cherokee_new_testament/split_audio/mark_03_16.wav,sawaninho kwita tuwo'e.
cherokee_new_testament/split_audio/mark_03_17.wav,"ale tsimi tsekwiti uwetsi, ale tsani tsimi tinatanhvlhi; ale nahski kwo'anatsi tuwo'e'i, nahski ayvtakwalohski tsuwetsi katka;"
cherokee_new_testament/split_audio/mark_03_18.wav,"ale eniti', ale kwiliki, ale kwatolami i ale matu, ale tami v ale tsimi elikwi uwetsi, ale tatiya, aleh sawani akenaniti,"
cherokee_new_testament/split_audio/mark_03_19.wav,"ale tsutahsi ihskalati, nahskivhskwo tsulonuhelhe'i i atanelvnho wunilose'i."
cherokee_new_testament/split_audio/mark_03_20.wav,"unitsathinho thaline tunilawitsolhe'i, ski iyuhsti nahskwo niulhihste katu unikihstiyi."
cherokee_new_testament/split_audio/mark_03_21.wav,"kohuhstinho tsuwanhv unathvkanv, unenvhse kvwaniyvhvhse'i; hiayhenho naniwehske'i, ulvnhohthiha."
cherokee_new_testament/split_audio/mark_03_22.wav,tinowhelihskinho tsiluhslimi ntayunilohsvhi v hi'a naniwehske'i v kwelitsikwa uweha v ale ukvwiyuhi anihskina unatselika khtiha tekanukowihska anihskina.
cherokee_new_testament/split_audio/mark_03_23.wav,"nahskino wituyhanvhv, ha hni'tuwehsele tulhilohstanele'i, kato yikalhstohta hsetani yikanukowa setani?"
cherokee_new_testament/split_audio/mark_03_24.wav,"iyu ale ayelhi kolhvhsv thali yinuta'a, uwahsvkwo yatatlutiha, vlha yeli yinikvwahstikwo nahski ayelhi kolhvsv'i."
cherokee_new_testament/split_audio/mark_03_25.wav,"iyu ale sitanelv kehsv tha'li yinuta'a, uwahsvkwo yatatlutiha v nahskih sitanelv kehsv' vlha yeli yinikvwahstikwo."
cherokee_new_testament/split_audio/mark_03_26.wav,"iyu aleh setani yitulenhv uwahsv' yitutakhthilenv, ale thali yinuta'a, vtla yeli ynikvwhstikwo, yiwhahsthakwohskini' ehv'i."
cherokee_new_testament/split_audio/mark_03_27.wav,"vtla khilo ulhinikitv ahskaya kanelv yvkvyvha, ale yvkvwonv unhahai, khvni ikvyi yulhvlv nahski ulhinikitv ahskayaha khila nhahkwo yawonv kanelv unhahai."
cherokee_new_testament/split_audio/mark_03_28.wav,"utohiyuhya itsvyohseha, nika'v ahskanv'ihsti kehsv, kaketsitolihstikwo kehsehsti yvwi tsunetsi, ale ahsotlv'ihstohti kehsv', nika'v kvwanihsotlv'ihstohti kehsv'i;"
cherokee_new_testament/split_audio/mark_03_29.wav,"khilohskini kalvkwtiyu atanto ahsotlv'ihstihskehstiav vlha ilvhiyu kyetsitolihsti yikehsehsti, tikayekukotantikwohskini winahsthvna uhstvtihstiyi;"
cherokee_new_testament/split_audio/mark_03_30.wav,"nvtikalhstohtihske'i, kataha atanhto' uya'a, unatvnhv'i."
cherokee_new_testament/split_audio/mark_03_31.wav,"nhahkwonho kvwaluhtsele analhinvtli, ale utsi, ale toyititlv tanitoke, unatanvhse wikvwhayanihske'i."
cherokee_new_testament/split_audio/mark_03_32.wav,"unitsathino anine kvwatalhuwhihste'i v hi'anho nikvwawehsele'i, kvniyukwo, tsatsi' ale itsalhinvtli toyititlv tiketsayoha."
cherokee_new_testament/split_audio/mark_03_33.wav,"tunhetselenho hi'a nuwehse'i, kako hetsi, hale otsalhinvtli?"
cherokee_new_testament/split_audio/mark_03_34.wav,"kvwathuwitvnho tukhanhahnitolv uwolhv na'v ani'ni tukhanha'nv hi'a nuwehse'i; khvnhiyukwo etsi, ale otsalhinvtli?"
cherokee_new_testament/split_audio/mark_03_35.wav,"khiloyhenho unelhanvhi utulihskv natvnehehsti, nahski tsohstatanhvlhi, ale vkito, ale etsi."
cherokee_new_testament/split_audio/mark_05_01.wav,ihskhontitlvnho vtali wuni'luhtse aniketeli unatselikohi.
cherokee_new_testament/split_audio/mark_05_02.wav,"tsiyuhinho utsa'ihsv khilakwo iyvtv tutlohse' ahskaya tatanihsahv nvtayulohsvhi kataha atanhto uya'i,"
cherokee_new_testament/split_audio/mark_05_03.wav,nahski tatanihsahvkwo ehe'i; vlha ale nahskwo tsutatesvtv kvhti khilo kvwalhvhsti yikehse'i.
cherokee_new_testament/split_audio/mark_05_04.wav,"yanokiyuhyenho tsatsinvlholhvhi kehse'i v ale tsutatehsvtv tsakalhvhsthanvhi kehse'i, tsutatehsvtvnho takalhske'i, ale tikanvlhohsti tahskwalhske'iav vlha ale khilo kvwatanhthihsohti yikese'i."
cherokee_new_testament/split_audio/mark_05_05.wav,"ale nikohilv v svnoyi ale ika, katuhsi' ale tatanihsahv'i'i uwelhuhke'i, ale nvya kvhti atayhelhohe'i."
cherokee_new_testament/split_audio/mark_05_06.wav,"ahsenho invhiyu wukohv tsihsaai tuhskwahlthane ale utatolihstanele'i,"
cherokee_new_testament/split_audio/mark_05_07.wav,"ale ahstaya uwelhunhe hi'a nuwehse'i; kato tikinatatvtohti nihi tsihsahsv wahsthv kalvlatiyu' ehi unelanvhi uwetsi? kvnhetseha, unelhanvhi kvnhe'ihstaneha, nahski hskikilhiyo'ihstohtiyi nikehsvna."
cherokee_new_testament/split_audio/mark_05_08.wav,"hiayheno nuwehsele'i i ehinuko'i nahski na ahskaya, nihi hikataha atanhto."
cherokee_new_testament/split_audio/mark_05_09.wav,"uthvtvnhenho, kato tetsato'vhi uwohsele'i v hi'anho nuwehsele'i, suntalhki takwato'v; okitsathayhenho."
cherokee_new_testament/split_audio/mark_05_10.wav,ale utsathi' uhstiyethaneh nanhhksv tsnkohwstyi nikehsvna kehsvi. ge-sv-i.
cherokee_new_testament/split_audio/mark_05_11.wav,nanhhanho otalulhti unitsathi sunatalhki hsihkwa analhstayvnitohe'i.
cherokee_new_testament/split_audio/mark_05_12.wav,"nikatvnho anihskina kvwahstiyethane hi'a naniwehske'i, unelaki sihkwa tinetohv wotsi'lohi v nahski witotsiyvhsi."
cherokee_new_testament/split_audio/mark_05_13.wav,"kilakwono' iyvtv tsihsa tulhskoltanele'i. tikatahanho titanhto uninukotsv, sihkwa wituniyvsele'i; sunatatlkinho unanelukihse unikhso'ahse kanelhuhki kehsv' vtali wunahlthatinvhse'i, (tha'li iyakayvli iyvtv nani'e'i,) ale vtali tunikvtse'i."
cherokee_new_testament/split_audio/mark_05_14.wav,"tinikhthiyanho unalihse'i, ale katuhv wuninhonhe'i, ale iyvtv tanewatihsv'i. uninukotsenho unakhthanhvhse nahski nulhsthanv'i."
cherokee_new_testament/split_audio/mark_05_15.wav,"tsihsanho kvwaluhtshele'i, ale kvwakohe nahski' ahnskina kvwayvlhvhi, nahski sunatalhki kvwayvlhvhi, uwolhi, ale tunhuwe'i, ale thohi utanvhthe'i; ale anihska'ihe'i."
cherokee_new_testament/split_audio/mark_05_16.wav,"nahskinho unikohvhi, kvwanhnonhele nulhstanhelv anihskina kvwayvlhvhi, ale nahskwoh sihkwa nunalhstanhelv'i."
cherokee_new_testament/split_audio/mark_05_17.wav,ale unalenvhe kvwahthayohsele' utanvhstiyi unatselikohi.
cherokee_new_testament/split_audio/mark_05_18.wav,tsiyuhinho utsanv' nahski anihskina kvwayvlhvhi uhthayohsele unelaki uwelihsetiyi uhstawatitahstiyi.
cherokee_new_testament/split_audio/mark_05_19.wav,"ahsenho' vlha yuhlskoltanelei tsihsa, hi'akwohskini nuwehsele'i, tsihena titsenvhsv kohuhsti titsvnha tinehv'i, ale withinhohvhsi nika'v uhskwanikhti ukvwiyuhi nitsatvnhelv'i, ale tsatolitsv'i."
cherokee_new_testament/split_audio/mark_05_20.wav,"unhikihsenho, ale ulenvhe tunotsalhane ahskohi' ikatukiyi, nika'v uhskwanikhti tsihsa nutvnhelv'i; hale nikatv yvwi unihskwanikohse'i."
cherokee_new_testament/split_audio/mark_05_21.wav,"tsihsanho thaline tsiyuhi to'uwehsohtsv ihskhona whi'uluhtsv, unitsathi yvwi kvwatatluwhihsthane'i; ale vtali ulhti etohe'i."
cherokee_new_testament/split_audio/mark_05_22.wav,"ale kvnhiyukwo ulutse khilo' iyuhsti nukvwihysateki tikalawi'ihstiyi, tsela tsuto'itv; ukohvnho [tsihsa] tulahskv utanvne'i,"
cherokee_new_testament/split_audio/mark_05_23.wav,"ale utsathi uhstiyethane'i, hia nuwehse'i; akwetsi akeyhutsa nhahkwo ayohuhska; ahsenho inena, hiyahsihthatvha, nahski utiwhihstiyiai kvnhehstinho."
cherokee_new_testament/split_audio/mark_05_24.wav,"unenvhsenho; ale unitsathe yvwi kvwahstawatvse'i, ale kvwanenulahstihske'i."
cherokee_new_testament/split_audio/mark_05_25.wav,"khilono iyuhsti akeyhv thalatu tsutethiyvtv kvwatalenvtv kikv uwenv'ehi,"
cherokee_new_testament/split_audio/mark_05_26.wav,"ale anikotiyu anikanakhthi utsathi kvwakilhvnhvhiyikese'i, ale kohuhsti uhv nikatv uhsvnhi kese akhyihskv'i, ahsenho vlha ohsiyu yinulhstanhehe'i, khanehkwokekwohskini utlvkv'i;"
cherokee_new_testament/split_audio/mark_05_27.wav,"nahski uthvkanv tsihsa atsinohehskv'i, onhititlv unvthitv nunatvnhv uluhihsthane, ale uhsvnhile unhuwv'i."
cherokee_new_testament/split_audio/mark_05_28.wav,"hiayhenho nuwehse'i, tsunhuwokwo nahskwo yitakwsvnhilv, yakwatiwhi."
cherokee_new_testament/split_audio/mark_05_29.wav,khilakwono' iyvtv kikv uwenv'ehv uyohihsthane'i; utolehohsenho ayelv utiwhsv nahski utlvkv'i.
cherokee_new_testament/split_audio/mark_05_30.wav,"tsihsanho kilakwo iyvtv utolehohsv uwahsv kesv utanhvwoti kehsv unukotsv'i, ukhthahvhse nnhhunthhtv anithnai, ale' ha nwehse'i, kahko' tasnka tihkwanhwo? di-qua-nu-wo?"
cherokee_new_testament/split_audio/mark_05_31.wav,"kvhwstawatitohinho hi'a nikvwawehsele'i, tehkikowhahthiha unitsathi ketsanenulahstihskv, tsikonho kako akwahsvnhka' ihatiha?"
cherokee_new_testament/split_audio/mark_05_32.wav,kvwathuwhitvnho ukhthenole ukowathvhtiyi nahski hi'a iyutvnelvhi.
cherokee_new_testament/split_audio/mark_05_33.wav,"nahskinho akeyhv ahska'ihe ale uwenawihske'i, akhthahe' nulhstanhelv'i, uluhtse ale elati utanvnele'i, ale nikatv tuyukhtv unonhele'i."
cherokee_new_testament/split_audio/mark_05_34.wav,"hi'ano nuwehsele'i, akwetsi, tsohiyuhsv tsatiwhihsta; nvwhthohiyatv tsihena v ale tsatiwhsvhi kehsehsti tstlvkv'i."
cherokee_new_testament/split_audio/mark_05_35.wav,"ahsikwo khaneke'i, nukvwiyuhsateki tikalawi'ihstiyi kanelv nvtayunatalenhvhi uniluhtse hi'a nuniwehse'i, uyohuhsv tsetsi; katonho' ahsikwo ihiyateyahthohtiha titeyohvhski?"
cherokee_new_testament/split_audio/mark_05_36.wav,"uthvkanvkwonho tsisa nuhstv uniwonihsv'i, hi'a nuwehsele nukvwiyuhsateki tikalawi'ihstiyi, lhehsti yhihska'ihehsti, tsohiyuhsehstikwo."
cherokee_new_testament/split_audio/mark_05_37.wav,"vlha ale khilo' yulhskohltanele kvwhstawatvhstiyi, kwita, ale tsimi, ale tsani tsimi tinatanvlhi unvhsv."
cherokee_new_testament/split_audio/mark_05_38.wav,"uluhtsenho kanelv nukvwiyuhsateki tikalawi'ihstiyi, ale tukahe unatahsuyetv yvwi, ale' utsathi tanatloyhihv ale taniyvhkv'i."
cherokee_new_testament/split_audio/mark_05_39.wav,"uyelhhno hi'a nituwehsele'i, katonho itsatanoyhvlhihstiha, ale totsatlohyiha? vlha yuyohuhsv akeyhutsa, kalhihakwohskini."
cherokee_new_testament/split_audio/mark_05_40.wav,"ikvwatotlvhthanekwon. nikatvnho tunukowhihsnv, hi'a nahsk akeyhutsa utota ale utsi ale nahski anehi tuthinhvhse, ale wuyvlhe nanhhakyts tisoni. di-so-nv-i."
cherokee_new_testament/split_audio/mark_05_41.wav,"uwoyhanehsvnho akeyhutsa, hi'a nuwehsele'i, thalita kumi; nahski anhelhthanvhi hi'a nuhsti katka; hikeyhutsa, kvyoseha, thalehvka."
cherokee_new_testament/split_audio/mark_05_42.wav,"khilakwono iyvtv akeyhutsa tulenhe'i, ale uwetole'i; thalatuyhenho iyutethiyvtv kehse'i. utsathanvhinho unihskwanikohse'i."
cherokee_new_testament/split_audio/mark_05_43.wav,ulhinikitvnho tunetsel tunvhstatele khilo utolehohihstiy nahski; ale unhetsekohuhsti uhlstayvhti uninhehtiyi.
cherokee_new_testament/split_audio/mark_06_01.wav,unukotsenho nanhahniav ale uwahsv utselikohi wuluhtse'i; kvwahstawatitohinho kvwahstawatvhse'i.
cherokee_new_testament/split_audio/mark_06_02.wav,"unatotakwahskvnho ulhiyelolhv, ulenvhe tuteyhonhe tikalawi'ihstiy; unitsathinho kvwatvhknelv unihskwanikohse'i, hi'a naniwehske'i, hatlv akiha hi'a ahskaya hi'a nahski ikvwatvnhti tsiki? ale kato uhsti' akhthohihsti nahski atsinelvhi tsiki, nahski iyuhsti uhskwanikhti tsitulvwhihstaneha?"
cherokee_new_testament/split_audio/mark_06_03.wav,"tlahsko nahski hi'a tinhehskehski yiki, meli uwetsi, tsimi, ale tsohsi, ale tsuta, ale hsawani analinvtli v ale tsuto tlahsko anhi yikekatahsuya? vkvwhsonvtselvkinho."
cherokee_new_testament/split_audio/mark_06_04.wav,"tsihsanho hi'a nituwehsele'i; atolehohski vlha natsilvkwotvna yikehso'i, utselikohihskininonv uwahsv, ale tsuyvwi anehv'i, ale uwahsv kanelv'i."
cherokee_new_testament/split_audio/mark_06_05.wav,ale nnhhvtl khsti skwhnihkti tikwalwisthnti yikehsehihti wsskinhnonv ilvhski iyahntv tsunitlvk tusithtv ahle tnwani. du-nv-wa-nv-i.
cherokee_new_testament/split_audio/mark_06_06.wav,ale uhskwanikohse nanohiyuhvhskvna kehsv'i. ale uwetole uthuwhitv tekatuwhatihsv'i tateyhohvhske'i.
cherokee_new_testament/split_audio/mark_06_07.wav,"tha'latunhoh iyanitv wituyanvhe'i v ale tunhvhsitole thaliha tsulikonhvtv, ale tulhskohltanele tsuninukowhihstiyi tikataha titanhto;"
cherokee_new_testament/split_audio/mark_06_08.wav,"ale tunhetsele nahski kohuhsti uniyhvhstiyi nikehsvna unalhstelhtohti anhetohv'i, atolanv'hsti uwahsv v vlha tekalhti i ale katu, ale vtsayi tunatatlohv'i;"
cherokee_new_testament/split_audio/mark_06_09.wav,tsunalahsulhtiyihskinihv ale lhehsti tha'li yititsanhuwohskehsti.
cherokee_new_testament/split_audio/mark_06_10.wav,"ale hia ntuwehsele'i, atanelv ilvhtlv itsiyvhihehsti, nanhahkwo itsanv'vhskehsti khvnhi vtsanhiki nanhahni."
cherokee_new_testament/split_audio/mark_06_11.wav,"ale khilo nititsatanilvkvna ale nitsathvtahstanehvna ikehsehsti, nhahkwo nnhhitsnkhskst, titsalasihtehni koshtu ttsnkhvthsksti, naski kohytski uhnatluhtihski. utohiyuhya hia hnitsweseha', eskahkwo ikai unklyist kesesti sohtahmi, hale kmali, tkkottiyi ihka kesehst, utlhyu nnhhkatuhvi. na-hna ga-du-hv-i."
cherokee_new_testament/split_audio/mark_06_12.wav,"uninukotsenho, wunalhtsitonhe nahski yvwi ahse tsuninetliyvhsti kehsv tunatanvhthv'i."
cherokee_new_testament/split_audio/mark_06_13.wav,"unitsathinho tuninukowhise anihskinavi ale ko'i tunilonethane unitsathi tsunitlvki, ale tuninvwane'i."
cherokee_new_testament/split_audio/mark_06_14.wav,"elotnho ukvwiyuhi uthvkane nahski atsinohehskv'i; tunotsahlohtsehyenho nahski tuto'v'i; ale hi nuwehse elotv, tsani titawohski talehihsa uyohuhshv'i, ale nahski nvtikalhstohtiha uhskwanikhti thsiteulvwhihstaneha."
cherokee_new_testament/split_audio/mark_06_15.wav,"ikatvnho hi'a naniwehske'i, ilaya hi'a. ikatvnho hi'a naniwehske'i i atolehohski hi'a, ale khilo anatolehohski kehsv nahskiya'i."
cherokee_new_testament/split_audio/mark_06_16.wav,"elotvhskini uthvkanv, hia nuwehse'i; tsani hi'a, nahski ayv tsitsihskutehsvki; nahski tulehihsanhv uyohuhsv'i."
cherokee_new_testament/split_audio/mark_06_17.wav,"elotvyhenho uwahsv utanvhsvhi kese wuniyvhvhi kehse tsani, ale titahstutiyi ulhvlvhi kese'iai ahstvtihstihske elotihsi v unhvlhi' kwiliki utali'i; nahskiyeno atayhehe'i."
cherokee_new_testament/split_audio/mark_06_18.wav,"tsaniyenho hi'a iyuwehselvhi kehse elotv, vlha yituyukhti etsanhvlhi utali'i tsatayheha."
cherokee_new_testament/split_audio/mark_06_19.wav,nahski iyuhsti elotihsi' ahskake [tsani] ale yulhe'i; ahsenho vlha nahski ikvwatvhnti yikese'i.
cherokee_new_testament/split_audio/mark_06_20.wav,"elotyenho ulvkwtiyu kehse tsani, akhthahehyenho utanhthiyu ale nahskanhvna kehsv ahskaya, ale ukhsayhstiyu kehse'i v nahskino uthvkanv [alhtsitohvhskv soi utsathe tulvwhihstanele'i, ale ulhelitsvh athvtahstanehe'i."
cherokee_new_testament/split_audio/mark_06_21.wav,"ahitvnho nahski ikvtvnhti kehsv uhskwalvhv, nahski elotv utenv iyu ika utvnv'ihsthane kvwalhstayvnanehtiyi tsutseli unikvwiyuhi, ale anihskayekvhsta, ale tikekanelhti kelili anehi,"
cherokee_new_testament/split_audio/mark_06_22.wav,"nahskinho elotisi uwetsi athv uyvlhilv, ale ulhskihsv, ale elotv ale nahski itsulaha aninitlahta'i ohsiyu unyelvnhvvh ukvwiyuhi hi'a nuwehsele athv, skithayosi iyuhstikwo helihskv'i, takvnelinho."
cherokee_new_testament/split_audio/mark_06_23.wav,"uhselitanelenho [hia nuwehse'i,] iyuhstikwo helihskv skithayohsi, takvnelinho, nahskwo ayelhi iyvtv yiki nanhhakkwyh kesvihi ge-sv-i."
cherokee_new_testament/split_audio/mark_06_24.wav,"unukotsvnho hi'a winuwehsele utsi, kato tatsithayolhi? hiano nuwehsele'i, tsani titawohski ahskholi."
cherokee_new_testament/split_audio/mark_06_25.wav,"ikvwenvtvkwonho ulhihsti uyvlhilhe ukvwiyuhi aya'v'i, ale uthayole hi'a nuwehse'i, akwatuli khilakwo iyvtv hskinehtiyi, athelitokihi, tsani titawohski uhsko."
cherokee_new_testament/split_audio/mark_06_26.wav,"ukvwiyuhnho utsathi lhakw uyelvnhe'i; ahsenho uhselithanv'i, ale nahski itsulaha unanhtlatnvhi nvtsulhstohthane, vlha kvwakeyuhtohti yikese'i."
cherokee_new_testament/split_audio/mark_06_27.wav,"khilakwohno iyvtv ukvwiyuhi unvhse ayahwski v ale unhetse uhskho uniyohihstiyi a uwenvhsenho, ale wuhskutehse titahstutiyi aya'v'i,"
cherokee_new_testament/split_audio/mark_06_28.wav,"ale uyholhe uhsko athelitokihi kalhte'i, ale athv unhele'i; ahtvnho utsi unele'i."
cherokee_new_testament/split_audio/mark_06_29.wav,"kvwhstawatitohinho unathvkanv, uniluhtse ale uninese ayelv'i a ale atselihstv uninvne'i."
cherokee_new_testament/split_audio/mark_06_30.wav,"ketsinvhsitvnho unatalhihsanhe tsihsa etohv'i, ale kvwanonhele nikatv nunatvnelitolv' a ale nahskwo nuhstv' tunateyhonhv'i."
cherokee_new_testament/split_audio/mark_06_31.wav,"hiano ntuwehsele'i, itena itsvhsvkwo iyvtv witilohi inake tikesv'i, ale lheka itsatsawehsolvhsta; unitsatheyhenho ani'luhke ale taneke'i, vlhehno yatlatnvtatihske nahskwo unalhstayvhtiyi ikohitv."
cherokee_new_testament/split_audio/mark_06_32.wav,"tsiyuhinho unatsa'e'i, unanhikihse inake wunilohse utelitv."
cherokee_new_testament/split_audio/mark_06_33.wav,"yvwinho kvwanikohe ananhikihskv'i, ale unitsathe kvwolhke'i, ale elatikwo tunihskwalhthane nanhhittl wunilos tktuwatihsv nitotayunihlsvh, tekvwanikihyehno, ale wkwttlsanli. wi-gv-wa-da-tli-sa-ne-le-i."
cherokee_new_testament/split_audio/mark_06_34.wav,"tsihsanho utsa'ihsv, tukohe unitsathi yvwi, ale tuwetolitse'i, nvtikalhstohtihske awhi uninotena tanatselhakv nehvna tsikehso unikhthiya; ulenvhenho utsathi tsutalenhvtv tuweyhonhe'i."
cherokee_new_testament/split_audio/mark_06_35.wav,"nhahkwonho ulohsonhitena kehse ika, kwahstawatitohi kvwaluhtsele'i hi'a nuniwehse'i, anhi inake'i, ale nhahkwo ulohsonhiti ika."
cherokee_new_testament/split_audio/mark_06_36.wav,"thiyhelihihsta, nahski tatanelatihsv kvwathuwitv wani'lohi, ale tekatuwhatisv'i, ale wuniwhahi katu, vtleyhenho kohuhsti yaniyhe unalhstayvhti."
cherokee_new_testament/split_audio/mark_06_37.wav,"tunhetselenho hi'a nituwehsele'i, nihi titselhsta. hi'anho nikvwawehsele'i, tsiko tayotsehsi thalitskwi anikisi tsukvwalhti katu wv'tayokiwhahsi, ale totayotselhsthani?"
cherokee_new_testament/split_audio/mark_06_38.wav,"hano ntuwesele'i, hilako katu tetsiyheha? witsakhthanh unatolehohsvnho, hi'a nuhiwehse'i, hihski, tha'linho atsa'ti."
cherokee_new_testament/split_audio/mark_06_39.wav,tunetselenho unanhtlvtiyi nikatv itse khanehskohi kehsv' tsunatalhunhvtv.
cherokee_new_testament/split_audio/mark_06_40.wav,"unanhtlvnenho ohstv tunatanvnhhne'i ahskohitskwi, ale hihskahskohi tsuntalhunvtv."
cherokee_new_testament/split_audio/mark_06_41.wav,"hihskino katu tukihshv ale thali atsati tunehsv, kalvlati witukhanhahne'iav ale ulihelitse'i, alenvtukvhaluyhe katu, ale kvwhstawtitohi tunhele tsuninhehtiyi; tha'linho atsati nikatv tuyahthohele'i."
cherokee_new_testament/split_audio/mark_06_42.wav,nikatvnho unalhstayvnhe'i; ale tunolhvhse'i.
cherokee_new_testament/split_audio/mark_06_43.wav,"unuthehsenho ulikvhaluyhvhi thalatu tikhali'i thalutsa, ale nahskwo atsa'ti."
cherokee_new_testament/split_audio/mark_06_44.wav,nahskino na katu tsunikvhi' hihski iyakayvli iyvtv nani'e anihskaya.
cherokee_new_testament/split_audio/mark_06_45.wav,"kilakwono iyvtv tunvwihsthane kvhwstawatitohi tsiyuh unatsotiyi v ale ikvyi tsunihsohihstiyi, kwetsayiti wuniluhihstiyi, ahsikwo uwahshv' tayelihstihskv unitsathi."
cherokee_new_testament/split_audio/mark_06_46.wav,"tuyhelihihsthanvnho, otalv wulose utatolihsthanvhse'i."
cherokee_new_testament/split_audio/mark_06_47.wav,"uhsvnho nulshthanv tsiyu vtali ayelhi aninihse'i, uwahsvno toyi etohe'i."
cherokee_new_testament/split_audio/mark_06_48.wav,"tukohenho anikilhiyokv anikawehihv'i; wanikhthvhnho itisi tikanolvtihske'i. nhvhkinenho iyvtv aniyahwskv hsvnoyi tuluhtsele'i, vtali katu'i a'ise'i, ale yitulohihsele'i."
cherokee_new_testament/split_audio/mark_06_49.wav,"ahsenho wkvwakohv vtali katu'i a'ihsv'i, utselvnhvhi unelihse'i, ale unelhunhe'i."
cherokee_new_testament/split_audio/mark_06_50.wav,"(nikatvyhenho kvwakohe'i v ale unateyhahthanele'i.) khilakwono iyvtv tulinohehthane'i, ale hi'a nituwehsele'i, ukalhstikwo itsatanhthata; ayvkwo; lhehsti yitsihska'ihehsti."
cherokee_new_testament/split_audio/mark_06_51.wav,"ukhilhawhihsenho' witutsanele tsiyuhi; kanolvvhskvnho uhselikotse'ivv ale ulohsvhsthanvhi unatanhthehthane totsunatanhthv'i, ale unihskwanikohse'i."
cherokee_new_testament/split_audio/mark_06_52.wav,vlhayhenho yitunatanthelhe katu; tsuninawhiyheno tihstayiyu kese'i.
cherokee_new_testament/split_audio/mark_06_53.wav,"tunihsohtsvnho, kenihsilati wuniluhtse'i, ale unithalate'i."
cherokee_new_testament/split_audio/mark_06_54.wav,tsiyuhinho unatsa'ihsv khilakwo iyvtv kvwolhtse'i.
cherokee_new_testament/split_audio/mark_06_55.wav,"ale nanhhkwtwtv unetholei, ale' tsunitlvki tnntl titsehstokih tunitlvhte, wtaninhihe anatvkvhka' nanhahethvi. na-hna e-do-hv-i."
cherokee_new_testament/split_audio/mark_06_56.wav,"ale lvhtlv wika'luhki v tsusti' tekatuhv' v ale tsuthvna tekatuhv'i ale iyvtv titanelohi kehsv'i, tsunitlvki tekalanvtv taninv'vhske'i, ale kvwathayohsehe unahsvnhstiyi, kataluyathvkwo nahskw unhuwv'i; nani'vno nahski kvwahsvnhilvhi tunatiwhske'i."
cherokee_new_testament/split_audio/mark_08_01.wav,"nahiyunho unitsathi kehsv yvwi tskwiya kehsv iyuhsti, ale nunihvna kehsv unalhstayvhti v tsihsa wituyhanvhv kvhwstawtitohi, hi'a ntuwehsele'i;"
cherokee_new_testament/split_audio/mark_08_02.wav,"katsiyatolika unitsathi kehsv'i, nvtikalhstohti nhahkwo tso'i ika itsulaha oketolv'i ale nunihvna kesv unalhstayvhti;"
cherokee_new_testament/split_audio/mark_08_03.wav,iyunho yikatsiyanikihstiha totsunenvhsv yaneka nunalhstayvnhvna v wanaihsvkwo yitaniwanakaloki; ikatvyhenho' invhiyu totsunenv.
cherokee_new_testament/split_audio/mark_08_04.wav,"kvwhstawatitohinho hi'a nikvwawehsele'i v hatlv yitaki khilo nahski ika'i katu anhi inake'i, hi'a nahski yeli kvwanithvhtanhthi."
cherokee_new_testament/split_audio/mark_08_05.wav,"tutvtvnhenho hi'a nuwhse'i; hilako katu tetsiyheha i hi'anho nuniwehse'i, kalhkwoki."
cherokee_new_testament/split_audio/mark_08_06.wav,"tunhetselenho unitsathi katoh unahntlvtiyi; kalhkwokinho katu tukihsv, ale ulihelitsv, tukhaluyhe'i, ale kvhwstawtitohi tunhele' nahski ikvyititlv tsuninhehtiyi; ikvyititlvno tuninhele unitsathi yvwi."
cherokee_new_testament/split_audio/mark_08_07.wav,"ale ilvhski tsunhsti atsa'ti taninhehe'i, ulihelitshvnho unhetse nahski nahskwo ikvyititlv tsuninvthiyi."
cherokee_new_testament/split_audio/mark_08_08.wav,"unalhstayvnhenho, ale tunolhvhse'i; unuthehsenho ulikvhluyhvhi uthiyvhi kalhkwoki iyakhali'i thalutsa."
cherokee_new_testament/split_audio/mark_08_09.wav,unalihstayvnhvhinho nvhki iykayvli iyvtv nani'e'i; tuyelihihsthane'no.
cherokee_new_testament/split_audio/mark_08_10.wav,"ikvwenvtvnho tsiyuhi utsane anehe kvhwstawatitohi, ale taliminuta ahstv wuluhtse'i."
cherokee_new_testament/split_audio/mark_08_11.wav,"anikwalihsinho uniluhtse ale unalenvhe kvwahtvtvhelvne'i, kvwathayohsele tsunanukowhihsehtiyi uyelhtv kalvlati nvtaylohsvhi, kvwakoliyehske'i."
cherokee_new_testament/split_audio/mark_08_12.wav,utanhtokihino hawini huliyethane'ihv ale hi'a nuwehse'ivv katonho khohi hi'a tsaneha uyelhtv uniyhoha? utohiyuhya hi'a nitsvwehseha v vlha khvnikesv ikekvnhehti yikehsehsti uyelhtv hi'a khohi tsaneha.
cherokee_new_testament/split_audio/mark_08_13.wav,"tutanv'elvnho, ale hthaline tsiyuh utsanv, ahskhona wulose'i."
cherokee_new_testament/split_audio/mark_08_14.wav,"[kvhwstawatitohihno v unvkhewhsvhi kese katu tsunatenhtiyi, vlha ale yulohsvhste hsakwo katu unilhv tsiyuhi."
cherokee_new_testament/split_audio/mark_08_15.wav,"tunhetselenho hi'a nuwese'i, itsiyahwskehsti i anikwalihsi untseli akohtohti itseyahthotsehehsti, ale eloti utseli akothohti."
cherokee_new_testament/split_audio/mark_08_16.wav,"unvhsvnho kehsv unalhinohelhe'i hi'a nuniwehse'i, nvtikalhstohtiha katu nititiyhehvna kehsv'i."
cherokee_new_testament/split_audio/mark_08_17.wav,"tsihsano utolehohsv hi'a ntuwehsele'i, katonho itsalhinoheha katu nititsiyhehvna kehsv iyuhsti? ahsikwohsko nitsatolehohskvna iki'i ale nitsolhkvna iki? ahsikwohsko ahstaya nitetsvnhv titsinawhi?"
cherokee_new_testament/split_audio/mark_08_18.wav,"tetsikhanhvhsko, nitsikowhahthihskvnanho iki? tetsilihlkahsko, nitsathvkihskvna'nho iki? ale nitsanhtatihskvnahsko iki?"
cherokee_new_testament/split_audio/mark_08_19.wav,hihski katu takikvhaluyv hihski iyakyvli tetsinelv v hilako iyakhali thalutsa ulikvhaluyhvhi itsuthehse'i v thalatu ikvwohsele'i.
cherokee_new_testament/split_audio/mark_08_20.wav,"kalhkwokinho [katu] nvhki iyakyvli tetsinelv, hilak iyakhali thalutsa ulikvhaluyvhi' itsuthehse'i? kalhkwoki unatvnhe'i."
cherokee_new_testament/split_audio/mark_08_21.wav,"hiano ntuwehsele'i, kato kalhstohtiha nitsolhkvna tsiki?"
cherokee_new_testament/split_audio/mark_08_22.wav,"kwetsayitinho wuluhtse'i; tikhewino ahskaya kvwahthinhohele'i, ale unithayohsele nahski uhsvnhstiyi."
cherokee_new_testament/split_audio/mark_08_23.wav,"tikhewino uwoyhanehsv i katuhv unukowhise'i; tikhtholino tulitsihskwv, ale tuhsihthatv, kohuhstihsko hikowahtthiha? uwohsele'i."
cherokee_new_testament/split_audio/mark_08_24.wav,"tukhanhahnvnho, hia nuwehse'i, yvwi katsikowahthiha anekiha tetluhkv nahskiya'i."
cherokee_new_testament/split_audio/mark_08_25.wav,"nhahkwonho thaline tikhtholi tuhsihthate'i, ale tsukhanhtiyi nuwanhele'i; ale utiwhse'i, ale nani'v ohsiyu takowahthihske'i."
cherokee_new_testament/split_audio/mark_08_26.wav,"ale unhetsele tsuwenvhsv wulohihstiyi, hia nuwehse'i i lhehsti tkatuhv witsayvlhvki, ale lhehsti khilo katuhv ehi hinonhelvki."
cherokee_new_testament/split_audio/mark_08_27.wav,"tsihsanho unukotse ale nahski kvhwstawatitohi, sihsaliyi kwiliki tekatuhv wunilohse'i; wana'ihsvnho tuthvtvnhe kvhwstawtitohi i hi'a ntuwesele'i, kako kvkwohseho yvwi?"
cherokee_new_testament/split_audio/mark_08_28.wav,"hi'anho nuniwehse'i, tsani titawohski; ikatvhskini ilaya [anatiha;] ikatvnho, khilo' iyuhsti anatolehohski."
cherokee_new_testament/split_audio/mark_08_29.wav,"hianho ntuwehsele'i, nihinano kako hskiyohseha v kwitanho unhetsv hia nuwehsele'ihv kalonetv nihi."
cherokee_new_testament/split_audio/mark_08_30.wav,tunetselenho nahski khilo uninonhehtiyi nikehsvna.
cherokee_new_testament/split_audio/mark_08_31.wav,"ulenvhenho tuweyhone'i, nahski yvwi uwetsi' utsathi' tsutalenhvtv uki lhiyo'ihstiy; ale kvwayo'ihsehti kehsv tinilawiki, ale nunikvwiyuhsv atsilv-anelhohi ale tinowhelihski v ale atsi'ihstiyi kehsv'i, tso'inenho ika tsulehihsohti kehsv'i."
cherokee_new_testament/split_audio/mark_08_32.wav,nahskino hi'a kvnikehsv nuwehse'i. kwitanho uyanvhv ulenvhe ukvhskolvne'i.
cherokee_new_testament/split_audio/mark_08_33.wav,"ahsenho ukthahvhsv, ale kvwhstawatitohi tukhanhahnv, kwita ukvhskolvne'i, hi'a nuwehse'i, akwahsohthv halehvka hsetani; vtlayhehno unelhanvhi utseli 'kehsv ohsiyu yitsayelvha v yvwihskini unatseli kehsv'i."
cherokee_new_testament/split_audio/mark_08_34.wav,"wituyhanvhvnho yvwi, ale nahskwo kvwhstawtitohi v hi'a nituwehsele'i, khilo utulihskehsti akhstawatvhstiyi, uwahsv atatahyihehsti, ale uwahsv utseli tsutanhawatv ayihskehsti, ale akhstawatekesti."
cherokee_new_testament/split_audio/mark_08_35.wav,"khiloyheno utulihskehsti kvnhv uhstelhtiyi, nahski uyohuhsehehsti; khilohskini kvnhv uyohuhsehehsti ayv ale ohstv khanohetv nvtikalhstohtihskehsti, nahski atsihstelhti kehsehsti."
cherokee_new_testament/split_audio/mark_08_36.wav,"katoyhenho yunhehkwotsi yvwi, iyunho nikvnhathv elohi utseli yinulhsthanv v uwahsvnho utanhto yuyohuhselv?"
cherokee_new_testament/split_audio/mark_08_37.wav,ale kato yahvka yvwi yikanetliyvhsta utanhto?
cherokee_new_testament/split_audio/mark_08_38.wav,"khiloyheno akwatehohskehsti ayv, ale ayv tsinekv'i, utahsuyv anhi tinatayhonehi ale anihskana anehv'i, nahski nahskwo yvwi uwetsi utehohihsti kehsehsti, kaluhtsvha unhuwohstehsti kalvkwtiyu kehsv utota utselika v anehehsti ketsilvkwoti tinikhanhahwatitohi."
cherokee_new_testament/split_audio/mark_09_01.wav,"hi'an nituwehsele'i, utohiyuhya hi'a nitsvwehseha v nahski khilo' anhi tsitanitoka, vlha yvtvnatolehohsi ayohuhsti kehsv'i, khvnhi unikohvh hkehsehsti unelhanvhi ukvwiyuh kehsv' ulhiniktiyu kesv kaluhtsvha."
cherokee_new_testament/split_audio/mark_09_02.wav,"hsutalinho wnuhsvlhv tsihsa tuthinhvhse kwitahv ale tsimi v ale tsani', invnho ikathi otalv tunhahlthane iyvtv unvhsv kehsv'i; ale utanetliyvhse anikhthahv'i."
cherokee_new_testament/split_audio/mark_09_03.wav,"tsunhuwonho' tuthalukihske'i, utsathi tsunekiyu kese'i vnhtsi tsinunekiyv nahskiya'i; nahski' vlha khilo tikhkilohski anhi elohi ehi nahski itsunekv yinitokakvka."
cherokee_new_testament/split_audio/mark_09_04.wav,khvnikehsvnho nikvwantvnhele ilay ale mohsi; tsihsanho kvwalhinohehtihske'i.
cherokee_new_testament/split_audio/mark_09_05.wav,"kwitanho unhetsv hia nuwehsele tsihsa, thateyhohvhski v ohsiyu' ani tsitetoha; ale tso'i witotsilihtsothvka v sakwo nihi tsatselika, sakwonho mohsi' utselika, sakwonho ilaya utselika."
cherokee_new_testament/split_audio/mark_09_06.wav,vtlayhenho yakhthahe iyuwehstiyi; uhtsa thiye'no
cherokee_new_testament/split_audio/mark_09_07.wav,"ulokilvnho unhulhvthane'i v khanekvnho' ulokilv tsunanukotse'i, hi'a nikawehske'i v hi'a nahski tsikeyu'i akwetsi; nahski etsathvtahstasi."
cherokee_new_testament/split_audio/mark_09_08.wav,"khilakwono' iyvtv tunakhanhahnitolv, vlha nhhakwo khilo yunikohe'i, tsihsa uwahsv, ale unvhsv."
cherokee_new_testament/split_audio/mark_09_09.wav,"tsunikhso'ahsitihsvnho otalv'i, tunhetsel nahski khilo uninonhehtiyi nikehsvna nuhstv unikohv'i, khvnhi yvwi uwetsi uyohuhsv tsulehihsanhi kehsehsti tuwohsele'i."
cherokee_new_testament/split_audio/mark_09_10.wav,nahskinho nuwehsv unakhsahysthane'i v tanatathvtvhvhske kathkv ayohuhsv tilehihsohti kehsv'i.
cherokee_new_testament/split_audio/mark_09_11.wav,"kvwahtvtvnhenho hi'a nuniwehse'i, katonho tinowhelihski ilaya ikvyi takaluhtsi tsanatihsko'i?"
cherokee_new_testament/split_audio/mark_09_12.wav,"unhetsvnhoh hi'a nituwehsele'i v ilaya utohiyuhi ikvyi uluhihsti, ale nikatv uwolhvhihsohti; ale nahskwo hi'a nihkvnv kowel yvwi uwehtsi' atsnohskv'i, nashki utsathi tsutalenvtv ukilhyohsti kssti, ahle asekwo"
cherokee_new_testament/split_audio/mark_09_13.wav,"ahsenho hi'a nitsvwehsehahv ilaya utohiyuhi uluhtsv, ale nuhstv unatulihskv nikvwanelv, nahskiya nikvnhv kowhelv nahski atsinohehskv'i."
cherokee_new_testament/split_audio/mark_09_14.wav,"kvwhstawa'titohino' anetohv uluhtsv, unitsathi tukohe kvwantalhuwhihste'i v ale tinowhelihski kvwanathvtvhelhvihske'i."
cherokee_new_testament/split_audio/mark_09_15.wav,"kilakwonho iyvtv nikatv yvwi, kvwakohv, utsathi unihskwanikohse'i; kvwatlhaohelvnho kvwayolile'i."
cherokee_new_testament/split_audio/mark_09_16.wav,"tuthvtvnhenho tinowhelihski, kato tetsathvtvhelhv'vhska tuwohsele'i?"
cherokee_new_testament/split_audio/mark_09_17.wav,"ahsiyvwinho nahski unitsathi kehsv khela unhetsv hia nuwehse'i, thateyohvhski, kvyathinhohihsi akwetsi, uwakhewi atanhtho' uwe'i;"
cherokee_new_testament/split_audio/mark_09_18.wav,"ilvhtlvnho uhyilohihsi ukilhvhsko'i; ale tahawo'iho'i, ale tekalvtakihsko tekanhtohkv'i, ale ulvtehiho'i; ketsstawatitohinho katsithayohselv uninukowhihstiyi; ahsenho uninulvnhvkwo."
cherokee_new_testament/split_audio/mark_09_19.wav,"unhetselvnho, hi'a nuwehse'iai yo! nitsohiyuhsvna khohi tsitseha! hilako ikohitv itsvyelatitohehsti? hilako ikohitv unelaki itsvyelihsehehsti v anhi hiyathinhoka."
cherokee_new_testament/split_audio/mark_09_20.wav,"unathinohelenhovv ukohvnho khilakwo iyvtv atanhto ukilhvnhe'i; elatinho unvtse'i, ale tahawo'ihv alitihsvnhihe'i."
cherokee_new_testament/split_audio/mark_09_21.wav,"utvtvnhenho utota, hilako nikohiki nahski hi'a ikvwalhstanhelvhi? uwohsele'i. ayolhikwo kehsv'i, utvnhe'i;"
cherokee_new_testament/split_audio/mark_09_22.wav,"yanokiyunho atsilvyi ale asuyi uta'eko'i, nahski uhihstiyi; iyuhskininonv kohuhsti ketsatvnhti kehsehsti, skistoliki, ale skihstelv."
cherokee_new_testament/split_audio/mark_09_23.wav,"tsihsanho hia nuwehsele'i, iyunho ketsohyuti kehsehsti, nikatiyu kohuhsti' ikayekatvnhehti kohiyuhvhski."
cherokee_new_testament/split_audio/mark_09_24.wav,"khilakwonho' iyvtv ayolhi utota uwelhunhe'i, ale tikvkhsawo'ihi hi'a nuwehse'i v tsakvwiyuhi, ko'iyuhvhska; skihstelvhsi' nakwohiyusvna kesv'i."
cherokee_new_testament/split_audio/mark_09_25.wav,"tsihsanho ukohv nahski unitsathi ananelukihskv anatalhihsihskv'i, uhskatse' kataha atanhto, hihayanuwehsele'i, tsvkhewa ale titsali'ena atanhto, kvnetsheha, ehinuko'i, ale lhehsti nhahkwo ilvhiyu tsihiyvlhi."
cherokee_new_testament/split_audio/mark_09_26.wav,"[atanhtonho] uwelhunhvai ale utsathi ukilhvnhv, unukotse'i; ale uyohuhsvhikwo nahskiya kese'i; nahski iyuhsti unitsathe, ayohuhi, anatihske'i."
cherokee_new_testament/split_audio/mark_09_27.wav,"ahsenho tsihsa uwoyhanehsv, tulehthane'i, ale tulenhe'i."
cherokee_new_testament/split_audio/mark_09_28.wav,"kalhtsotenho wiuyvlhv, kvhwstawtitohi unvsv kesv kvwahtvtvnhe'i, katonho ayv vlha kayotsinukowhihsti yikehse'i? unatvnhe'i."
cherokee_new_testament/split_audio/mark_09_29.wav,"hiano ntuwehsele'i, hi'a nahski iyuhsti vlha yvkayekanukowha v kvnhi atatolihsthanvhi ale amalhi kvnhvhi tsikehso'i."
cherokee_new_testament/split_audio/mark_09_30.wav,"unanhikihsvnho nanhahni, kelili ayelhi unilohse'i; vlhanho yutulihske khilo utolehohihstiyi."
cherokee_new_testament/split_audio/mark_09_31.wav,"tuweyhonhyeno kvhwstawtitohi v ale hi'a nituwehsele'i, yvwi uwetsi tatsiyohi teketsiyohihs yvwi. ale takvwhali; ale onhi nhahkwo atsilvhi kehsehstiai totvalehihsanhi tso'ine ika."
cherokee_new_testament/split_audio/mark_09_32.wav,ahsenho vlha yunolhtse nahski nuwehshv ale anihska'ihe unathvtvhtiyi.
cherokee_new_testament/split_audio/mark_09_33.wav,kekwaninho uluhtsilhe'i; kalhtsokanho aya'v tuthvtvnhehi kato nahski tsitsinhohehskv' itsvhsv kehsv a tita'ihsv'i.
cherokee_new_testament/split_audio/mark_09_34.wav,ahsenho elhaweyikwo unvhse'i; tina'ihsvnho aninhohehske unvhsv kehsv nahski utli' atsilvkwotiyu kehsv'i.
cherokee_new_testament/split_audio/mark_09_35.wav,"uwenhvnho, thaltu iyanitv wituyhanvhe'i, ale hi'a nituwesele'i, iyunho khilo ikvyi iyulhstohtiyi utulihskehsti, nahski' onhiyi akaletohti kesehsti nani'v'i, ale nani'v kvwanvhsitohi kesehsti."
cherokee_new_testament/split_audio/mark_09_36.wav,"ayolhino wuyhanvhv, aninv ayelhi uwekhanhe'i; unhulholnho hi'a nituwehsele'i,"
cherokee_new_testament/split_audio/mark_09_37.wav,"khilo ahsiyvwi hi'a iyunhsti tiniyolhi tatanilvkehst ay ayv takwato'v nvtikalhstohtihskehsti, ayv takwatanilvkehstivi khilonho ayv takwatanilvkehsti i vlha ayv yitakwatanilvkehsti, nvtvkinvhsitvhskini tatanilvkehsti."
cherokee_new_testament/split_audio/mark_09_38.wav,"tsaninho unetsele'i, hi'a nuwehse'i, thateyhohvhskiav otsikohvki ahsiyvwi anihskina tekanukowhihskvki tetsato'v khtihskvki; vlhanho yikihstawatitoha; otsinvhstatelvkinho nikihstawatekvna kesv iyuhsti."
cherokee_new_testament/split_audio/mark_09_39.wav,"ahsenho tsihsa hia nuwehse'i, lhehsti etsinvhstatelvki; vtlayheno yeha khilo takwato'v khtihski uhskwanikhti tsulvwhihstanehiav nahski ikvwenvtv uhsonv' kvkhine'ihstohti."
cherokee_new_testament/split_audio/mark_09_40.wav,"khiloyhenho nahski nikatlutihskvna tsikehso, nahski ikalikonhehi kehso'i."
cherokee_new_testament/split_audio/mark_09_41.wav,"khiloynho ama ulihskwiti akhali'i itsatithahsti itsinenhehi ayv takwato'v nvtikalhstohtihskehsti, kalonetv etsatseli kehsv iyuhsti, utohiyuhya itsvyohseha, vlha uyohuhsehti yikehsehsti akakuyv'ehti kehsv'i."
cherokee_new_testament/split_audio/mark_09_42.wav,"ale khilo ahsiyvwi hi'a tsunsti kehsv nahski tsikvkwohiyuhvhska tokotehstihskehsti, utli' ohsiyu iyulhstanhehti ahstohski nvya yatsiyalhanv v ale amekwohi yiwaka'ta'inv."
cherokee_new_testament/split_audio/mark_09_43.wav,"iyu ale tsoyeni tetsotehstihskehsti, hihskwalhskehstihv utli ohsiyu itsalhstanehti tsakolani kvnhitv tikehsv' yiwitsayvlhv, anho itsula tikehoyati tsvhskino yiwitsayvlhv, nanhhatsly kaktlttisti nikhesvhna; ni-ge-sv-na;"
cherokee_new_testament/split_audio/mark_09_44.wav,"nanhhuntsl tsiskoyv nklwokvn tikehsvi, alhe' atslv nkvtlskvna tihkehsvi. di-ge-sv-i."
cherokee_new_testament/split_audio/mark_09_45.wav,"iyu ale tsalahsihteni totsotehstihskehsti, hihskwalhskehsti; utliyhenho ohsiyu itsalhstanhehti hiyo'ulhi kvnhitv tikehsv yiwitsayvlhv'i anho itsula tiketsalahski tsvhskino yiwetsata'inv, nanhhatsly kakv tlahtatihsti nksn; ni-ge-sv-na;"
cherokee_new_testament/split_audio/mark_09_46.wav,"nanhhuntsl tsiskoyv nklwokvn tikehsvi, alhe' atslv nkvtlskvna. ni-gv-tlo-s-gv-na."
cherokee_new_testament/split_audio/mark_09_47.wav,"iyu ale hikhtholi totsotehstihskehsti, hatakhtheto'ihskehsti; utliyhenho ohsiyu itsalhstanhehti hsakwokwo hyikhanv unelhanvhi utselikohi' yiwitsayvlhv anho itsula yithihkhanhv tsvhskinho atsilvhyi yiwetsata'inv;"
cherokee_new_testament/split_audio/mark_09_48.wav,"nanhhuntsl tsiskoyv nklwokna tikehsvi, alhe' atslv nkvtlskvna tikhehsvi. di-ge-sv-i."
cherokee_new_testament/split_audio/mark_09_49.wav,"nani'vyno atsilv kvhti ~ama ketsinvtlayeti kehsehsti, ale nika'v atsilv-kelhsti i ama kanvliyeti kehsehsti."
cherokee_new_testament/split_audio/mark_09_50.wav,"ama ohsiyu; ahsenho ~ama yutsihskolhv kato yitsvka nutsihskolhvna yinitsvka? ~ama' itsihltsvhi kehsehsti, ale thohiyi nitsvnhehsti itsehv'i."
cherokee_new_testament/split_audio/mark_10_01.wav,"nanhahno tulenhv, tsutiy kata ahvi uluhtse'i, tsotani ahskonititlv tsulohihsthane'i i ale unitsathi yvwi thaline ikvwatalhihsanele'i; ale iyutvnhti kehsv nutvnele'i v tha'line tuweyhonhe'i."
cherokee_new_testament/split_audio/mark_10_02.wav,"anikwalihsinho kvwaluhtshelv kvwahthvtvnhe'iav hi'a nuniwehse'i, tuyukhtihsko ahskaya uta'invtiyi utali'i? kvwakoliyehske'i."
cherokee_new_testament/split_audio/mark_10_03.wav,unhetsvnho hi'a nisuwehsele'i v kato uhste itsinetsel mohsi?
cherokee_new_testament/split_audio/mark_10_04.wav,hi'ano nuniwehse'iyv mohsi ulhskolhthane kowhelotiyi' tokalenvhv'i v ale ata'invhtiyi.
cherokee_new_testament/split_audio/mark_10_05.wav,"tsihsanho unhetsv, hi'a nituwehsele'i, tihstayiyu kehsv iyuhsti titsinawhi hi'a nahski tikhanhahwatvhsti itsowhelanele'i;"
cherokee_new_testament/split_audio/mark_10_06.wav,"titalenihskvhskini uwelhvnhvnvhi, unelhanvhi ahskaya ale akeyhv tuwolhvnhe'i."
cherokee_new_testament/split_audio/mark_10_07.wav,"nahski iyuhsti ahskaya tekvtekehsti utota ale utsi, ale utali'i atlatwhstihskehsti;"
cherokee_new_testament/split_audio/mark_10_08.wav,"nahskino anithalih sakwokwo kehsehsti unikwetalhv'i; naskino' vlha nhahkwo anithali yiki, sakwokwohskini unikwetalhv'i."
cherokee_new_testament/split_audio/mark_10_09.wav,nahski iyuhsti' unelanvhi tsuwutahthanvhi tlehsti yvwi tsukalenhthanvki.
cherokee_new_testament/split_audio/mark_10_10.wav,kalhtsotenho aniya'v kvwhstawatitohi thaline ikvwahthvtvnhe nahski ukvwalhi.
cherokee_new_testament/split_audio/mark_10_11.wav,"hi'anho nituwehsele'i a khilo utali'i ata'ekehsti, ale nvwatale atayhekehsti, nahski atayhonehehsti ahskanvtsehehsti' nahski."
cherokee_new_testament/split_audio/mark_10_12.wav,"iyu' ale akeyhv uyhehi ata'ekehsti, ale nvwatale tanahtsekehsti, nahski atayhonehehsti."
cherokee_new_testament/split_audio/mark_10_13.wav,"tsunhstinho tiniyolhi tekvwathinohele'i, nahski tsuhsvnhstiyi; kvhwstawtitohinho tunikvhskolvne nahski tsunahthinolhvhi."
cherokee_new_testament/split_audio/mark_10_14.wav,"tsihsahskini ukohv utsathi svhska uyelvnhe'i, ale hi'a ntuwehsele'i v unelaki tetselihsehehsti tsunhsti tiniyolhi kvkiluhtsehtiyiai ale lhehsti yititsinvhstatehehsti; nahskiyhenho nunahsti unelhanvhi utselikohi."
cherokee_new_testament/split_audio/mark_10_15.wav,"utohiyuhya hi'a nitsvwehseha, iyunho khilo unelhanvhi ukvwiyuhi kehsv nitatanilvkvna ikehsehsti nahskiya ayolhi tsitatanilvko'i, vlha' nanhahywkyh. yi-wv-gv-yv-ha."
cherokee_new_testament/split_audio/mark_10_16.wav,"tunehsvnho ale tuhsithatv, ohstv tunhetsele'i."
cherokee_new_testament/split_audio/mark_10_17.wav,"unhikihsvnho kanvnhv wuluhtsv, khilo' iyuhsti utlho'elvki, ale tulhinikwanvnelvki, uthvtvnhe hi'a nuwehsele'i, hohstv thateyohvhskihv kato takatvneli ulhskwatihsti nikehsvna kvnhitv akwatseli iyulhstohtiy?"
cherokee_new_testament/split_audio/mark_10_18.wav,"tsihsanho hia nuwehsele'i, katonho hohstv ihskwohseh ayv? vlha khilo ohstv yiki, sakwo uwahsvhiyu, nahski unelhanvhi."
cherokee_new_testament/split_audio/mark_10_19.wav,"tehikhthaha tikhanhahwtvhsti, nahski, lhehsti tsatayonelvkile lhehsti tsatalhvkiav tlehsti tsanohskisvki, lhehsti kayhkoki tsanohelhvki, lhehsti tsatalonuhelhvki v tsatota ale tsatsi tehi'lvkwtehsti."
cherokee_new_testament/split_audio/mark_10_20.wav,"unhetsv'n hia nuwehsele'i, thateyohvhski, hi'a nahski nikatv takhskwanikothanv tsitshutsa kesv nvtakvwatalenvtv."
cherokee_new_testament/split_audio/mark_10_21.wav,"tsihsanho tukhanhahnv, ukeyuhiyu nulhsthane'i, ale hia nuwehsele'i v sutaleki tsalulavi hena whinatuka nika'v kohuhsti tsanha'v'ihv ale uyo iyunatvnhahteki kinelvha, tsohsvnho witsahehsti tsukvwalhti; ale thehsvha, tsutanhahwatv hiyvhvhahi ale skhstawatehsvha."
cherokee_new_testament/split_audio/mark_10_22.wav,uyonho uyelvnhe nahski natsiwehselv i ale ehihsti kvwatanhthi utanvhse'i; utsathihyenho unhahai.
cherokee_new_testament/split_audio/mark_10_23.wav,"tsihsanho uthuwhitv tukhanhahnitolv, hi'a ntuwehsele kvwhstawatitohi, nahstaya tsukvwalhti unihi unelahvhi utselikohi wuniyvhstiyi."
cherokee_new_testament/split_audio/mark_10_24.wav,"kvhwstawatitohino kvwahskwanikohsele nahski nuwehsv'i. ahsenho tsihsa thaline i'unhetsv i hi'a ntuwehsele'i, titsiyolhi. nahstaya nahski kenhv'ihsti kesv analhskahstohtihski, unelanvh utselikohi wuniyvhstiyi."
cherokee_new_testament/split_audio/mark_10_25.wav,"utli ahitiyu khemili yvk kahsanhenatvtiyi ukhthvlehihstiyi, anho uwenhahi yvwi unelhanvhi utselikohi wuyvhstiyi."
cherokee_new_testament/split_audio/mark_10_26.wav,ulohsvhsthanvhinho unihskwanikohske'i v hi'a nitanatawehsehe'i v kakokhe yeli kayetsihstelhti?
cherokee_new_testament/split_audio/mark_10_27.wav,"tsihsanho nahski tukhanhahnv, hia nuwehse'i, yvwi kehsv nahski ikvtvnhti nikehsvna, unelhanvhihskini kesv vlha; unelhanvhyenho kehsv nika'v kohuhsti ikvtvnhti."
cherokee_new_testament/split_audio/mark_10_28.wav,"nhahkwonho kwita ulenvhe hi'a nuwehsele'i, khvnhiyukwo ayv nikatiyu okhtetsonv, ale nihi itsvhstawatenv."
cherokee_new_testament/split_audio/mark_10_29.wav,"tsihsanho unhetsv hi'a nuwehse'i v utohiyuhiya hi'a nitsvwehseha, vlha khilo yeha nahski uwtetsvhi ikehsehsti atanelv'i, ale analhinvtli, ale tsuto, ale utota, ale' utsi, ale' utali'i, ale tsuwetsi, ale tulokehsv'i, ayv kehsv nvtikalhstohtihskehsti, ale ohstv khanohetv nvtikalhstohtihskehsti,"
cherokee_new_testament/split_audio/mark_10_30.wav,"nahski khohi kehsv atsinehti nikehsvna kehsv ahskohitskwi iyuwakhti' ulosvhsti tatanelv'ihi ale analhinvtli, ale tsuto, ale tsutsi, ale tsuwetsi, ale tekalokehshv'i, akilhiyo'ihsti kehsv thali utvti v so'iyinho tikehsv' ulhskwatihsti nikehsvna kvnhitv."
cherokee_new_testament/split_audio/mark_10_31.wav,"ahsenho unitsatha nahski ikvyi tsiki i onhi kehsehsti; onhinho tsiki, ikvyi kehsehsti."
cherokee_new_testament/split_audio/mark_10_32.wav,"kanvnhvnho ana'ise tsiluhsilimi tsanikhthe'i a tsihsanho ikvyi tuwenv'ele'i; unihskwanikohsenho; nasknohskanalhstawatihsv anihska'ihe'i a thalinenho tuyanvhv thalatu iyanitv, ulenvhe tunonhele nahski iyulhstanhelitahsti kehsv'i."
cherokee_new_testament/split_audio/mark_10_33.wav,[hi'a nikawehske'i;] khvnhiyukwo tsiluhsilimi witikhthi v ale yvwi uwetsi totayetsiyohsi nunikvwiyuhsv atsilv anelhohi ale tinowelihski totaketsiyohihseliav ale totakvwukhtaneli uyohuhihstiyi i ale tsunatalenhvtv yvwi witotvniyohihseli;
cherokee_new_testament/split_audio/mark_10_34.wav,"ale takvwahsotlv'ihsthani, al takvwalivnhili, ale totakvwalitsihskwi, ale takvwhali; tso'ineno ika tha'line totvalenhi."
cherokee_new_testament/split_audio/mark_10_35.wav,"tsiminho ale tsani, tsekwiti tsuwetsi kvwaluhtshele'iav hia nuniwehse'i, thateyhohvhski, skinatuliha ihskinatvnhehtiyi nuhstv' ihstvthayohsehti kesv'i."
cherokee_new_testament/split_audio/mark_10_36.wav,"hianho nituwehsele'i, katonho ihstatuli ihstvyatvnhehtiyi?"
cherokee_new_testament/split_audio/mark_10_37.wav,"hanho nikvwawehsele'i, skinalihskolhtahsi, nahski' tsokinitiyi, ahsiyvwi hikhthihsititlv, so'inho hikhskanititlv, tsatseli kalvkwtiyu kehsv'i."
cherokee_new_testament/split_audio/mark_10_38.wav,"ahsenho tsihsa hi'a nituwehsele'i, vlha yihstikhthaha nuhstv ihstithayohihv'i. tsisa yelikwo kehstatithahsti ulihskwiti nahski akwatithahsti tsiki v ale tikayehstawohsti nahski titawohsti kehsv nahski vkwawohstohti tsiki?"
cherokee_new_testament/split_audio/mark_10_39.wav,"hi'anho nikvwawehsele'i, yelikwo. tsihsanho hi'a nituwehsele'i, utohiyuh tahstatithahi ulihskwiti nahski ay akwatithahsti tsiki, ale titawohsti kesv ayv vkwawohstohti tsiki v nahski totayehstawohsthani;"
cherokee_new_testament/split_audio/mark_10_40.wav,"uwehtiyihskini akwolhv tsikathihsi ititlvav ale tsikahskani ititlv, vlha ayv akwatanhehti yiki; unvhsvhskini nahski kekatvnhv'ihstanelvhi tsiki"
cherokee_new_testament/split_audio/mark_10_41.wav,"ahskohinho iyanitv unathvkanv, unalenvhe utsathi ehska tuniyelvnanele tsimi ale tsani."
cherokee_new_testament/split_audio/mark_10_42.wav,"ahsenho tsihsa wituyhanvhv hi'a nituwehsele'ihv itsikhthaha nahski unikvwiyuhi ketsiyelvi kesv tsunatalenhvtv yvwi tanewatihsv'i, tikvwananelhtohtiyi nanvnheho'i; tsunilvkwtinho kesv kvwanatalinehiteho'i."
cherokee_new_testament/split_audio/mark_10_43.wav,"nihihskini itsehv vlhehsti nahski yinitsvnhehsti; khilohskini atsilvkwoti iyulhstohtiyi utulihskehsti, nahsk etsinvhsitahsti kehsehsti."
cherokee_new_testament/split_audio/mark_10_44.wav,ale khilo nihi nitsatvnhv nukvwiyuhsv iyulhstohtiyi utulihskehstihv nahski nikatv kvwanvsitohi kehsehsti.
cherokee_new_testament/split_audio/mark_10_45.wav,"nahskwoyhenho yvwi uwetsi vlha yuluhtsv kohuhsti akatvnhehtiyi, kohuhstihskini utatvnhehtiyi, ale kvnhv tsuyohihstiyi' tsukuhytohtiyi unitsathi."
cherokee_new_testament/split_audio/mark_10_46.wav,"tselikonho uniluhtse'i, ale nahski tseliko i'unukotsv ale nahski kvhwstawtitohi, ale unitsathi yvwi, tikhewi kwatimiya, nahski timiya uwetsi v uwolhe nvnohuhlti atulatihske'i."
cherokee_new_testament/split_audio/mark_10_47.wav,"uthvkanvnho nahski tsisa nahselthi' ehi kehsv'i, ulenvhe uwelhunhe, hia nuwhse'i, tewi uwetsihi tsihsa, hskitoliki."
cherokee_new_testament/split_audio/mark_10_48.wav,"unitsathenho kvwakvhskolvne kvwhanetsele elhaweyi' uwvtiyi v ahsenho utlikwo ika'i uwelhunhe'i, tewi uwetsi hskitoliki, atihske'i."
cherokee_new_testament/split_audio/mark_10_49.wav,"tsihsanho ulewhihsthanv unhetse watsiyantiyi. uniyanvheno tikhewi v hi'a nuniwehsele'i, ukalhstikwo hatanhtata v thalehvka; titshayaniha."
cherokee_new_testament/split_audio/mark_10_50.wav,"nahskino uta'inv unhuwo tulenhe'i, ale tsihsa wuluhtsele'i."
cherokee_new_testament/split_audio/mark_10_51.wav,"tsihsanho unhetsv ha nuwehselei, kato tsatuli kvyatvnhehtiyi? tikhewinho hi'a nuwehsele'i, tsakvwiyuhi, v'akikowhahthvhtiyi [akwatuliha.]"
cherokee_new_testament/split_audio/mark_10_52.wav,"tsihsano hi'a nuwehsele'i v henakwon; tsohiyuhsv tsahstelv. kilakwonho iyvtv kvwakowhahthvhti nulhsthane'i, ale uhstawatvhse tsihsa a'ihsv'i."
cherokee_new_testament/split_audio/mark_12_01.wav,"ulenvhenho tuwonhthane talhilohstihskv'iai khilo iyuhsti thelvlti tuwhihse'i, ale uhsoyhile kvwathuwhitv, ale uhskohse kikake-atithahsti kolhvhtiyi i ale unhehskehe inv ikathi, ale tutholhsthane tlokehsi tsunilvwhihstanehi, ale' inv wulohse'i."
cherokee_new_testament/split_audio/mark_12_02.wav,"unvnhihstiyinhowikehsv iyu'iai unvhse unvhsitahsti tlokehsi tsunilvwhihstanehi tinehv'i, nahski tlokehsi tsunilvwhihstanehi nvtakvwanehtiyi unhehkwotsvhi thelvlati tawhihsvhi."
cherokee_new_testament/split_audio/mark_12_03.wav,"ikvwaniyvhenho, ale ikvwali'vnhile'i, ale ahsvha ikvwanhikihsthane'i."
cherokee_new_testament/split_audio/mark_12_04.wav,"thalinenho nvwatale unvhsitahsti unvhse tinehv'i; nahskinho nvyakwo tokvwansthane'ihv ale ikvwahsonvnhe' ahskholi, ale ikvwanhikihsthane utehohihsti ikvwanelvhi."
cherokee_new_testament/split_audio/mark_12_05.wav,"thalinenho nvwatale unvhse'i; ale nahski unilhe'i i ale unitsathe nvwanatle'i; ikatv tanili'vnhihi, ikatvnho tanihihe'i."
cherokee_new_testament/split_audio/mark_12_06.wav,"ahsinoh sakwo uwetsi' ehe'i, ukeyuhi, nahski nahskwo unvhse onhiyi tinehv'i, hi'a nuwehse'i, ahse tvnilvkwthani akwetsi."
cherokee_new_testament/split_audio/mark_12_07.wav,"ahsenho nahski na tlokehsi tsunilvwhihstanehi, hi'a nitunatawehsele'i, hi'a nahski tsukvwalhti wuthiyelihihsti kehsv'i; kha, etiluka, htsukvwalhthinho uthiyehti ikatselika kehsehsti."
cherokee_new_testament/split_audio/mark_12_08.wav,"kvwaniyvhvnho kvwalhe'i, ale thelvlati tawhihsv toyititlv wikvwata'invhse'i."
cherokee_new_testament/split_audio/mark_12_09.wav,"katonho nahski tvtvneli thelvlati tawhihsv utselika? takaluhtsi ale totvthvhthani nahski tlokesi tsunilvwhihstanehi, ale nvwanatale totvnheli thelvlati tawhihsv'i."
cherokee_new_testament/split_audio/mark_12_10.wav,"tlahskonho yitsikoliyeo hi'a nahski tsinikvnhv tsikowhela? nahski nvya, tinanhehskehski uniyo'ihselvhi nukvwiyuhsv unhvhsiyv ahti nulhsthanv;"
cherokee_new_testament/split_audio/mark_12_11.wav,"nahski hi'a yihwa nutvnelv, ale uhskwaniktiyu tetakhanihskv'i."
cherokee_new_testament/split_audio/mark_12_12.wav,"unanelhthanenho kvwaniyhtiyi, ahseno unitsathi yvwi tanihska'ihe'i; anikhthaheyenho unvhsv ketsitvkv nhahski tulhilohsthanv'i; ikvwatanvelenho ale tunenvhse'i."
cherokee_new_testament/split_audio/mark_12_13.wav,"tuninvhsenho wikvwalutsehtiyi khilo iyunahsti anikwalihsi ale elotv kvwahstelihski, unihsatvtiyi' unatulihske kawonihskv'i."
cherokee_new_testament/split_audio/mark_12_14.wav,"uniluhtsvnho, hi'a nikvwawehsele'i, thateyohvhski, otsikhthaha tuyukhtv hiwonihskv kehsv'i, ale khilo nithenayehskvna kehsv'i; vtlayhehno nunahstv yvwi yithelvkwto'i, unelanvhihskini unvnhv utohiyuhsv tehateyhohvhsko'i; tuyuhktihsko ayelhi anakhuyihskv hsihsa akuyv'ehtiyi, tlakhe?"
cherokee_new_testament/split_audio/mark_12_15.wav,"tayotsinhitsu, lhahkhe yvtayotsinhivi ahsenho akhthahe unatlonahstv'i, hi'a ntuwehsele'i, katonho ihskkoliyeha? ehskivhsi akihsi tsukvwalhti' nahski akikowhahthvhtiyi."
cherokee_new_testament/split_audio/mark_12_16.wav,"uniyolhenho. hianho nituwesele'i, kako hi'a takatlilohsti, ale kako atsinoheha hi'a tsikawhela v sihsa, ikvwohsele'i."
cherokee_new_testament/split_audio/mark_12_17.wav,"tsihsanho unhetli hi'a nsuwehsele'i, sihsa etsakuyvhsi hsihsa utselika, unelhanvhino unelhanvhi utselika. ikvwahskwanikohselenho."
cherokee_new_testament/split_audio/mark_12_18.wav,"nokwale anihsatuhsi ikvwaluhtsele'i, nahski ayohuhsv vlha tilehihsohti yiki anatihski; ale ikvwahthvtvnhe'i, hi'a nuniwehse'i."
cherokee_new_testament/split_audio/mark_12_19.wav,"thateyohvhski, mohsi okowhelanelvki hi'a nokiwehselvki, analinvtli khilo ayohuhskehstihv ale utali'i ikakhahiyahskehstiai tsuwetsinho nitikakhahiyahskvna ikehsehsti, analhinvtli' ayhanihskehsti utali'i, ale nahski analhinvtli tsuwetsi tatvhihstanehehsti."
cherokee_new_testament/split_audio/mark_12_20.wav,"nahskinho kalhkwoki analhinvtli anehvki; ikvyhihnho ehi utehsvnhvki, ale uyohuhsvki tsuwetsi nanehvna."
cherokee_new_testament/split_audio/mark_12_21.wav,"thalinenho wehi nahski utayhvhsvki, ale uyohuhsvki; nahskwonho nahski' vlha tsuwetsi yituwekhahiye'i; ale nahskiya nhskwo tso'ine wehi."
cherokee_new_testament/split_audio/mark_12_22.wav,"ale nahski kalhkwoki iyanitv unatayhvsvki, ale vlha yitunihkhahiye tsunetsi; oniyinho akeyhv nahskwo uyohuhse'i."
cherokee_new_testament/split_audio/mark_12_23.wav,"tsuniyohuhsvhinho tsunalehihsohti kesv'i, nahiyu nahski hi'a tanalehihsanhvha, kako utali kehsehsti nahski hi'a? kalhkwokihyenho iyanitv anatayehvki."
cherokee_new_testament/split_audio/mark_12_24.wav,"tsihsanho unhetsv hi'a nituwehselvki, tlahsko yitsilitahstiha, yinvtikalhstohtiha nitsolhkvna kehsv kowheli, ale unelhanvhi ulhiniktiyu kehsv'i?"
cherokee_new_testament/split_audio/mark_12_25.wav,"nahiyuhyenho tsunalehihsohti kehsv tsuniyohuhsvhi, vlha yitanatehsvhvhsko'i, vlha ale yitiketsiyeko'i; kalvlatihskini anehi ketsinvhsitahsti nunahstv nahskiya nunhsti."
cherokee_new_testament/split_audio/mark_12_26.wav,"tsuniyohuhsvhinho nahski tsunalehihsohti kehsv'i; lhahsko yitsikoliyo mohsi utseli kowhelihi, nahski uweyhohtatv unelhanvhi ulhinohehthanv'i, hi'a nuwehselv'i, ayv akwanelhanvhi ekwahami utselikaav ale akwanelanvhi esiki utselika, ale akwanelanvhi tsekakwi utselika."
cherokee_new_testament/split_audio/mark_12_27.wav,"vtla tsuniyohuhsvhi unatseli unelhanvhi yiki, tinvnhothskini unatseli unelhanvhi; nahski iyuhsti utsathi itsilitahstiha."
cherokee_new_testament/split_audio/mark_12_28.wav,"tinowelihskinho kehsv ahsiyvwi' uluhtselv, uthvkanv analhinohehskv'i, ale utolehohsv ohsiyu nuwehsv tunhetselv'i, utvtvnhe'i, kato uhsti utli kalvkwtiyu nikatv tikhanhahwatvhsti kehsv'i? utvnhe'i."
cherokee_new_testament/split_audio/mark_12_29.wav,tsihsa unhetsele hia nuwehselei v utli kalvkwti nikatv tikhanhahwtvhsti kehsv hi'a nahski; hathvkvka ihsili; yihowa ikanelanvhi sakwohiyu yihowa;
cherokee_new_testament/split_audio/mark_12_30.wav,"ale hikeyuhsehsti yihowa tsanelhanvhi hvtihskehsti nikhv tsanawhi, ale nikhvtsatanhto, ale nikhv tsatanhthehtiyi, ale nika'v tsalhinikvkv'i. hi'a nahski wutakonatv'tv kalvkwti tikhanhahwatvhsti."
cherokee_new_testament/split_audio/mark_12_31.wav,"thalinenho kehsi, nahskiyakwo i hi'a nahski nuhsti, tsvhsv nitsatakeyusv nahskiya nikeyuhsehsti na'v itihstatala. vlha nvwatale tikhanhahwtvhsti yaha utli ikalvkwti ehskakwo nahski."
cherokee_new_testament/split_audio/mark_12_32.wav,"tikowhelihskinho hi'a nuwehsele'i; kha, thateyhohvhski v tuyukhtv nhiwi; sakwokwoyhenho eha unelhanvhi; vlha ale nvwatale yeha nahski uwahsvhiyu;"
cherokee_new_testament/split_audio/mark_12_33.wav,"nahskino akeyhtiy khtohtiy nikhv nawhiyi, ale nikhv atanhthehtiyi, ale nikhv atanhto, ale nika'v nolhinikvkv'i, ale na'v iyunatala uwahsv utakeyuhsv nahskiya ukeyuhtiyi, utli kalvkwtiyu ehskakwo nikatv tikvwanohstv atsilv tikelhstohti, ale alhskohltohti."
cherokee_new_testament/split_audio/mark_12_34.wav,"tssano ukohv akahthanhahai ihyuwestiyinuwehsv unhetsv'i, hi'a nuwehsele'i, vlha invhiyu yinitsatvnhahteka unelhanvhi utselikohi kehsv'i. nahiyunho iyutalenvtv vlha khilo kohuhsti kvwathvtvhti yikehse'i."
cherokee_new_testament/split_audio/mark_12_35.wav,"tsihsanho unhetsv tateyohvhskv uthvnvtikalawihstiyi, hia nuwehse'i; katonho tinowhelihski kalonetv tewi uwetsi, tsanatihsko'i?"
cherokee_new_testament/split_audio/mark_12_36.wav,"tewiyhenho uwahsv hkalvkwtiyu atanhto' uweyhohvhskv hi'a nuwehse'i, yihowa hi'a nuwehsele akwatseli ukvwiyuhi, tsikathihsi ititlv tsolhehsti khvnhi ketsskaki titsalahsihtiyi kahskilo nikatsiyvnelvha."
cherokee_new_testament/split_audio/mark_12_37.wav,tewiyheno uwasv ukvwiyuhi' ikohseha; katonho tikalhstohtiha uwetsi iki? unitsathinho yvwi unalihelitsvhi kvwahthvtanele'i.
cherokee_new_testament/split_audio/mark_12_38.wav,"hianho nituwehsele tateyohvhskv'i, tetseyhtotsehehsti tinowelihski ohsiyu tsuniyehlv tikanvhitv tsunanhuwa'i unetahstiyi, ale ketsiyolihstiyi tikantohtiyi,"
cherokee_new_testament/split_audio/mark_12_39.wav,"ale nukvwiyuhsv tekahskilv tikalawi'ihstiyi, ale nukvwiyuhsv tsunanhtlvtiyi tanalhstayvhvkv'i;"
cherokee_new_testament/split_audio/mark_12_40.wav,"nahski tsitanihsvnheho tsunohsulotsvhi taninelv'i, ale unatlonahstv kohitiyu tsanatatolihstihsko'ihv hi'a nahski utli ika'i unikilhiyo'ihsti tikekukotanhti kehsehsti."
cherokee_new_testament/split_audio/mark_12_41.wav,"tsihsanho uwolhe atelv-tihtiyi tsuyukhti, ale ukohe nanatvnehv yvwi atelv tanihvhskv atelv-tihtiyi; unitsathino tsunenhahi utsathi tanihvhske'i."
cherokee_new_testament/split_audio/mark_12_42.wav,"khilono' iyuhsti uyo iyutvnhahteki uwohsulotsvhi uluhtsv, tha'li akinuthti iyatanhthehti unhe'i, nahski ayelhi iyatanhthehti ika'i tsiki."
cherokee_new_testament/split_audio/mark_12_43.wav,"wituyhanvhvnho kvwhstawtitohi, hi'a nituwehsele'i, utohiyuhya hi'a nitsvwehseha i hi'a nahski uyo iyutvnhahteki uwohsulotsvhi utli' ika'i ahvka ehskakwo nikatv nahski atelv-titiyhi tsanihvka."
cherokee_new_testament/split_audio/mark_12_44.wav,"nikatvyhehno utsathi unihv unotsaletv anihvka; nahskihskini-unhikitv kehsv ahvka nikatv' uhv'i, nikatv ulhstelhtohti uhv'i."
cherokee_new_testament/split_audio/mark_13_01.wav,"kanukohenho utvnv-tikalawi'ihstiyi, ahsiyvwi nahski kvwhstawatitohi hi'a nuwehsele'i v thateyohvhski, khvniykwo na niteuhsti nvya ale ni'teuhsti tatane-lv'i?"
cherokee_new_testament/split_audio/mark_13_02.wav,"tsihsanho unhetsv ha nuwehsele'i, tehikowahthihsko hi'a nahski tsekwa tatanelv'i? vlha hsakwo nvya khanohiyvhi yikehsehsti ytutahsalhahehsti, nahski nikohvhthanvna yikehsehsti."
cherokee_new_testament/split_audio/mark_13_03.wav,"oliwayonho uhsahilhv uwolhv'i, utvnvtikalawi'ihstiy atanelv tsuyukhotivh kwita, ale tsimi, ale tsani, ale eniti, unvhsv kehsv kvwahthvtvnhe'i, hia nuniwehse'i,"
cherokee_new_testament/split_audio/mark_13_04.wav,"skinohvhsi, hilakiyu nahski hi'a ntakalhsthani v ale kato uyelhtv kehsehsti nahiyu hi'a nahski nikatv uliyilohihsti kesv'i?"
cherokee_new_testament/split_audio/mark_13_05.wav,"tsihsanho tunhetshelv, ulenvhe hi'a nuwehse'i, itseyhahthahehsti, lhehsti khilo tsitsilonuhelhi."
cherokee_new_testament/split_audio/mark_13_06.wav,"unitsathehstiyhenho ayv takwatohstv ani'luhihstihskehsti, hi'a naniwehskehsti v ayv nahski; ale unitsathehsti tanilonuhehskehsti."
cherokee_new_testament/split_audio/mark_13_07.wav,"itsathvkihskehstinho tanhvwa i ale aninhohelhitohv tanhvwa, lhehsti yitsateyhahthanehehsti v nahskiyhenho ahse iyulhstohti; ulhskwatihstiyihskini kehsv asi kesehsti."
cherokee_new_testament/split_audio/mark_13_08.wav,"tsunataletvyheno yvwi totvnalenhi totvnatatluthani v ale ayelhi tekolhvwatihsv totvnatatluthani; ale katohi tahlthelvnhitohehsti, ale takonulohsitohehsti ale uteyhahtohti nikalhsthanitohehsti i hi'a nahski atalenihskv akilhiya."
cherokee_new_testament/split_audio/mark_13_09.wav,"atina itseyhahthahehsti; tanilawi'vhyenho teketsiyohskehsti; tsunithawihstiyinho tetsilivnhihehsti; ale nunikvwiyuhsateki ale unikvwyuhi aninv tsetsathenhohihsti kehsehsti ayv kesv nvtikalhstohtihskehsti, nahski kohiyuhtihski tsunikhthileki."
cherokee_new_testament/split_audio/mark_13_10.wav,ohstvnho khanohetv ikvyi nikvnhatv tsunehwatihsv yvwi alhtsitohti kehsehsti.
cherokee_new_testament/split_audio/mark_13_11.wav,"ale nhhakwo tetsathinhekehstivv ale tetsiyohskehsti, lhehsti ikvyi kayehi yitselihihskehst itsiwehstiyi itsinhe'ihstiyi, ale lhehsti ikvyi kayehi yitsatanhthehskehsti; nuhstvhskini wihiyu kesv etsinelv nahski itsinekehsti; vtlayenho nihi yitsaneko'i, kalvkwtiyuhskini atanhto."
cherokee_new_testament/split_audio/mark_13_12.wav,analhinvtlinho tuyohskehsti analhinvtli uyohuhihstiyi; ahskayanho uwetsi tuyohskehsti; ale tikekanvki tanalehvhskehsti tsunikayvlike tanatlutihskehsti v ale nahski nanvnhihsihskehsti teketsihehsti.
cherokee_new_testament/split_audio/mark_13_13.wav,"ale nikatiyu yvwi ketsihskaki kesehsti ayv tsukwato'v nvtikalhstohtihskehsti a khilohskini kvlhskwatihski tikhanhahwateki, nahsk atsihstelhti kehsehsti."
cherokee_new_testament/split_audio/mark_13_14.wav,"itsikowhthihskehstihskini uhska'ihsti athvhtihski tenil atolehohski unhe'ihsthanvhi, katokehsti nanhhkvwlt nikesvna, (kihlo akhliyskst kolihkehsti,) nhahkwo tstihyi nini analisha totsohtal wanilsvh. wa-ni-lo-sv-ha."
cherokee_new_testament/split_audio/mark_13_15.wav,"ale khilo kahsanali ukhi'lehsti, lhehsti yvtitloskehsti atanelv wiyayvhihehsti v ale lhehsti nanha hwiyyvhihehsti wukihstiyi kohuhst unhahv kanelv'i."
cherokee_new_testament/split_audio/mark_13_16.wav,ale khilo tlokehsi etohi lhehsti ytiutsvhsehsti unhuwo yunehsolhehsti.
cherokee_new_testament/split_audio/mark_13_17.wav,"ale uyo'iyu iyunalhstanhehti tininelitv, ale tsunhsta'i nahiyu kehsehsti."
cherokee_new_testament/split_audio/mark_13_18.wav,ale itsatatolihstihskehsti itsithayohihehsti kola itsalihstiyi nikehsvn iyulhstohtiyi.
cherokee_new_testament/split_audio/mark_13_19.wav,"nahiyuhyenho kehsehsti akilhiya' ehehstihi nashki kolhvnhvhi nahsk unelhanvh tsuwolhvnhe nvtakvwatalenhvtv khohi iyahsti vhlha nahski iyuhsti yutenho'i, vlha ale utehti yikehsehsti."
cherokee_new_testament/split_audio/mark_13_20.wav,"ale ukvwiyuhi nitukolatvna yikehse nahiyu' ika, vlha ukwetalhi yikayetsihstelvhe'i v kekahsuyetvhskini nvtikalhstohtihavv nahski tsuhsuyetv kehsv'i v nahski tukola'tv nahiyu ika."
cherokee_new_testament/split_audio/mark_13_21.wav,nhahkwonho' iyu khilo hi'a nitsiwehselvha v khvnhiyukwo anhi kalonetv; ale kvnhiyukwo nanhahni; lhehsti itsohiyunhvki;
cherokee_new_testament/split_audio/mark_13_22.wav,"kalonetvyhenho unatselvhi ale anatolehohski unatselvhi tvninanukothsihs ale aninanukowhihskehst uyelhtv ale uhskwanikhti e nahski tsnlnhtyi, iyunho yeli yiki, nhskwo kekahsuyetv."
cherokee_new_testament/split_audio/mark_13_23.wav,nihihskini itseyhahthahehstiuv khvnhiyukwo nikatv nitsvnonhelv.
cherokee_new_testament/split_audio/mark_13_24.wav,"nahiyuhskini kehsehst, ulohsonhehsti nahski akilhiya, nvto' ika ehi tvhlsihvhsi, ale nvtoh svnoyi' ehi vlha ika yuthehsteti;"
cherokee_new_testament/split_audio/mark_13_25.wav,ale nokwsi anikhalv kalvlohi aninvko'skehstisi ale unitsathe kalvlo tsanikhala tvnalhthelvnhi.
cherokee_new_testament/split_audio/mark_13_26.wav,"nhahkwonho tvnikohi yvwi uwetsi tsa'isehsti ulokilv'i, unhuwohstehsti utsathi ulhiniktiyu kesv' ale kalvkwtiyu kehsv'i."
cherokee_new_testament/split_audio/mark_13_27.wav,"nhahkwonho totknvhsi tsutseli tinikhanhahwtitohi, ale totakalhihsanhi kekahsuyetv tsutselika witotvyhanvhi nvhki nitotikalohskv unole, elohi wulhsthinilhv ntayutalenvtv kalvlonho wulhsthinilhv wikaluhki."
cherokee_new_testament/split_audio/mark_13_28.wav,"itsatelhokwanho hsvkhtha-iyuhsti tluhkv talhilohsthv'iai uwanikalhv nhahkwo utake nikalhsta, ale tsikalhstuhvhsko'i v itsikthaho koki navnhiyu kesv'i;"
cherokee_new_testament/split_audio/mark_13_29.wav,"nahskiya nahskwo nihi, nhahkwo itsikowahthihskehsti hi'a nahski nikalhsthanitohv'i, itsikthahehsti nvnhiyu kehsv'i, kalohihstiyikwo kehsv'i."
cherokee_new_testament/split_audio/mark_13_30.wav,utohiyuhya hi'a nitsvwehseheav hi'a nahski kohi tsaneha vlha yvtvnilohsonhi kvnhi hi'a nahski nikatiyu nikalhsthanvha.
cherokee_new_testament/split_audio/mark_13_31.wav,kalvl ale elohi tvnilohsonhi; ayvhskini akhinetsv vlha yvtakalohsonhi.
cherokee_new_testament/split_audio/mark_13_32.wav,"nahiyuhskini ika kesv ale iyu khalawatihsv vlha khilo yakhthaha, vlha nhskwo tinikhanhahwatitohi kalvlati anehi, lha nakwon uwetsi, akayvlikehskini uwahsv."
cherokee_new_testament/split_audio/mark_13_33.wav,"itseyhahthahehsti, itsiyahwskehsti ale itsatatolihstihskehsti; vlhayhenho yitsikhthaha iyu kesv'i."
cherokee_new_testament/split_audio/mark_13_34.wav,"[yvwiyhenho uwetsi] nahskiyakwo ahskaya tsanhikihsko ilvhtlv tseko'i, nahski tsikteko kanelv'i, al anikhthiya tsinitekvnheho tsunhvhsitahsti, ale anihsiyvwiha tsuni lvwihstanhti tsitanheho'i v ale kalohihstiyi akhthiya tsikhanetseho uyahwtiyi."
cherokee_new_testament/split_audio/mark_13_35.wav,"nahski iyuhsti itsiyawihskehsti; vlhahyeno yitskahthaha iyukwo uluhihstiyi kanela v uhsv'i, ale hsvnoyi ayelhi, ale tsathaka aniyvhkv'i, ale hsunale'i;"
cherokee_new_testament/split_audio/mark_13_36.wav,"yika'luhkiyheno yayelo'ihsta, yvtsiwhahthvhta itsilhina'v'i."
cherokee_new_testament/split_audio/mark_13_37.wav,"nahskinho hi'a nihi tsinitsvwehseha, nahski nikatvkwo nikatsiwehsehav itsiya'wskehsti."
cherokee_new_testament/split_audio/mark_14_01.wav,"tha'lino winuhsvlhv khanohiyvki tilhstayvhtiyi ale nakothanhvn katu akihstiyi uhskwalhti kese'i, nunikvwihsvno atsilvanelhohi ale tinowhelihski uniyhole iyuntvnhtiyih kalonuhetv untohtiyi uniniyhtiyi, ale unihihstiyi."
cherokee_new_testament/split_audio/mark_14_02.wav,"ahsenho vlhehsti tilhstayvhtiy iyu ika kehsv'i, yanahltelvhvkayheno yvwi, unatvnhe'i."
cherokee_new_testament/split_audio/mark_14_03.wav,"kwetiniyinho etohe'i, awani atayehski utlvtsvhi kanelv'i, kanhvhkenho alihstayvhvhske'i i akeyhv uluhtse ayhehe kuku nvya unekv kolhvhthanvhi atlihste atloneti nata tsutitv, utsathi tsukvwalhtiai ale ulohsv' kukuhi ale ulonethane ahskholi."
cherokee_new_testament/split_audio/mark_14_04.wav,"khilonho unatahsuye unvyhutse totsunatanhthv'i, ale hi'a nuniwehse'i, katonho hi'a atsewoki atloneti?"
cherokee_new_testament/split_audio/mark_14_05.wav,yuninatinvhseyhenho nahski hi'a atloneti tso'itsukwi anikihsi tsunkvwalhti ulohsvhsti yitulikvwalhane'iav ale uyo iyunatvnhahteki tiknhehti yikese'i. ale kvwakonelohihsele'i.
cherokee_new_testament/split_audio/mark_14_06.wav,"tsihsanho ha nuwehse'i, unelaki; ka'tonho i'etsateyahthohtiha? ohsiyu teulvwhihstasi tsinakwvka."
cherokee_new_testament/split_audio/mark_14_07.wav,uyoyhehno iyunatvnhahteki nikohilv ketshelatitohaav ale iyukwo itselihskv'i ohstv yinitetsatvnhihsi i ayvhskini' vtla nikohilv yitsvyelatitoha.
cherokee_new_testament/split_audio/mark_14_08.wav,nika'v ikvwatvnhti kesv natvkaav ikvyi kayehi ka'luhki ulonetiyi tsiyele vkinihsohtiy ukvwalhi.
cherokee_new_testament/split_audio/mark_14_09.wav,"utohiyuhya hi'a nitsvweseha, ilvhitlv hi'a nashki ohstv khanohetv alhtsitoti nikalhstihskehsti elohi nikvnatv'i, hi'a nahski tsinatvka nahskwo uninheti kehsehsti nahski akanvtatihstohti."
cherokee_new_testament/split_audio/mark_14_10.wav,"tsutahsinho ihykalati, ahsiyvwi nhski thalatu iyanitv kesv'iai uwenvhse nunikvwiyusv atsilv-anelhi tininv'i, nahski tsuyohihsehtiyi."
cherokee_new_testament/split_audio/mark_14_11.wav,unathvkanvnho ohsiyu uniyelvnhe'i a ale unithuhstanele atelv tsuninhehtiyi. uyholenho ohstv utltanvttehtiyi tsuyohihsehtiyi.
cherokee_new_testament/split_audio/mark_14_12.wav,"ikvyiyinho ika nakohthanvna katu akihstiyi, nahiyu unilhv khanohiyeki tilhstayhtiyi, kvhwstawtitohi hi'a nikvwawehsele'i, hatlv tsatuli' wokatvnv'ihstohtiyi, khanohiyeki tsalhstayvhtiyi'?"
cherokee_new_testament/split_audio/mark_14_13.wav,"tunvhsenho anithali kvhwstawatitohi, ale hi'a ntuwehsele'i, tikatuhv ihstena, totatsatlohshinho ahskaya ayhehehsti athelito' ama atlihstehsti; ehstihstawatesvha."
cherokee_new_testament/split_audio/mark_14_14.wav,"ilvhitlnho wayvlhvha, hi'a nehstiwehselvha ahskaya kanela, titeyohvhski hi'a nikaweha v hatlv anetohi uniyvhstiyi, nanhahakhanohiyek itsulh oklhstayty kvkstawahtthi. gv-gi-s-da-wa-di-do-hi."
cherokee_new_testament/split_audio/mark_14_15.wav,"tahstahsehelinho uthvnv kalvlati khanvhsulv'i, kayula kvnhahi, al atvnv'ihsthanvhi; nanha hskiyatvnv'ihstanelvha."
cherokee_new_testament/split_audio/mark_14_16.wav,kvwhstawatitohinho unenvhse' ale tikatuhv wuniluhtse'i i ale wuniwhahthvhe nahskiya nituwehselv'i; unatvnv'ihsthanenho khanohiyeki tilhstayvhtiyi.
cherokee_new_testament/split_audio/mark_14_17.wav,uhsvno nulhsthanv uluhtse tathenehe tha'lat iyanitv.
cherokee_new_testament/split_audio/mark_14_18.wav,"nahskino aninvhlhatai ale analhstayvhvhske'i, tsihsa hi'a nuwehse'i, utohiyuhya hi'a nitsvwehseha, ahsiyvwi hi'a tsinitsatvnhv itsulaha tsohstalhstayvhvhska, tvkwatluthani."
cherokee_new_testament/split_audio/mark_14_19.wav,"unalenvhenho uyo uniyelvnhe'i, ale hi'a nikvwwehsele'i, sakwo kvwesvtv, tsiko ayv? nvwatalenho, tsiko ayv? atihske'i."
cherokee_new_testament/split_audio/mark_14_20.wav,"unhetsvnho hi'a ntuwehsele'i, ahsiyvwi thaltu itsitv kehsv nahski itsulaha athelitokihi tsohstahsuwhahska."
cherokee_new_testament/split_audio/mark_14_21.wav,yvwi uwetsi utohiyuh uwenvhsti nahskiya nikvnhv kowhelv atsinohehskv'i; ahsenho uyo'iyu iyulhstanehti nahski ahskaya yvwi uwetsi atlutihski! ohsiyu yikehse iyunho nahski ahskaya nutenhvnakwo yikehse'i.
cherokee_new_testament/split_audio/mark_14_22.wav,"analihstayvhvhskvnho tsihsa katu ukihsv i ale ulihelitsv, ukvhaluyhe'i, ale tunhele'i, ale hia nuwese'i i itsiki, itsika; hi'a nahski' ayv tsiyelv'i."
cherokee_new_testament/split_audio/mark_14_23.wav,"ale ulihskwiti ukihsv, ale' ulihelitsv, nahski tunhele'i v nikatvnho nahski unatithahe'i."
cherokee_new_testament/split_audio/mark_14_24.wav,hianho nituwehsele'iai hi'a nahski ayv akikikv itsv khanohetv tatlohihstv'i i nahski unitsathi tsikekatsewelv.
cherokee_new_testament/split_audio/mark_14_25.wav,"utohiyuhya hi'a nitsvwehseha, vlha nhahkwo ilvhyu yvkakatitha thelvlati unanukowhihsvhihv khvnhi nahiyu ika itse katithahvha unelhanvhi utselikohi."
cherokee_new_testament/split_audio/mark_14_26.wav,"tuninhokihsvnho, uninukotse oliwayo' otalv wunilohse'i."
cherokee_new_testament/split_audio/mark_14_27.wav,"tsihsanho hi'a ntuwehsele'i, nitsi'v nihi totatsotelhi kohi hsvnoy tsiki v ayv kehsv nvtikalhstohtihskehsti; hi'ayheno nihkvnv ikwhla, ahwi tikathiya tatsiyvnili, uninotenano"
cherokee_new_testament/split_audio/mark_14_28.wav,"ahsenho nhahkwo tikwalenhvhi kehsehsti, ikvyi tatsvyenv'eli kelili iyvtv."
cherokee_new_testament/split_audio/mark_14_29.wav,"ahsenho kwita ha nuwesele'i, nahskwo nikatv yitunotehsthanv, ayv ahse vlha."
cherokee_new_testament/split_audio/mark_14_30.wav,"tsihsano hia nuwehsele'i'i utohiyuhya hi'a nikvwehsehaav nahski khohi ika, ale kohikwo hsvnoyi v ahsi thaline naniyvhkvna tsathaka, tso'i nvtahskwatahyili."
cherokee_new_testament/split_audio/mark_14_31.wav,"ahsenho utli ulhinikitv unhetse hia nuwehse'i, iyunho nahskwo itsulaha tikiniyohuhihsti yiki, ahse' vlha yvkakvyatayikaav nahskiya nahskwo nuniwehse nikatv."
cherokee_new_testament/split_audio/mark_14_32.wav,"kesemininho tuto'v uniluhtse'i v hi'anho nituwehsele kvwstawatitohiav anhi itsinehsti, wiktatolihstihskv ikohitv."
cherokee_new_testament/split_audio/mark_14_33.wav,"tuthenhvhsenho kwita ale tsimi ale tsani v ale ulenvhe utsathi uteyhahthanele'i, ale utsathi ehihsti utanvhthate'i;"
cherokee_new_testament/split_audio/mark_14_34.wav,"ale hi'a ntuwehsele'i, akwatanhto utsathi uteyhahthaneha ayohuhihsti nahskiya'i; anhi' itsinehsti, ale itsiyahwskehsti."
cherokee_new_testament/split_audio/mark_14_35.wav,"uhstikitvnho iyvtv i'uwenv, elati utanvne'i i ale utatolihsthane', uhthayolhe'i, hnahski yeli ikvwalhstohti yiki, nahiyu khsv ulohisehtiyikwo."
cherokee_new_testament/split_audio/mark_14_36.wav,"ale hia nuwehse'i, akwa, etota, nihi, kehsv' yelikayakwo iketsatvnhti nika'v'i; skihvhsikwo hi'a nahsk ulihskwiti; vtlahskininonv ayv akwatulihskv'i, nihihskini tsatulihskv'i."
cherokee_new_testament/split_audio/mark_14_37.wav,"i'uluhtsenho ale tuwahthvhe anilhinae'i, ale hia nuwehsele kwita, sawani, hilhihakwotsu? tlahsko hsulhilotvkwo ikohitv nahskwo ketsayawhihsti yikese'i?"
cherokee_new_testament/split_audio/mark_14_38.wav,"itsiyahwskehst ale itsatatolihstihskehsti nahski lhehsti utalenahstiyi witsinnkotsvki; atanhto utohiyuhi utvnv'ihsti, ukwetalhvhskini awanakalahiyu."
cherokee_new_testament/split_audio/mark_14_39.wav,"thalinenho iyvtv wulosv, utatolihsthane'i v nuwesv' nahskiya winuwese'i."
cherokee_new_testament/split_audio/mark_14_40.wav,"ti'uluhtsvnho tuwahthvhe tha'line anilhinai, tinikhtholihyehno tikaktiyu kehse'i, vtl ale yinikhthahe iyuniwehstiy uninetshehtiyi."
cherokee_new_testament/split_audio/mark_14_41.wav,"tso'ineno wituluhtsele'i v ale hi'a nituwehsele'i, ketsilhinehstikwo nhahkwo i ale itsatsawehsolvhsta; nhahkwo kalohson-nhahakwo ahskwalv nahiyu kehsv'i; kvnhiyukwo yvwi uwetsi anihskana teketsiyohihsi."
cherokee_new_testament/split_audio/mark_14_42.wav,"titsalehvka, itena; khvnhiyukwo akwatlutihski ehskanhiyu taya'i."
cherokee_new_testament/split_audio/mark_14_43.wav,"khilakwono' iyvtv ahsikwo kawenihske'i, tsunalvkotse, tsutasi, ahsiyvwi thalatu iyanitv kehsv'i tathinehe unitsathi, ayelhsti-tikanvhit al at tininehi, nvtakvwaninvhsitv nunikvwihysv atsil-anelhohihv ale tinowelihski, ale tinilawiki."
cherokee_new_testament/split_audio/mark_14_44.wav,"utlutihskino kvnikehsv itsuwanhelvhi kehse unatolehohihstotivi hi'a iyuwehsvhi kehse'i, khilo tsiyathutsalhanvha v nahski kehsehsti, svtsiniyvhvha, etsathinhawitvhvha kvwatutalehsti nikehsvn netsvnehsti."
cherokee_new_testament/split_audio/mark_14_45.wav,"uluhtsvkwonho khilakwo iyvtv wuluhtsele'i, ale hia nuwes, htiskwyhski, tihskweyhohvhski; ale uthutsalhane'i."
cherokee_new_testament/split_audio/mark_14_46.wav,"tekvwahsihthatenho', ale kvwaniyvhe'i."
cherokee_new_testament/split_audio/mark_14_47.wav,"ahsiyvwinho nav anitonhahi, ayelhsti-kanvhitv ulvhe'i, ale nukvwyuhsv atsilv-kelhohi unvhsitahsti uluyhe' ale ulihstehsthane'i."
cherokee_new_testament/split_audio/mark_14_48.wav,"tsihsano unetsv hi'a ntuwehsele'i, tsiko kanohskihski tsvtsetsiniyvhihso nahskiya itsi'luhki, titsinehi ayelhsti-tikanvhitv ale ata ayv hskiniyvhoka?"
cherokee_new_testament/split_audio/mark_14_49.wav,"nitukitsvnhihsv' itsvyelatitohvki uthvnv-tikalawihstiyi, tekateyohvhskvki, ale vlha yihskiniyvhe'i; utohiyuhtihskininonv nikvnhv kowhelv'i."
cherokee_new_testament/split_audio/mark_14_50.wav,nikatiyunho kvwahtetshone'i e ale unalihse'i.
cherokee_new_testament/split_audio/mark_14_51.wav,khilono iyuhsti awinv uhstawatvhse'i v tholetv anhuwo utakwenvte uyelvha kehsv'i; aniwinvnho kvwaniyvhe'i.
cherokee_new_testament/split_audio/mark_14_52.wav,"toletvnho anhuwo uniye'i, ale uyelvha tulihthi'ele'i."
cherokee_new_testament/split_audio/mark_14_53.wav,"tsihsano nukvwihysv atsilv-kelhohi tsuwolhv wunathinvhsthane'i; nahskino tekvwalawi'e nikatv nunikvwiyuhsv atsilanelhohi v ale tinilawiki, ale tinowhelihski."
cherokee_new_testament/split_audio/mark_14_54.wav,"kwitano ke iyvtv uhstawatihse'i, nahski nukvwiyuhsv atsilv-kelhohi tikanhelv wuyvlhe'i, uwolhenho ktsinvhsitahsti ani'nv'i v ale kothv ukanawohske'i."
cherokee_new_testament/split_audio/mark_14_55.wav,"nunikvwiyuhsvnho atsilv-anelhohi ale nikatv tanilawi'v uniyhohe uninhelhvhi tsihsa utlutihski, nahski unihihstiyi, unatlohtsenho."
cherokee_new_testament/split_audio/mark_14_56.wav,"unitsatheyhenho kayhkoki aninhohehski kvwatlutihske'i, ahseno aninhohehskv vlha ulhoyi yikehse'i."
cherokee_new_testament/split_audio/mark_14_57.wav,"tunalenheno khilo iyunahsti ale kayhkoki uninhohelhe kvwatlutihskv'i, hi'a naniwehske'i;"
cherokee_new_testament/split_audio/mark_14_58.wav,"okatvkanvki hi'a nikhawehskvki, tatsiyohsthani hi'a uthvnv-tikalawihstiyivi nahski tikoyi tikhthanvhi kolhvnhvhi, tsoikwonho tsuhsvhitv tvtsiylitoli tvkanehskehi nvwatale tikoyi tikhthanvhi nikehsvna."
cherokee_new_testament/split_audio/mark_14_59.wav,ahsenho nahskwo nahski uninhohelhi vlha ulhoyi yikese'i.
cherokee_new_testament/split_audio/mark_14_60.wav,"nukvwiyuhsvnho atsilv-kelhohi ayelhi ulenhv, utvhtvnhe tsihsa, ha newehse'i, tlahsko kohuhsti yatiha? kato nahski hi'a tsaninhoheha ketsatlutihskv'i?"
cherokee_new_testament/split_audio/mark_14_61.wav,"ahsenho elhawekwo uwahse'i, ale' vtla kohuhsti yutvnhe tsvnhetse'i. nukvwiyuhsvnho atsilv-kelhohi thaline uthvtvnhe, ale ha nuwehsele'i v nihihsko kalonetv, atsilvkwoti uwetsi?"
cherokee_new_testament/split_audio/mark_14_62.wav,"tsihsanho hi'a nuwese'i, ayv nhahski; ale tayetsiko'i yvwi uwetsi uwolhehsti akhthihsi' ititlv ulhinikitv kehsv'iyv ale tsaihsehsti ulokilv kalvlo'i."
cherokee_new_testament/split_audio/mark_14_63.wav,"nukvwiyuhsvno atsilv-kelhohi tunhuwa'v tuwetsakalvhe'i, hia nuwese'i, katonho' ahsi yitikatuli aninohehski?"
cherokee_new_testament/split_audio/mark_14_64.wav,itsathvkvka ahsotlv'ihstihskv'i i kato itseliha? nikatvnho tekvwukhtanele yelikwo kvwayohuhihsti kehsv'i.
cherokee_new_testament/split_audio/mark_14_65.wav,"ikatvnho unalenvhe tekvwaltsiskwske'i, ale ukhathv kvwulhvnehe'ihi ale ahskwinhv tekvwanitihske'i, ale hi'a nikvwwesehe'i, hatolehohi; ale ketsinvhsitahsti tekvwanhihe'i."
cherokee_new_testament/split_audio/mark_14_66.wav,"kwitanho elatitlv nanhhatnl etohei, uluhtse' asihyw hkyv nukvwyhsv atslv-kelohi unsitashti. u-nv-si-da-s-di."
cherokee_new_testament/split_audio/mark_14_67.wav,"nahskinho ukohv kwita ukanawohskv'i v tukhanhahne'i, ale hia nuwehse'iav nihi nahskwo tsihstetohvki tsihsa nahseliti ehi."
cherokee_new_testament/split_audio/mark_14_68.wav,"ahsenho utayhile'i, hi'a nuwesi, vlha yitsikathaha, vlha ale yikolika niwehskv'i. unhukotsenho toyititlv wayotalhahv wulohse'i; tsathakanho uyvhlse'i."
cherokee_new_testament/split_audio/mark_14_69.wav,"athvnho thaline ukohe'i, ale ulenvhe hi'a nituwehsele na'v anitona'i a hi'a nahski na-hna ge-la."
cherokee_new_testament/split_audio/mark_14_70.wav,"thalinenho utayhile'i. nikohilvna'nho onhi naski na'v anitona'i thaline hi'a nuniwehsele kwita, utohiyuhi nihi nanhahhela v keliliyn hehi, hahle kwnskv htloyi iki. i-gi."
cherokee_new_testament/split_audio/mark_14_71.wav,"ahsenho ulenvhe uhskinvte ale uhselithane hia newehse'i, vlha yitsikathaha na ahskaya nahski tsetsinoheha."
cherokee_new_testament/split_audio/mark_14_72.wav,"thalinenho uyvlhse tsathaka. kwitanho untate tsihsa nuwehsv'i, hi'a tsinuwehsele'i i ahsi tsathaka tha'li nuyvlhsvna kehsehstihs tso'i nvtahskwatayiliav nahskinho utanhthelhv tutloyhile'i."
cherokee_new_testament/split_audio/mark_15_01.wav,"kilakwonho' iyvtv wukitsvnv nunikvwiyuhsv atsil-anelhohi, ale tsunathvhsonhvhi, ale tinowelihski, ale nikatv tinilawiki unalhinohelhv unalhvle tsihsa, ale unhthinhawitvhe'i, ale kwaleti wituniyohihsele'i."
cherokee_new_testament/split_audio/mark_15_02.wav,"kwaletinho utvtvnhe hia nuwehsele'i, nihihsko tsakvwiyuhi anitsuhsi unatselika? unhetsvnho hi'a nuwehsele'i, yelikwo nhiwi."
cherokee_new_testament/split_audio/mark_15_03.wav,nunikvwiyuhsvnho atsilv-anelhohi utsathe tsutalenhvtv kvwuhihstihske'i.
cherokee_new_testament/split_audio/mark_15_04.wav,kwaletinho thaline uthvtvnhe hi'a nuwese'i; thlahsko kohuhsti yatiha? khvnhiyukwo utsathi tsutalenhvtv aninhoheha ketsatlutiha.
cherokee_new_testament/split_audio/mark_15_05.wav,ahsenho tsihsa ahsi' vlha kohuhsti yatihske'i; nahski iyuhsti kwaleti uhskwanikose'i.
cherokee_new_testament/split_audio/mark_15_06.wav,"tanalhstayvhvhskvnho iyu'i tayohihsehe ahsiyvwi ayhvkhi, nahskikwo anithayoha."
cherokee_new_testament/split_audio/mark_15_07.wav,"ahsiyvwhinho ehe kwalakwa tsuto'itv nahski itsulaha tekekalv'e kvwalikonhelvhi unatahsuyetv unalhthelvnhvhi, nahski unatalhvhi kehse nahiyu unatahsuyetv unalhthelvnhv'i."
cherokee_new_testament/split_audio/mark_15_08.wav,"unitsathinho ahstaya unalhihste'i, unalenvhe unithayolhe nahskiya nitutvnhelv tsuwakhthanvhsv itsutvnhehtiyi."
cherokee_new_testament/split_audio/mark_15_09.wav,"kwalehtinho tunhetshele hi nuwehse'i, itsatulihsko ukvwiyuh anitsuhsi unatselik tiyuyohihsehtiyi."
cherokee_new_testament/split_audio/mark_15_10.wav,akhthaheyhenho nahski nunikvwiyuhsv atsil-anelhohi anvyutshehvkwo nvtikalhstohtihskv tekvwayohsvhi.
cherokee_new_testament/split_audio/mark_15_11.wav,"ahsenho nunikvyuhsv atsil-anelhohi nunvnhihsanhe unitsathi yvwi, nahski kwalakwa unithayohstiyi tsuyohihsehtiyi."
cherokee_new_testament/split_audio/mark_15_12.wav,"kwaletino thaline unetsv, hi'a nituwehsele'i, katonho itsatuli tsiynhtiyi nahski na ukvwiyuhi anitsuhsi unatselika tsetsoseha?"
cherokee_new_testament/split_audio/mark_15_13.wav,thalinenho unelhunhe'i hiyatv'vka unatvnhe'i.
cherokee_new_testament/split_audio/mark_15_14.wav,"kwaletno ha nituwehsele'i, katonho, kato uhsti uyo tulvwhihstanelv? ahsenho utlikwo iyahstaya unelhunhe'i, hiyatv'vka, unatvnhe'i."
cherokee_new_testament/split_audio/mark_15_15.wav,"kwalehtinho ohsiyu uyelvse ohstv tsutanhtatihstohtiyi unitsathi, tuyohihsele kwalakwa, tsihsanho uli'vnhilv tuyohse akatvtiyi."
cherokee_new_testament/split_audio/mark_15_16.wav,"aniyahwskinho kvwahthinhawitvhe wikvwayhthane ukvwiyuhiyi atanelv'i nahsk ukvwiyuhi tstsilawitshehtiyi, nikatvnho hsunatahlhuhki wituniyanvhe'i."
cherokee_new_testament/split_audio/mark_15_17.wav,"kikakenho kvwhanhuwe'e'i, ale alhstulo tsutsayohsti kolhvhthanvh unihsteyonhv, nahski unihstulothane'i."
cherokee_new_testament/split_audio/mark_15_18.wav,"ale unalenvhe aniyolihe'i, itsvyolika, tsakvwiyuh anitsuhsi unatselika, anatihske'i."
cherokee_new_testament/split_audio/mark_15_19.wav,"ahskholinho tekvwanhihe kanhsta kvhti, al tekvwalitsiskwske'i, ale tanalhnikwanv'vhske kvwatatolihstanehe'i."
cherokee_new_testament/split_audio/mark_15_20.wav,"unatehohthannvnho, kvwanhuwehse kikake'i, ale uwahsv tsunhuwo tekvwhanhuwo'e'i, ale wikvwahthinhvhsthane kvwatvtiyi."
cherokee_new_testament/split_audio/mark_15_21.wav,"khilono' iyuhsti hsawani tsuto'itv hsalini ehi a'ihse'i, totikalokehsv nvtayulohsvhi, nahski eliki ale lukwahsi unitota, nahsk utseli tsutanhahwatv uwenvhstiyi nunvnhele'i."
cherokee_new_testament/split_audio/mark_15_22.wav,"kolikatanho tuto'v wikvwahthinhvthane'i, nahsk anhelhthanvhi kehsv uhskwaluko katka."
cherokee_new_testament/split_audio/mark_15_23.wav,kwanenhelenho utithahsti kikakeatithahsti mila ahsuli; ahsenho' vlha yunekise'i.
cherokee_new_testament/split_audio/mark_15_24.wav,"nhahkwonho tatanhahwhstv kvwatvnv uniyatholhe tsunhuwo'i, unahsehsvhe unatolehohihstiyi nahski anihsiyvwiha tsuninehsvhsti kehsv'i."
cherokee_new_testament/split_audio/mark_15_25.wav,"sonhelanho iyulhilotv khalawatihsv kese'i, ale khvwatvne'i."
cherokee_new_testament/split_audio/mark_15_26.wav,"kalvlatitlvnho kowhele nuhstv aku'ihstv'i, hia nikvnhe'i, ukvwiyuhi anitsuhsi unatselika."
cherokee_new_testament/split_audio/mark_15_27.wav,"itsulahanho tekekatvne anithali tinatana'sahvhski; ahsiyvwi akhthihsititlv, sohno akhskani ititlv."
cherokee_new_testament/split_audio/mark_15_28.wav,"kowhelvnho utohiyunhe'i, hi'a tsinikaweha, unihskanvtsvhi kekahselhv aklhoyahsthanvki."
cherokee_new_testament/split_audio/mark_15_29.wav,"anilohskino kakvwahsolhtihske'i, ale tanalhstvnhihe' ha naniwehske'i, yo, uthvnv-tiklawihstiy hiyohstihski, ale tso'ikwkwo ika hihyilitoh hanhehskehski,"
cherokee_new_testament/split_audio/mark_15_30.wav,"tsvhsv halihstelv, ale ehatlahi tatanhahwahstv'i."
cherokee_new_testament/split_audio/mark_15_31.wav,"nahskiya nahskwo nunikvwiyuhsv atsilv anelhohi ale tinowhelihski kvwatehohtihskv, hi'a nitanatawesehe'i, nvwanatale tahstelihskvki; uwahsv' vlha yvkvlhstelv."
cherokee_new_testament/split_audio/mark_15_32.wav,"kalonetv ukvwiyuhi ihsili unatselika nhahkwo watlahi tatanhahwhstv'i, nahski okikowhahthvhtiyi ale okohiyuhtiyi. ale nahski itsulaha tikekatvnvhi kakvwahsotlvhte'i."
cherokee_new_testament/split_audio/mark_15_33.wav,"thalatunho iyulhilotv ulhiyilolhv ulhsihvhse nikvnathv nanhahkatohi, tsohi ytllotv iyashthita i-ya-s-ti."
cherokee_new_testament/split_audio/mark_15_34.wav,"tso'ine iyulhilotv ulhyilolv tsihsa ahstaya uwelhunhe'i, ha nuwehse'ihi ilo'i, ilo'i, lama sakwatani? nahski anhelhthanvhi hi'a nuhsti kathka, akwanelhanvhi, akwanelhanvhi, katon vskwteki?"
cherokee_new_testament/split_audio/mark_15_35.wav,"ikatnho na'v anitona'i unathvkanv, hi'a nuniwese'i, kvnhiyukwo, ilaya ayhaniha."
cherokee_new_testament/split_audio/mark_15_36.wav,"ahseyvwinho tuhskwalhthanv, ale tuwoli tsunitsoyhsti wukhali'ihsthanv, ale kanhstohi uwekwathanv, unenhelv utithahsti; hia nuwehse'i, unelaki, itatolehohi, tsikon ilaya takaluhtsi tayutlothanilhi."
cherokee_new_testament/split_audio/mark_15_37.wav,"tsisano 'staya uwelhunhv, ulhskwatele'i."
cherokee_new_testament/split_audio/mark_15_38.wav,"ayehtoltvthno uthvnv-tikalawihstiyi ka'tv utatsakalvhe tha'li nutate'i, kalvlati nvtayutalenhvhtv elati wahsthi."
cherokee_new_testament/split_audio/mark_15_39.wav,"ahskohitskwinho tithinitohi a'ititlv tsuyukhti katoki, utolhohsv nahski uwelhunhv'i, ale ulhskwatelv'i, hia nuwehshe'i, utohiyuhi hi'a ahskaya unelhanvhi uwetsi kese'i."
cherokee_new_testament/split_audio/mark_15_40.wav,"anikeyhvnho nahskwo ke iyvtv totinikhanhe'i; nanhahno anele meli sukiteli' ehi, ale mel tsimi uhsti' ale tsosi unitsi'i, aleh salomi."
cherokee_new_testament/split_audio/mark_15_41.wav,nahski nahskwo kelili tsetohe kvwahstawatitohe' ale kvwahstelvhitohe'i; ale unitsathe nvwanatale anikeyhv tsiluhsilmi nvtakvwahstawatolhvhi.
cherokee_new_testament/split_audio/mark_15_42.wav,"nhahkwonho uhsv nulhsthanv, nahski atvnv'ihstohtiyi kehsv iyuhsti, nahski unatotakwitena ika kesv'i."
cherokee_new_testament/split_audio/mark_15_43.wav,"tsowa alimatiyi ehi atsilvkwoti tikalawiki, nahski nahskwo akhthiye unelhanvhi ukvwiyuhi kehsv uluhihstiyi, nahski uluhtse'i, ale nahska'ihvna wuyvlhe kwaletiyi, ale uhthayole tsihsa ayelv'i."
cherokee_new_testament/split_audio/mark_15_44.wav,"kwaletinho uhskwasikose utlathsithvehe natlekhv uyohuhsv'i; wuyhanvhvnho hskohitskwi tithinitohi, uthvtvnhe, yelihsko kohiki kvwayohuhsvhi, utvnhehi."
cherokee_new_testament/split_audio/mark_15_45.wav,"kvnikehsvno nuwanelv hskohitsukwi tithinitoh, tsowa tuyohihsele ayeli."
cherokee_new_testament/split_audio/mark_15_46.wav,"uwhahsvnho uhsitolhi tholetv anhuwo, ale utesv ayelv'i, ale anhuwokihi tholetv uwetsanulanv, atselihstv unvne naski nvyohi ahskosvhi, ale nvya uwehsakwalelhe'i atselihstv kalohihstiyi unhe'i."
cherokee_new_testament/split_audio/mark_15_47.wav,"melinho makiteli ehi, ale meli tsohsi utsi unikohe nnhhunnnhi. u-ni-nv-nv-i."
cherokee_new_testament/split_audio/matthew_01_01.wav,"hi'a kowheli khanoheha tsunelhthanvhsv tsihsa kalonetvhi tewi uwetsi, ekwahami uwetsi."
cherokee_new_testament/split_audio/matthew_01_02.wav,"ekwahami ehsiki utenhele'i; ehsikinho tsekakwi utenhele'i, htsekakwinho tsuta ale nahski anatanvtli kvwatenhele'i;"
cherokee_new_testament/split_audio/matthew_01_03.wav,tsutanho kwelihsi' ale hsela kvwatenhele'i thema tunanukowihse'i; kwelisino ihsilami utenhele'i; ihsilaminho elimi utenhele'i;
cherokee_new_testament/split_audio/matthew_01_04.wav,eliminho eminitakwi utenhele'i; eminitakwinho nahsoni utenhele'i; nahsonino hsalima utenhele'i;
cherokee_new_testament/split_audio/matthew_01_05.wav,salimanho kwohsi utenhele'i lehawi unalvkowhihse'i; kwohsinho okweti utenhele'i' luhsi unanukowhihse'i a okwetinho tsehsi utenhele'i;
cherokee_new_testament/split_audio/matthew_01_06.wav,tsehsinho tewi ukvwiyuhi utenhele'iyv tewinh ukvwiyuhi hsolimanv utenheli yulaya utayhvtv unanukowhihse'i;
cherokee_new_testament/split_audio/matthew_01_07.wav,hsolimanvnho lokwoma utenhele'i; lokwomanho ekwaya utenhele'i; ekwayanho ehsi utenhele'i;
cherokee_new_testament/split_audio/matthew_01_08.wav,ehsinho tsohsikwa utenhele'i. tsohsikwahno tsolami utenhele'i; tso'laminho ohsaya utenhele'i;
cherokee_new_testament/split_audio/matthew_01_09.wav,ohsayanho tsotami utenhele'i; tsotaminho ehahsi utenhele'i; ehahsinho hehsikaya utenhele'i;
cherokee_new_testament/split_audio/matthew_01_10.wav,hehsikayanho manasi utenhele'i; manahsinho amoni utenhele'i; amoni'nho tsohsaya utenhele'i;
cherokee_new_testament/split_audio/matthew_01_11.wav,tsohsayanho tseknaya ale anatanvtli kvwatenhele'i; nahiyu tatiloni tsiwitikekathinhvhsthane'i;
cherokee_new_testament/split_audio/matthew_01_12.wav,tatiloninho witikekathinolhv tsekonaya salatayili utenhele'i; salatayilinho tsilakweli utenhele'i;
cherokee_new_testament/split_audio/matthew_01_13.wav,"tsilakwelinho akwayati utenhele'i, akwayahtinho ilaykimi utenhele'i; ilayakiminho ehso utenhele'i;"
cherokee_new_testament/split_audio/matthew_01_14.wav,ehsonho hsetoki utenhele'i; setokinho ekimi utenhele'i; ekiminho ilayti utenhele'i;
cherokee_new_testament/split_audio/matthew_01_15.wav,ilayatino iliesa utenhele'i; hili'ehsanho matani utenhele'i; matani'nho tsekakwi utenhele'i;
cherokee_new_testament/split_audio/matthew_01_16.wav,"tsekakwinho tsowa utenhele'i, nahski meli uyhehi nahski tsunanukowhihse tsihsa kalonetv tsanohaho'i."
cherokee_new_testament/split_audio/matthew_01_17.wav,nahskinho nikatv nunatanetliyvhsv ekwahami tsehe nahiyu nvtakvwatalenvtv tewinho tsehe nvtvhsthi nika'tu nuntanetliyvhse'i; tewinho tsehe nahiyu nlikvwatalenvtv tatiloninho tsiwitikekathinhvhsthane nahiyu nvtvhsthi nika'tu nuntanetliyvhse'i; tatiloninho nahiyu tsiwitikekathinhvhsthane utayutalenvtv tsihsanho tsutenhe nahiyu nvtvhsthi nika'tu nunatanetliyvhse'i.
cherokee_new_testament/split_audio/matthew_01_18.wav,"nahskinho hi'a nulhsthanitole utenhv tsihsa kalonetv. nahski meli tsihsa' utsi tsowa utayhvhsti v ahsikwo nitanatshekvna kehse'i, unelitse kalvkwtiyu atanto utanhthelhvhi."
cherokee_new_testament/split_audio/matthew_01_19.wav,"tsowa nahski na tsunatshvhsti utanhthiyhu kehsv iyuhsti, ale nutulihskvna kehsv' iyuhsti kv'nikehshv utehohihstohtiyi, utelitvkwo iyvtv wvtatsiyahkhanhi, uwelihse'i."
cherokee_new_testament/split_audio/matthew_01_20.wav,"ahsenho ahsikwo hi'a nashki nhuhste' atanhtheski, khvniyukwo tikhnhhawatth yihowa unvsihtv kvnhikesv nuhtvhnele ha'skitahskv'i, ha nkwskei; tsowa, tewi hwehtsi, tlehsti htsaskalv hyntiyi mehli tsatayhvshti, naskyn na tskanehli kalvkwtiy atanvto"
cherokee_new_testament/split_audio/matthew_01_21.wav,"ale takananukowhihsi atshutsa, nahskinho tsihsa tehiyo'vha, tsutseliyhenho yvwi totvhstelvhi' totakutalehsi unihskanvtsv'i."
cherokee_new_testament/split_audio/matthew_01_22.wav,nahskino hi'a nikatiyu nulhsthnitole utohiyuhtiyi ayelvhsv'i hi'a tsinuwehse yihowa atolehohski akvtihskv'i;
cherokee_new_testament/split_audio/matthew_01_23.wav,"khvniyukwo athv natsiyehvna kanelitv kehsehsti, ale takananukowhihsi atshutsa, nahskino' imanu'eli anohsehehsti, nahski anhelhthanvhi kehsv' hi'a nuhsti kathka, unelhanvhi ikelatitoha."
cherokee_new_testament/split_audio/matthew_01_24.wav,"tsowano uyetsv ulhvnhv'i tikhanhahwtitohi yihowa nvtayunvhsitv nuwehselv nutvnele'i, uyhanvhkekwo utayhvhsti."
cherokee_new_testament/split_audio/matthew_01_25.wav,"ale' vlha yukhthovhse'i khvnhi unanukowhihsv ikvyi ehi uwetsi atshutsa, tsihsanho suwo'e'i."
cherokee_new_testament/split_audio/matthew_04_01.wav,"nhahkwono atanhto' inake wuthinvhsthane tsihsa, ahskina ukoliyetiy ayelvhse'i."
cherokee_new_testament/split_audio/matthew_04_02.wav,nvkhskohinho tsutotakwatv ale nvkhskohi tsuhsvhitv amalhi uwanhv khila uyohsihsanhe'i
cherokee_new_testament/split_audio/matthew_04_03.wav,nhahkwonho ukoliyehski uluhtshelv hia nuwehse'ihv iyunho nihi unelhanvhi uwetsi kehsehsti'i hi'a nvya katu unatolhvhtiyi hineki.
cherokee_new_testament/split_audio/matthew_04_04.wav,"ahsenho unhetsv, hia nuwehse'i i hi'a nikvnhv kowhela, yvwi' vlha katukwo uwahsv yikvnhahtihsti v nika'vhskini khanohetv unelanvhi aholi nvtayunnukotsvhi."
cherokee_new_testament/split_audio/matthew_04_05.wav,nhahkwonho ahskina kalvkwtiyu tikatuhv wuthinhvhsthane'i v ale wukhilvthane uhskholi uthvnv-tikalawi'ihstiyi;
cherokee_new_testament/split_audio/matthew_04_06.wav,hi'anho nuwehsele'i; iyuhno nihi unelhanvhi uwetsi kesehsti i hatalota tsvhsv; hihayheno nikvnv ikowhela v ahse totakhanetsheli kutseli tinikhanhahwtitohi nihsa kehsv ukvwalhi v ale tsunoyeni ketsahsalatotehsti nahski ilvhiyu nvyohi tsanahskwalohstohtiyi nikehsvna.
cherokee_new_testament/split_audio/matthew_04_07.wav,tsihsa hia nuwehsele'i; hi'a hnskwo nikvnhv ikowhela; lhehsti hikoliye'vki yihowa tsanelanvhi.
cherokee_new_testament/split_audio/matthew_04_08.wav,"nhahkwale ahskina utsathi inv-ikathi otalv wi'uthinhvhsthane'i, ale tuhsehele nika'v ayelhi tekolhvwhatisv elanikhv'i, ale nahski nituwotuhsv'i;"
cherokee_new_testament/split_audio/matthew_04_09.wav,"ale hi'a nuwehsele'i; hi'a nikatv yitekvyohihsihv iyunho yitsatanvnv, ale yihskwatatolihstanelv."
cherokee_new_testament/split_audio/matthew_04_10.wav,nhahkwono tsihsa hia nuwehsele'i; hutli whilohihi setani v hiayheno nikvnhv ikowhela; ase hiyatatolihstanehehsti yihowa tsanelhanvhi v ale nahskikwo uwahsvhiyu tehiyanelhtehsti.
cherokee_new_testament/split_audio/matthew_04_11.wav,"khilano ahskina utanv'ele'i, khvniyukwonho tinikhanhahwatitohi uniluhtse'i i ale kvwhstelvhitole'i."
cherokee_new_testament/split_audio/matthew_04_12.wav,tsihsanho uthvkanv tsani atsihstuhv'iav kelili wulohse'i.
cherokee_new_testament/split_audio/matthew_04_13.wav,"nahselitino utanvhsv kekwani keluhtse nanhhwtni, naski' vhtli amaylti tsikahtuha, tsekwalahni ale nwathli unathselikh, u-na-tse-li-go-hi,"
cherokee_new_testament/split_audio/matthew_04_14.wav,utohiyuhtiyi atolehohski ihsaya tsunhetse'i i hi'a tsinuwehshe'i;
cherokee_new_testament/split_audio/matthew_04_15.wav,"tsekwalani unatselikohi, ale newathali unatselikohi, itali ititlv, tsotani utititlvyv kelili tsunatalenhvtv yvwi taninelv'i,"
cherokee_new_testament/split_audio/matthew_04_16.wav,"yvwi ulhsihkv tsaninvki utsathi ikkathi unikohv, nano ayohuhihstiyi kesv utselikohi ale utawatihskv tsaninvki, ikkathi uninanukotshelv."
cherokee_new_testament/split_audio/matthew_04_17.wav,"nahiyu tsihsa ulenvhe alhtsitohvhske'i, hi'a nikawehske'i; titsinetliyvna tetsatanhvtvi v nhahkwoyhenho kalvlati ehi ukvwiyuhi kehsv ehskanhiyu taya'i."
cherokee_new_testament/split_audio/matthew_04_18.wav,"tsihsanho a'ihsv kelili vtalulti tukohe anithali analhinvtli, sawani kwita tsanohseho'i unhvlhino' eniti i vtali anikayalu'vhske'i-anikayalu'vhskiyhenho kehse'i."
cherokee_new_testament/split_audio/matthew_04_19.wav,"hi'ano nituwehsele'i; skinihstawatuka, yvwino ihstikaylu'vhski nvtahstvyvneli."
cherokee_new_testament/split_audio/matthew_04_20.wav,kilakwonho iyvtv tuniyohse tikayaluti ale kvwahstawatvhse'i.
cherokee_new_testament/split_audio/matthew_04_21.wav,"nanhahnho wi'uwenv, anithali nvwanatale analhinvtli tukohe'iai tsimi tsekwiti uwetsi unhvlhino tsani, tsekwiti unitota tsiyuhi unatsa'e'i, tanolhvhihsihske tsunikayalutihi wituyhanvheno."
cherokee_new_testament/split_audio/matthew_04_22.wav,khilakwonho iyvtv tuniyohse tsiyu' ale unitota v ale kvwahstawatvse'i.
cherokee_new_testament/split_audio/matthew_04_23.wav,"tsihsanho nikvnathv kelili etohe'i tateyhohvhske tsunilawihstiyi v ale alhtsitohvhske ohstv khanohetv, unelhanvhi ukvwiyuhi kehsv khanohehske'i, ale tekhanvwihske tsulilenhvtv tunitlvkv'i, ale tsutalenhvtv' vyuki yvwi unehv'i."
cherokee_new_testament/split_audio/matthew_04_24.wav,"tekanotsalhvnho nikvnathv siliyi uyelihse'i; tekvwahthinohelenho nikatv tsunitlvki, tsutalenhvtv' vyuki ale ehihsti uniyilitohi, ale nahskwo anihskina tikvwaniya'i, ale nahskwo tsunilvnhohthihski, ale nahskwo tsuninawihski; tunhvwanenhoh."
cherokee_new_testament/split_audio/matthew_04_25.wav,"unitsathinho yvwi kvwhstawatvsi nvtayunilohsvhi kelilivv ahskohinho ukatukiyi i ale tsiluhsilimi, ale tsutiyi, ale tsotani hskhonititlv."
cherokee_new_testament/split_audio/matthew_05_01.wav,unitsathinho witukohv' uhsahilhv unhahluhse'ihv uwenhvnho kvwhstawatitohi kvwaluhtshele'i.
cherokee_new_testament/split_audio/matthew_05_02.wav,aholinho uhstu'ihsv tuweyhonhe hi'a nuwehse'i;
cherokee_new_testament/split_audio/matthew_05_03.wav,ohsiyu iyunalhstanehti uyo iyunatvnhahatehki tunatanhthv'i; unatselihyenho kalvlati ehi ukvwiyuhi kehsv'i.
cherokee_new_testament/split_audio/matthew_05_04.wav,"ohsiyu iyunalhstanhehti uyo untanhthawateki, tvketsinuwohihsthaniyenho."
cherokee_new_testament/split_audio/matthew_05_05.wav,"ohsiyu iyunalhstanehti unatanhthi, katohihyenho unatseli iyulhstohti."
cherokee_new_testament/split_audio/matthew_05_06.wav,ohsiyu iyunalhstanehti' uniyohsihski ale unithatekihski unatanhthi iyunalhstohtiyi; tvketsikhalilihyenho.
cherokee_new_testament/split_audio/matthew_05_07.wav,"ohsiyu iyunalhstanehti unatatolitsathi, tvketsitolitsiyhenho."
cherokee_new_testament/split_audio/matthew_05_08.wav,"ohsiyu iyunalhstanhehti tsutanvkalvtv tsuninawi, unelanvhyeno unikowahthvhti;"
cherokee_new_testament/split_audio/matthew_05_09.wav,"ohsiyu iyunalhstanehti anohihstihski, unelhanvhyenho tsuwetsi tvkkohseli."
cherokee_new_testament/split_audio/matthew_05_10.wav,"ohsiyu iyunalhstanehti uyo ikekvnateki tuyukhtv kesv unihstvtihski, unatseliyhenho kalvlati ehi ukvwiyuhi kehsv'i."
cherokee_new_testament/split_audio/matthew_05_11.wav,ohsiyu itsalhstanehti iyunho yvwi uhsonv ni'ketsiwehsehehsti ale uyo niketsvnehehsti v ale nika'v tsutalenhvtv uhsonv kayhkoki ketsinhohehskehsti ayv kehsv itsihstvtihskehsti.
cherokee_new_testament/split_audio/matthew_05_12.wav,itsalihelikehsti ale utsathanvhi ohstv itsatanhthehsti v utsathihyeno etsakuyv'eti kalvlati i nahskiyayhenho utsi nitunhvnelvki anatolehohski ikvyi tsiniketsenv'elv.
cherokee_new_testament/split_audio/matthew_05_13.wav,"nihi ama elohi utselika; iyuhskini ama yutsihskolhv kato yikalhstohta ama yatolhvna; htla nhahakwo kohuhsti khtoti yi'kaki, atinvtikwo uwahsv, ale yvwikwo unalahstati."
cherokee_new_testament/split_audio/matthew_05_14.wav,nihi ika itsathihstihski elohi. katuhv uhsahilhv tsikakhaho'i vlha yeli yvkayekvhskalhvka.
cherokee_new_testament/split_audio/matthew_05_15.wav,"vlha ale yvwi anitsvhsthvka atsvhstohti alhilohsti yanulhvtihsko'i, kakhtiyhskini anikhahvhsko'ihv ikanho unathihstaneho nikatv kalhtsote aniya'i."
cherokee_new_testament/split_audio/matthew_05_16.wav,"ika itsathihstihskv tunilvhsatatehehsti yvwi, nahskino' ohstv tetsilvwhihstanehv anikowhahthihskehstioi ale anilvkwohtihskest itsitota kalvlati' ehi."
cherokee_new_testament/split_audio/matthew_05_17.wav,"lhe'hsti tikhanhahwatvhsti ale anatolehohski tuyohsthanilhv yihskiyelihsehehsti; vlhahskini yitakiyohsthanilhv, takikhalililhvhskini."
cherokee_new_testament/split_audio/matthew_05_18.wav,utohiyuhiyahyeno hi'a nitsvwehsehahi khvnhi kalvlo'i ale elohi anilohsonhvha sakwo uhsti aleh sakwo wuhstikv tikhanhahwtvhsti vlha yvkalohi kvnhi nikatiyu akhalitsvha.
cherokee_new_testament/split_audio/matthew_05_19.wav,"nahski iyuhsti khilo ayohstihskehsti hsakwo hi'a uhstikhani ulhinetsv'i, ale nahski nuhstesti yvwi tekeyhohvhskehsti, nahski uhstikhani akohsehehsti kalvlati ehi hukvwiyuhi' kehsv'i a khihlohskini takhanhahwatekehsti, ale nahski nuhstehsti tateyohvhskehsti, kalvkwtiyu akohsehehsti kalvlati ehi ukvwiyuhi kehsv'i."
cherokee_new_testament/split_audio/matthew_05_20.wav,"hiayhehno nitsvwehseha, itsvnho nahski itsatanhthi kehsv nititsikonatthanvna ikehsehsti tinowhelihski ale anikwalihsi, vlha kalvlati ehi ukvwiyuhiyukehsv' yvketsiyvha."
cherokee_new_testament/split_audio/matthew_05_21.wav,itsathvkanvhi iki hi'a tsiniketsiwehsele ethi tsanehe'i; tlehsti tsatalhvki i ale khilo' atahihehsti kvwahstvtihsti kehsehsti tinukhtihskiyi.
cherokee_new_testament/split_audio/matthew_05_22.wav,"ahsenho ayv hi'a nitsvwehsehahv khilo tinatanhvlhi ahskakehsti kohuhsti nuhstvtihskvna ikehsehsti, kvwahstvtihsti kehsehsti tinuktihskiyi i khilonho tinatanhvlhi nitsatanhthvna ikohsehehsti, tekalawi'v kvwahstvtihsti kehsehsti; khilonho tsaneku ikohsehehsti, kvwahstvtihsti kehsehsti tsvhskino atsilvyi."
cherokee_new_testament/split_audio/matthew_05_23.wav,"nahski iyuhsti iyunho atsilvkelhstiyi hiyhohihehsti tsatanhehti, nanhahnho ihanvhtatihskehsti tihstatanvlhi kohuhsti tselihsehv'i,"
cherokee_new_testament/split_audio/matthew_05_24.wav,"nanhhatsl-klsty hihiyaskehsti htsatahneti ahle htnsksti, hikvyi ostv nstnhsti tihstatahnvtli; kilahno hilkhsti hahlisklvthskehsti tsatahnehti v tsa-da-ne-di."
cherokee_new_testament/split_audio/matthew_05_25.wav,"nulakwo ohstv nihstv tsahyi'litohi v ahsikwo ihsta'ihsv'i, tikukhtihskiyinahsi wiyitsakhahvka tsahyi'litohi, tikukhtihskinho titaniyihskiyi wiyitsakhahvka, ale titahstutiyi yiwetsayvhta."
cherokee_new_testament/split_audio/matthew_05_26.wav,"utohiyuhya hi'a nikvwehseha, vlha yvtvkahinuko'i, khvnhi ulihskwalhti ayelhiiyatanhthehti hhkuyvhvha."
cherokee_new_testament/split_audio/matthew_05_27.wav,itsathvkanvhi iki hi'a tsiniketsiwehsele ethi tsanehe'i; lhehsti tsatayhonelvki.
cherokee_new_testament/split_audio/matthew_05_28.wav,ahsenho ayv hi'a nitsvwehsehahv khilo akeyhv takhanihskehsti tsunanhsihtiyi utulihskehstivv kayula utayhonelvhi kehsehsti tsutanhthv'i.
cherokee_new_testament/split_audio/matthew_05_29.wav,"iyuno hikhtholi hikhthihsi tetsotehstihskehsti, hataktheto'ihskehstiyv ale tsatekehstihi ohsiyuyhenho itsalhstanehti hsakwokwo tsalikvhalvtv yitsayohuhseha, anho unhohstv hiyelv tsvhskino wiyetsata'ineha."
cherokee_new_testament/split_audio/matthew_05_30.wav,"iyunho tsoyeni hikhthihsi tetsotehstihskehsti s hihskwalihskehsti, ale tsatekehstihv ohsiyuyheno itsalhstanehti hsakwokwo tsalikvhalvtv yitsayohuhseha, anho unhohstv hyelv tsvhskino wiyetsata'ineha."
cherokee_new_testament/split_audio/matthew_05_31.wav,"hi'a ikawetv iki; khihlo utali'i ikakhahvhskehsti, kanvnehehsti kowheli nahski tunakalenvhv'i."
cherokee_new_testament/split_audio/matthew_05_32.wav,"ahsenho ayv hi'a nitsvwehsehhahv khilo utali ikakhahvhskehsti, tsunhihsinhvhihskninon ikehsehsti, utayhonehtiyikwo nikvnhihsanehehsti i khilono' atsikhanhvhi atayhekehsti atayhonehehsti."
cherokee_new_testament/split_audio/matthew_05_33.wav,"ale itsathvkanvhi iki hi'a tsiniketsiwehsele ethi tsanehe'i; lhehsti tsayohsthanv tsahselithanv'i, yihowahskini niyatvnehehsti nuhstv tshahnetsv'i."
cherokee_new_testament/split_audio/matthew_05_34.wav,"ahsenho ayv hi'a nitsvwehseha; lhehsti yitsselithanehsti yitsane'ihsthane'hsti kohuhsti, lhehsti kalvlati yitsane'ihsthanehsti v unelanvhiyenho uwehtiyi nahski;"
cherokee_new_testament/split_audio/matthew_05_35.wav,"tlehsti ale elohi, tsulahsihtiyyenho nahski v ale tsiluhsilimi, nahskiyeno atsilvkwoti ukvwiyuhi utseli katuhv'i;"
cherokee_new_testament/split_audio/matthew_05_36.wav,"tlehst al hihskoli yitsane'ihsthanehsti, tlayhenho yeli hsakwo kilhv unekv ale kvnhahke yinvkahvka."
cherokee_new_testament/split_audio/matthew_05_37.wav,"itsinekvhskini hi'a nuhstehsti, vv, vv; vlha, vlha; utliyhenho tsinika'o uyokwo kehsv' titalehnihsko'i."
cherokee_new_testament/split_audio/matthew_05_38.wav,"itsathvkanvhi iki hi'a ikawetv kesv'i, ahkhahtha akhthakwo takvwalhvhskehsti, khayuhkanho khayuhkakwo takwalhvhskehsti."
cherokee_new_testament/split_audio/matthew_05_39.wav,"ahsenho ayv hi'a nitsawehseha; lhehsti yitsatlekehsti uhsonhv netsvnelv'ihi khilohskini' hikathihsi tsakkweluhvhskehsti, so'i nahskwo hiyalihskolvtanehehsti."
cherokee_new_testament/split_audio/matthew_05_40.wav,"khilonho utulihskehsti tsahyilitahstiyi, ale tsanaehtiyi hawini tsanhuwo, uthvnohi nahskwo hinvnehehsti."
cherokee_new_testament/split_audio/matthew_05_41.wav,khilohn sulhilotv ihstenvhstiyi nitsvnhehehstiav tha'li iyulhilotv ihstekehsti.
cherokee_new_testament/split_audio/matthew_05_42.wav,"tsathayohsehi hinehehsti, tsatholvehtiyino utulihski lhehsti iyvtv ihiyatvnhelvki."
cherokee_new_testament/split_audio/matthew_05_43.wav,"itsathvkanvhi iki hi ikawetv kehsv'i; hikeyuhsehsti na'v itihstatala, hihskakehstino tsahskaki."
cherokee_new_testament/split_audio/matthew_05_44.wav,"ahsenho ayv hi'a nitsvwehseha; tetsikeyuhsehsti ketsihskaki v ohstv tetsinetsehehsti ketsihskinvtihski, ohstv nitetsatvnhehehsti ketsinikwathihi, ale ohstv iyunalhstanhehtiyi itsatatolihstihskehsti kayhkoki ketsinohehski ale uyo iketsvnehi."
cherokee_new_testament/split_audio/matthew_05_45.wav,"nahskino kalvlati ehi itsitota tsuwetsi nitsalhstihskehstiyv nahskiyhenho utseli' nvto tekananukowhihseho uniyo ale anohstv, ale takanvhtaneho unatanhthi ale uninekutsitv."
cherokee_new_testament/split_audio/matthew_05_46.wav,iyuynho yititsikeyuha ketsikeyuhi v kato yetsakuyvhtahshi? tlahsko nahski' yinanatvneho ayelhi-atelv anikihsitohi?
cherokee_new_testament/split_audio/matthew_05_47.wav,iyu ale itsatanhvlhikwo unvhsv yititsiyoliha i kato itsatvnehv tetsikonahtti anihso'i? tlahsko nahski yinanatvneho ayelhi-atelv anikihsitohi?
cherokee_new_testament/split_audio/matthew_05_48.wav,nihihskini' nitsihskanhvna kehsehsti nahskiya itsitota kalvlati ehi nahskanhvna tsiki.
cherokee_new_testament/split_audio/matthew_07_01.wav,lhehsti tsitsatalhawhihseli nahskino nihi lhehsti etsilawhihselki.
cherokee_new_testament/split_audio/matthew_07_02.wav,nahskiyeno nuhstv itsatalhawhihselv ahse nahskwo tetsilawhihselihvi ale nuhstv itsatalhilosvlv nahskwo tv'etsalhilo'eli.
cherokee_new_testament/split_audio/matthew_07_03.wav,"ale katonho ihikowahthihsko utlvtalvtv ukhsuhv'i tihstatanhvlhi, nelihskvnano ikehso unhohstv ata tsvhsv tsakhsuhv'i."
cherokee_new_testament/split_audio/matthew_07_04.wav,"ale kato yikalhstohta hi'a yiniwehsi tihstatanhvlhi i kvlvhsi utlvtalvtv tsakhsuhv'i, kvhnhiyukwonho unhohstv ata tsvhsv tsakhsuha."
cherokee_new_testament/split_audio/matthew_07_05.wav,"tsatlonahsti! ikvyi hilv unhohst at tsvsv tsakhsuhv'i, nhahkwonho khvnhikehsvhiyu tsakowhahthvhtiyi kehsehsti hilvehtiyi utlvtalvtv tihstatanhvlhi ukhsuhv'i."
cherokee_new_testament/split_audio/matthew_07_06.wav,"lhehsti kohuhsti kalvkwti kilhi titsinhelvki, lhehsti ale takvna-iyunahsti titsatselikah sikwa wititsatinelvki, yitanalahsta'vlikwohyenho, ale yanakhthahvna yvketsitakalv'vka."
cherokee_new_testament/split_audio/matthew_07_07.wav,"itsithayoha, ahse tayetsineli v itsiyohka, ahse tatsiwhahthvhi; itsvnhka, ahse taytsihstu'i'eli."
cherokee_new_testament/split_audio/matthew_07_08.wav,"khilohyenho tsathayohiho atsineho'i v khilonho tsuyhoho awhahthihsko'i, khilonho tsiwikvnhiho atsihstu'i'eho'i."
cherokee_new_testament/split_audio/matthew_07_09.wav,"kakokhe ahskaya hi'a tsinitsatvnhv i iyunho uwetsi katu yuthayohseha, nvyakwoh yahvhsi?"
cherokee_new_testament/split_audio/matthew_07_10.wav,ale atsati yathayohihahv tsiko inatvkwo yvkanv'vhsi?
cherokee_new_testament/split_audio/matthew_07_11.wav,iyunho nihi itsiyo'i yitsihsinahi ohstv kehsv titsinehtiyi titsetsiav utlihiyu utohiyuhiya itsitota kalvlati ehi ohstv tanhehehsti kvwathayohsehi.
cherokee_new_testament/split_audio/matthew_07_12.wav,"nahski iyuhsti nika'v kohuhsti itsatulihskv yvwi iketsatvnhehtiy, nahskiya nahskwo nitetsatvnhehehsti; nahskihyenho hi'a nuhsti tikhanhahwtvhsti ale antolehohski"
cherokee_new_testament/split_audio/matthew_07_13.wav,"ayahtholhi kalohihstiyi itsiyvhsta ayhahtheniyhenho kalohihstiyi ale ayhahtheni nvnohi ayohuhihstiyi' wikananukokv'i, uni tsahthanho nnhhanlhska. a-ni-lo-s-ga."
cherokee_new_testament/split_audio/matthew_07_14.wav,"ayhahtholhiyuhyeno kalohihstiyi ale ayhahtholhiyu nvnohi kvnhitv wikananukokv'i, ale anikayolhiyu aniwhahthiha."
cherokee_new_testament/split_audio/matthew_07_15.wav,tetseyhahthotsehehsti unatlonahsti anatolehohskiav awhi uninotena kaneka tsunanhuwa'i tsiketsiluhtseho'i; ahsenho hawini kehsv wayha unikhv'vhski kehso'i.
cherokee_new_testament/split_audio/matthew_07_16.wav,nuhstv anatathvhskv'i totatsolhihsthanihi tsiko yvwi thelvlati tanatehsko tsihstunikihstihi? ale hsvkhtha-iyunahsti' tsikotsitsihi tanatehsko'i?
cherokee_new_testament/split_audio/matthew_07_17.wav,"nahskihskini nuhsti nika'v ohstv tluhkv ohstv atathvhsko'i, uyonho tluhkv uyo atathvhsko'i."
cherokee_new_testament/split_audio/matthew_07_18.wav,ohstv tluhkv' vlha yeli uyo yvkvtathvka v ale uyo tluhkv' vlha yeli ohstv yvkvtathvka.
cherokee_new_testament/split_audio/matthew_07_19.wav,"nika'vhskini tetluhkv ohstv nanatatvhskvna, tikaleyvhstohti kehsehsti, ale atsilvhyi witatinvti."
cherokee_new_testament/split_audio/matthew_07_20.wav,nahski' iyuhsti totatsolhihsthani' nuhstv anatathvhskv'i.
cherokee_new_testament/split_audio/matthew_07_21.wav,"vtlayhenho nani'v, tsakvwiyuhi, tsakvwiyuhi, kvkwohsehi, kalvlati' ehi' ukvwiyuhi kesv wuninanuko'ihsti yiki, nahskihskini na etota kalvlati' ehi atanvhthehskv tsunilvwhihstanehi."
cherokee_new_testament/split_audio/matthew_07_22.wav,"nahiyu ika kehsehsti unitsathihsti hi'a nvtakvkiwehali; tsakvwiyuhi, tsakvwiyuhi, tlahsko tetsato'v yotstihske yotsatolehohske'i v ale lhahsko tetsato'v yotstihske anihskina yitotsinukowhihske'i v ale lhahsko tetsato'v yotstihske utsathi uhskwanikohti yitokilvwhihstanehe'i?"
cherokee_new_testament/split_audio/matthew_07_23.wav,nhahkwonho hi'a nvtakatsiwehseli; vlha ilvhiyu yitsvkathahe'i; utli witsilohi uyo titsilvwhihstanehi.
cherokee_new_testament/split_audio/matthew_07_24.wav,"nahski iyuhsti nani'v khilo hi'a tsinitsiwe'a anatvkihskehsti, ale nahski nanatvnehehsti i akhthanhahi ahskaya totakatsiyatlilohsthani, nahski nvyohi tsunhehskehe'i;"
cherokee_new_testament/split_audio/matthew_07_25.wav,"nhahkwonho tsukanhahne'i, ale tsitunohukane'ihi ale tsunolvne'i, nanhhaatanhlv tstuyiloli; aseno' vhtla yuytsi, nvtsihiyeno hkakhahi. ga-ka-he-i."
cherokee_new_testament/split_audio/matthew_07_26.wav,nani'vnho khilo hi'a tsinitsiwe'a anathvkihskehstiai nahskino nanatvnehvna ikehsehstihi uneku ahskaya tikekatlilohstohti kehsehsti nahski noyuhi tsunhehskehe'i.
cherokee_new_testament/split_audio/matthew_07_27.wav,"nhahkwonho tsukanhahne'i, ale' tsitunohukane'iai ale tsunolvne'ivi nanhhatnl tstuyiloli, alhe' tsyotsi, ale' usksety tsnuhlsthane uyothsvne u-yo-tsv."
cherokee_new_testament/split_audio/matthew_07_28.wav,"hiano nulhsthane'i v nahski tsihsa uhskwatv nahski nikawehskv'i, unihskwanikose' tateyhohvhskv'i."
cherokee_new_testament/split_audio/matthew_07_29.wav,"utselikayenho tsitateyhvhsko iyuhsti kehse'i, vlhanho tinowhelihskikwo tsitanateyhohvhsko iyuhsti yikehse'i."
cherokee_new_testament/split_audio/matthew_08_01.wav,"nhahkwono tsukhso'ahsv uhsahilhv'i, hunitsathi kvwhstawatvhse'i."
cherokee_new_testament/split_audio/matthew_08_02.wav,"ale kvnhiyukwo atayhehski utlvki uluhtse utatolihstanele'i, hi'a nuwehse'i; tsakvwiyuhiah iyunho yitsatanhthelv yelikwo yihskinvkalv."
cherokee_new_testament/split_audio/matthew_08_03.wav,"tsihsanho utoyanvhitv uhsvnhile'i, katanvthvli, tsatanvkalvtv kehsehsti, uwohsele'i; khilakwonho iyvtv atayhehski utlvkv utanvkalvhe'i."
cherokee_new_testament/split_audio/matthew_08_04.wav,"hi'anho tsihsa nuwehsele'i; kha tlehsti khilo tsihinonheli, henakwohskini, witsakowhahtv atsilv akelhohi, ale alhskolhtohti whihvka mohs unhetsv alhskohltoti nahski unatolehohihstohtiyi"
cherokee_new_testament/split_audio/matthew_08_05.wav,"nhahkwono tsihsa kekwani wi'uluhtsv, uluhtshele ahskohikkwi aniyahwski tithinhitohi, uhstiyethane'i,"
cherokee_new_testament/split_audio/matthew_08_06.wav,"hi'a nuwehsele'i; tsakvwiyuhi, tsinvhsitahsti kanhka tikwenvsv utlvka ulvtalv'vhska utsathanvhi akilhiyoka."
cherokee_new_testament/split_audio/matthew_08_07.wav,tsihsanho hi'a nuwehsele'i; takehsi tatsinvwanehsi.
cherokee_new_testament/split_audio/matthew_08_08.wav,"ahskohitskwinho tithinhitohi ti'unhetsv hi'a nuwehse'i; tsakvwiyuhi, lhayeli yiniko'i tsinelv tsayvhstiyi; hinhekikwohskini uwahsv, tsinvhsitahstinho tayutiwhsi."
cherokee_new_testament/split_audio/matthew_08_09.wav,"ayvyhenho tikwatanelhtikwo v ale takikhah aniyahwski nahski tekvkwanelhto'i, khilonho hena tsiyohsi, eko'i; nvwatalenho ehena tsiyohsi, ti'eko'iav tsinvhsitahstino, hi'a nhhatvka tsiyohsi, nahski natvneho'i."
cherokee_new_testament/split_audio/matthew_08_10.wav,"tsihsanho uthvkanv uhskwanikohse'i i ale hi'a nituwehsele nvtakvwahstawatvtv, utohiyuhiya hi'a nitsvwehseha, vlha nahskwo ihsili tuto'v nahski ika'i kohihyti kehsv yakiwahthvhv."
cherokee_new_testament/split_audio/matthew_08_11.wav,"ale hi'a nitsvwehseha; unitsathi tikhalvkv ale wutelikv ititlv tinilohskehsti, ale itsulaha ananv'vhskehsti ekwahami, ale ehsiki, ale tsekkwi, kalvlati ehi nanhhkvwyh kesvhi, ge-sv-i,"
cherokee_new_testament/split_audio/matthew_08_12.wav,"kalvlatihskini ehi nanhhukwyh keeyhanehi taktsnukwhsi witotakekatahsi tsulisikv toytihtlv, nnhhtaniyvksti, ale tanilvtkhskehsti tanntki. da-ni-lv-da-gi-s-ge-s-di da-ni-nu-do-gv-i."
cherokee_new_testament/split_audio/matthew_08_13.wav,tsihsanho hi'a nuwehsele ahskohitskwi tithinhitohiyv henahv ale nuhstv tsohiyunhv nahski winitsalhstahsi i unvhsitahstino nahiyukwo utiwhse'i.
cherokee_new_testament/split_audio/matthew_08_14.wav,"tsihsano kwita kanelv uluhtsv, ukohe kwita utali'i utsi'vhkanvhke utilhehvhske'i."
cherokee_new_testament/split_audio/matthew_08_15.wav,"uhsvnhilenho uwoyeni, utilhehvhskvnho utiwhha'i. tulenhenho ale tuhstelvhitole'i."
cherokee_new_testament/split_audio/matthew_08_16.wav,"uhsvnho nulhsthanv, unitsathe anihskina tikvwaniya'i tekvwahthinhohele'i; tunukowhihsenho anihskina khanekvkwo khtihske'i, ale nikatv tsunitlvki tunhvwane'i."
cherokee_new_testament/split_audio/matthew_08_17.wav,"utohiyuhtiyi ayelvhsvki' ihsay atolehohski tsunhetse'i, hi'a tsinuwehse'ihi uwahsv ikikihstanelvki titiwanakalahiyu kehsv'i, tekitlvkvnho tsutseli nituwanelvki."
cherokee_new_testament/split_audio/matthew_08_18.wav,"tsihsanho tukohv unitsathi yvwi kvwatlatwihstihskv'i, unhetse' ihskonv wunilohihstiyi."
cherokee_new_testament/split_audio/matthew_08_19.wav,"khilonho iyuhsti tikowhelihski uluhtse'i, hia nuwehsele'i; thateyhohvhski takvhstawatitoli nika'v hetohv'i."
cherokee_new_testament/split_audio/matthew_08_20.wav,"tsihsanho hia nuwehsele'i; tsulha tunithalehso'i, tsihskwanho kalvlo' anehi tunanhehstalhaho'i i yvwihskini uwetsi' vlha ilvhtlv ahskholi uhtiy yiki."
cherokee_new_testament/split_audio/matthew_08_21.wav,"nvwatalenho uhstawatitoh hi'a nuwehsele'i; tsakvwiyuhi, ikvyi kena tsinihsanhuka etota."
cherokee_new_testament/split_audio/matthew_08_22.wav,tsihsanho hi'a nuwehale'i; skihstawatukaav unanelkinho tsuniyohuhsvhi taninihsihskehsti tsunatseli tsuniyohuhsvhi.
cherokee_new_testament/split_audio/matthew_08_23.wav,nhahkwono tsiyuh wutsanv kvhwstawatitohi kvwahstawatvse'i.
cherokee_new_testament/split_audio/matthew_08_24.wav,kvnhiyukwonho utsathi uhyilolhe unole itali; tsiyuhyeno ama talhstilhanekv uwulhv'vhske'i; ahsenho ikalhihekwo.
cherokee_new_testament/split_audio/matthew_08_25.wav,"kvhwstawatitohinho kvwaluhtshele kvwayhehsthane'i i hi'a nikvwawehsele'i; tsakvwiyuhi, skihstelv, tayotsatsvnhikwo."
cherokee_new_testament/split_audio/matthew_08_26.wav,"hi'ano ntuwehsele'i, katonho itsihska'iha v uhsti' itsohiyuhihi nhahkwono tulenhv tushkatse unole ale vtali, utsathinho utatshinahstvhi nulhsthane'i."
cherokee_new_testament/split_audio/matthew_08_27.wav,"anihskayanho unihskwankose'i, hi'a nuniwehse'i; kato uhsti hi'a ahskaya, nahskwoyhenho unole ale vtali ikvwohiyuhvhska."
cherokee_new_testament/split_audio/matthew_08_28.wav,"hskontitlvnho' wuluhtsv kakisini unatselikohihi anithali anihskina tikvwaniya'i tekvwatlohse'i, tatanihsahv tsuninukotse'i v utsathanvhi' uninhahlvhiyu kese'ivi nahski' vlha khilo nanha hkvwalohihsti yikese'i."
cherokee_new_testament/split_audio/matthew_08_29.wav,"ale khvnhiyukwo unelhunhe'i, hi'a nuniwehse'i; vlha kohuhsti' tikatatvhtohti yiki nihi, tsihsa unelanvhi uwetsi, tsiko' anhi tsa'luhtshilv skinikilhiyo'ihstohtiyikwo ahsikwo nahskwalihskvna?"
cherokee_new_testament/split_audio/matthew_08_30.wav,kehinho iyvtv tinetohe unitsathi sunatatlki hsihkwa analhstayvnhitohe'i.
cherokee_new_testament/split_audio/matthew_08_31.wav,"anihskinanho kvwathayohsele'i, hi'a nikvwawehsele'i; iyunho skininukowhihsvha, unnelaki hskinelihselvha sihkwa hsuntalhuhki' wikohstiyvstiyi."
cherokee_new_testament/split_audio/matthew_08_32.wav,"hi'ano' nituwehsele'i; stena. uninukotsvno, sihkwa hsunatalhki wituniyvlhe'i v ale khvnhiyukwo nikatv sunatalhki hsihkwa ayanuliyu unalihse'i, wunikhso'ahse kanelhuhki kvhsv'ihe vtali wunalihthatinvhse'i, ale amayi tuniliwhotse'i."
cherokee_new_testament/split_audio/matthew_08_33.wav,"tinikhthiyanho unalihse'i, tikatuhv wunilohsi, nikatv wuninhohelhe'i, ale anihskina kvwaniya'i nunalhstanhelv'i."
cherokee_new_testament/split_audio/matthew_08_34.wav,"khvnhyukwonh nikatiyu skatuki tsuninukotse'i, tsihsa tekvwatlohsilhe'i; kvwakohnho kvwahthayohsele utanvhstiyikwo unatselikohi kehsv'i."
cherokee_new_testament/split_audio/matthew_10_01.wav,wituyhanvhvnho thalatu iyanitv kvwhstawatitohihv tunhelv anihskina tsuninukowhihstiyivi ale tsunatanhvwotiyi nika'v tunitlvkv v ale nika'v vyuki.
cherokee_new_testament/split_audio/matthew_10_02.wav,"hianho nahski nuhsti tunato'v thalatu iyanitv ketsinvhsitv. ikvyiyi sawani kwita tsanohseho'i i enitinho nahskikwo unhvlhi, tsiminho tsekwiti uwetsi, tsaninho nahskikwo unhvlhi."
cherokee_new_testament/split_audio/matthew_10_03.wav,"kwilikinho, watalamino, taminho, matunho atelv akihsitohihi tsiminho elikwi uwetsi, lekwiyano tatiya tsanohseho'i,"
cherokee_new_testament/split_audio/matthew_10_04.wav,"sawaninho akenaniti, tsutahsinho ihskalati nahski tsihsa tsulonuhelhvki."
cherokee_new_testament/split_audio/matthew_10_05.wav,"nahski hi'a thalatu iyanitv tsisa tunvhsvki tunhetselvnho hia nituwehselvki v tsunatalenhvtv yvwi tinehv ititlv lhehsti witsilohsvki, aleh sameli anehi tunituhv lhehsti itsiyvlhvki"
cherokee_new_testament/split_audio/matthew_10_06.wav,awhihskini unalenahitv ihsili sitanelv kehsv titsiwhahthvhuka.
cherokee_new_testament/split_audio/matthew_10_07.wav,"itsa'ihsvno itsalihtsitohvhskehsti, hia nitsiwehskehsti; kalvlati ehi ukvwiyuhiyikehsv ehskanhiyu taya'i."
cherokee_new_testament/split_audio/matthew_10_08.wav,"tsunitlvki tetsinhvwihskehsti v atayhehski tsunitlvki tetsinvkalihskehsti, tsuniyohuhsvhi tetsaletihskehsti, anihskina tetsinukowhihskehsti v ahsekwo etsinelvhi, ahsekwo itsatanhehehsti."
cherokee_new_testament/split_audio/matthew_10_09.wav,"lhehsti tetsatatlohv yitsatanelhehsti talonike atelv ale unekv atelv ale vtsayi,"
cherokee_new_testament/split_audio/matthew_10_10.wav,"ale tekalhti, ale thali' titsanhuwo, ale tilahsulo, ale titolanvhsti; tsulvwhihstanehihyeno uwhahthvhti kehso ulhstayvhti."
cherokee_new_testament/split_audio/matthew_10_11.wav,ilvhtlvnho uthvna katuhv ale uhsti katuhv itsiluhkehstiai itsatatvtvhvhskehsti khilo' ehv utanhthihi nanhahnho itsinehsti khvnhi vtsanhiki.
cherokee_new_testament/split_audio/matthew_10_12.wav,atanelvnho itsiyvha itsiyolihehsti.
cherokee_new_testament/split_audio/matthew_10_13.wav,"iyunho nanhhannl uwthiyatv tikvwhahnatanilisti ikesehsti, nahski wtohytv tsahthsehli unlutseti kehsestihsehsiyuhno tikwntanlhst nikesv'na ikehsesti, naski nvwthytv ihthsvhsvkwo' itsihlutseti ikesesti. i-ge-se-s-di."
cherokee_new_testament/split_audio/matthew_10_14.wav,"iyunho khilo nititsatanilvkvna ikehsehsti v ale itsinhekv nathvkihskvna' ikehsehsti, nanhahkalhtsot al kathv itsnuhkoki, tetsinvkvtsksti kahta ttslasten. di-tsa-la-si-de-ni."
cherokee_new_testament/split_audio/matthew_10_15.wav,"uthyhy ha nitsvywehseha, ehskakwo ika'i unikilhiyo'ihsti kehsehsti sotami ale komali, tikukhthohtiyi ika kehsehsti, utlihiyu nahski na katuhv'i."
cherokee_new_testament/split_audio/matthew_10_16.wav,"kvnhiyukwo itsvnvli awhi uninotena tsanhelatitoho wayhohi nahskiya'i; nahski' iyuhsti inatv iketsihsinahsani kehsahsti, ale kule-tinihskonhihi iketsatanhthi kehsehsti."
cherokee_new_testament/split_audio/matthew_10_17.wav,"tetseyhahthotsehehsti atin yvwi, tekalawi'vhyenho totaketsathinholhi, tsunilawihstiyinho totaketsili'vnhili."
cherokee_new_testament/split_audio/matthew_10_18.wav,"ale ayv kehsv nvtikalhstohtihskehsti nunikvwiyuhsateki ale unikvwiyuhi tunolhv ikvyititlv tetsathinhohihehsti, nahski unvhsv ale tsunatalenhvtv yvwi unatolehohihstohti."
cherokee_new_testament/split_audio/matthew_10_19.wav,ahsenho nhahkwo teketsathinohihehsti lhehsti yitselihihskehsti iyuhsti itsine'ihstiyi ale itsiwehstiyi; nahiyukwohyeno etsinehti kehsehsti itsiwehstiyi.
cherokee_new_testament/split_audio/matthew_10_20.wav,"vtlayhenho nihi yitsinheko'i, itsitotahskini utanhto khaneko'i nihi' itstihsko'i."
cherokee_new_testament/split_audio/matthew_10_21.wav,"ahskayanho totayuyohsi uyohuhihstiyi tinatanhvlhi, akayvlikenho uwetsi' totayuyohsioi ale onhi tsunathvhsvhi totvnatluthani tsu'nikayvlike'i, ale nahski nvtvnvnhihsahni tiketsi'ihsti kehsehsti."
cherokee_new_testament/split_audio/matthew_10_22.wav,ale nani'vkwo yvwi' ketsihskaki kesehsti ayv takwato'v nvtikalhstohtihskehsti; ahsenho nahski kvlhskwatihski alhinikvnehi atsihstelvhti kehsehsti.
cherokee_new_testament/split_audio/matthew_10_23.wav,"ale nhahkwo uyo niketsvnhahtekehsti ilvhtlv katuhv'i, ilolihskehsti nvwalile tikatuhv witsilohskehsti. utohiyuhiyayhenho hi'a nitsvwehseha, vlha ihsiliyi tekatuhv'i yiketsetonhehsti nhahkwo yvwi uwetsi taka'luhtsi."
cherokee_new_testament/split_audio/matthew_10_24.wav,titelokwahski vlha utli yinatsilvkwotho'i ehskakwo tsuweyhohvhskiai ale atsinvhsitahsti' vlha utli hyinatsilvkwoto'i svhskakwo unvhsitohi.
cherokee_new_testament/split_audio/matthew_10_25.wav,"yelikwoyheno titelokwahski tsuweyhohvhski itsulahakwo yiki, ale atsinvhsitahsti unvhsitohi itsulahakwo yiki. iyuyhenho tsutathinhahi atanelv kwelitsikwa yunohselv, utli ahitiyu nahski itsuniwehsetiyi tutathinhahai."
cherokee_new_testament/split_audio/matthew_10_26.wav,"nahski iyuhsti lhehsti yititsihska'ihehsti. vtlayhenho kohuhsti' yikvhskalha nahski kvnikehsv iyulhstohti nikehsvna kehsv'i, vlha ale kohuhsti utelitv yiki nahski atolehohihsti nikehsvna kehsv'i."
cherokee_new_testament/split_audio/matthew_10_27.wav,ulhsihkv i'tsvnetselv'i ikakathv itsi nekehsti; etsatonv'elvnho kehsv kahsanali itsalhtsitohvhskehsti.
cherokee_new_testament/split_audio/matthew_10_28.wav,"ale lhehsti yititsihskaihehsti ayelv'i anihihi, asenho atanhto kvwahnihsti nikesvna tsiki. ukvwiyuhsehstihskini etsihska'ihehsti nahski tikvwahihsti tsiki ayelvi ale atanhto itsula tsvhskinhohi."
cherokee_new_testament/split_audio/matthew_10_29.wav,"tlahsko anitha'li tsihskwayah sakwo iyatanhtheti tsunakvwalhti yiki, ahseno' vlha hsakwo elati unv'ihsti yiki itsitota' utanhthelhvhi nikehsvna."
cherokee_new_testament/split_audio/matthew_10_30.wav,nahskwohskini' itsihsthiyehkv itsihskholi nikatiyu tihselhvhi.
cherokee_new_testament/split_audio/matthew_10_31.wav,nahski iyuhsti lhehsti yitsihskaihehstihi utliyhenho nika'v titsakvwalhti nihi' ehskakwo unitsathi tsiskwaya.
cherokee_new_testament/split_audio/matthew_10_32.wav,khiloyhehno khvnhikehsv nakwvnehehsti yvwi anikhthahv'i i nahskwo ayv nahski khvnikehsv utatsiyvneli etota kalvlati ehi akhthahv'i.
cherokee_new_testament/split_audio/matthew_10_33.wav,"khilohskini iakwatahyihehsti yvw anikhthahv'i, nahskwo ayv nahski tatsiyatayili etota kalvlati ehi akhthahv'i."
cherokee_new_testament/split_audio/matthew_10_34.wav,"lhehsti thohiyi unanukowihsilhv elohi, yihskiyelihsehehsti i vtlahskini thohiyi yakinanukowhihsilhv, ayelhstihskini kanvhitv."
cherokee_new_testament/split_audio/matthew_10_35.wav,"ayvyhenho aki'luhtsilhv, tinatahskaki iyulhstohtiyi ahskaya utotanho, ale akanvki akeyhv utsihnovi ale utatsohiya utsohinho;"
cherokee_new_testament/split_audio/matthew_10_36.wav,khilonho uwahsvkwo tutathinhahv kvwahskaki kehsehsti.
cherokee_new_testament/split_audio/matthew_10_37.wav,khilon utli nukeyuhsehsti utota ale utsi ehskakwo ayv nakikeyuhsehstiav vtla yeli nahski' ayv akwatseli ikvwalhstohti yikehsehsti. khilono utli nukeyuhsehsti uwetsi ahskaya ale uwetsi akeyhv ehskakwo ayv nakikeyuhsehsti a vlha yeli nahski' ayv akwatseli ikvwalhstohti yikehsehsti.
cherokee_new_testament/split_audio/matthew_10_38.wav,"khilo nayihskvna ikesehsti utseli tsutanhahawatv ale nakhstawatekvna ikehsehsti, vlha yeli ayv akwatseli ikvwalhstohti yikehsehsti."
cherokee_new_testament/split_audio/matthew_10_39.wav,"khilonho kvnhv iawhahthihskehsti, nahski uyohuhsehti kehsehsti; kilono' iuyohusehehsti kvnhv ayv nvtikalhstohtihskehsti, nahski uwhahthvhti kehsehsti."
cherokee_new_testament/split_audio/matthew_10_40.wav,"khilonho tetsatanilvkehsti, nahski ayv takwatanilvkehsti; khilonho' ayv takwatanilvkehsti, nahski tatanilvkehsti nvtvkinvhsvhi"
cherokee_new_testament/split_audio/matthew_10_41.wav,"khilonho tatanilvkehsti atolehohski' atolehohski kesv utikalhstohtikehsti, atolehohski akkuyvtahnti kehsv nahski akakuyvtnehehsti; khilonho tatanilvkehsti utanhthi ahskaya utanhthi kesv tikalhstoh tihskehsti, utanhthi ahskaya akakuyvtahnti kehsv nahski akakuyvtnehehsti."
cherokee_new_testament/split_audio/matthew_10_42.wav,"khilonho sakwo hi'a tsunhsti kesvi ulihskwitikwo akhali'i uyhvtltam ahvskst hakihstahwtith khehs ntikalistohtiskeshti, utohihyuhihya nitsvhweseha, vhtla nashki yohsti yihkehsehsti kakuhyeti kesv'ihti ge-sv-i."
cherokee_new_testament/split_audio/matthew_11_01.wav,"hi'anho nulhsthanvki; tsihsa uhskwa'tv tekhanetsehv thalatu iyanitv kvwhstawatitohi, unhikihsvki nanhahni, tuteyhohuhsvki ale ulhtsitonvhsvki tunitunhahai."
cherokee_new_testament/split_audio/matthew_11_02.wav,"nhahkwonho tsani tsatsihstuhv tsuthvkanv nuhstv tulvwhihstanehv kalonetv, totsunvhse anitha'li kvwhstawatitohi,"
cherokee_new_testament/split_audio/matthew_11_03.wav,"hi'a nvtayuwehselvki; nihihsko na uluhihsti' tsiki, tsikokhe nvwtale otsikathenohehsti?"
cherokee_new_testament/split_audio/matthew_11_04.wav,tsihsanho unhetsv hi'a nituwehselvki; tsihstena tsani' wi'ehstinohvhsi nika'v ihstatvkihskv'i ale ihstikowhahthihskv'i:
cherokee_new_testament/split_audio/matthew_11_05.wav,"tinikhewi anikowahthiha, tiniyo'ulhinho anetoha, atayhehski tsunitlvki tunatiwhska, tsunili'enanho anahthvkiha, tsuniyohuhsvhino tekekaletiha uyonho iyunatvnhahteki ohstv khanohetv ikekalitsitonheha."
cherokee_new_testament/split_audio/matthew_11_06.wav,ale ohsiyu iyulhstanhehti khilonititsiyotehstihskvna ikehsehsti.
cherokee_new_testament/split_audio/matthew_11_07.wav,i'unenvnho tsihsa ulenvhvkih hi'a ntuwehselvki unitsathi tsani tunohehtanelvki; kato itsakhthanhvhse inake'i? wahsonahsko unole uthelvhehskv'i?
cherokee_new_testament/split_audio/matthew_11_08.wav,katokhe itsakhthanhvhse'i? ahskayahsko tiwanake tsunhuwa'i? kvnhiyukwo tiwanake tsunanhuwa'i unikvwiyuhi taninelv aneho'i.
cherokee_new_testament/split_audio/matthew_11_09.wav,"katokhe' itsakhthanhvhse'i? atolehohskihsko? v'v, itsvyohseha, ale utlihiyu ehskakwo atolehohski."
cherokee_new_testament/split_audio/matthew_11_10.wav,"nahskihskini hi'a' na kekowhelv hia hatsinohehlskv tsinikvnhv; kvnhiyukwo, tsinvli tsinvhsitahsti tsakhathv ikvyititlv, nahski tatsatvnv'ihstaneli tsalohihstiyi ikvyititlv."
cherokee_new_testament/split_audio/matthew_11_11.wav,"utohiyuhya hi nitsvwehseha, anikeyhv kvwninnukowhihsvhi tsiki vlha khilo yunanukotsv kvwtalinehitehti tsani titawohski; ahseno uhstikhani kalvlati ehi ukvwiyuhi kehsv utli atsilvkwotiyu ehskakwo tsani'."
cherokee_new_testament/split_audio/matthew_11_12.wav,"tsaninho titawohski unanukotsv nvtakvwatalenvtv khohi iyahsthi kalvlati ehi ukvwiyuhi kehsv ananeluki'eha, ananelukihskinho kvhskahstaki taniniyiha."
cherokee_new_testament/split_audio/matthew_11_13.wav,nani'vyhenho anatolehohski ale tikhanhahwatvhsti anatolehohskvki tsani unanukotsilv iyahsthi.
cherokee_new_testament/split_audio/matthew_11_14.wav,"iyunho tiketsatanilv'ihsti kehsehsti, nhski hi'a ilaya uluhihsti' tsikehsvki."
cherokee_new_testament/split_audio/matthew_11_15.wav,khilo tekaliluhkehsti uthvkotiyi nahsk athvkihskehsti.
cherokee_new_testament/split_audio/matthew_11_16.wav,katokhe totakatsiyatlilohsthani hiha khohi tsaneha? tiniyolhikwo nahskiya kanhtohtiyi tsanino'i ale tsiwitaniyanihsko unetahstiyi
cherokee_new_testament/split_audio/matthew_11_17.wav,"ale hi'a tsinitaniwehseho'i; atselhuhki' okhthanv tetsvnoki'elv, ahsenho' vlha yitsalihskisvhi totsiyvhkvki itsathvkoti, ahsenho vlha yititsatloyhilv."
cherokee_new_testament/split_audio/matthew_11_18.wav,"tsaniyhenho uluhtsvki vlha yalhstayvhvhske'i ale vlha yatithahske'i, ahsenho nianiweha v ahskina uya."
cherokee_new_testament/split_audio/matthew_11_19.wav,yvwi uwetsi uluhtsv alhstayvhvhska ale atithahskahv hi'anho ni'aniweha; kvniyukwo ahskaya ukhv'vhski alhstayvhti ale kikake-atithahsti a atelv anikihsitohi ale anihstena unali'i. ahsenho akhthanhahi tsuwetsi ohsiyu ikvwayelvha.
cherokee_new_testament/split_audio/matthew_11_20.wav,"nhahkwonho ulenvhvki tukvhskolvnvki tunituhv'i nnhhutl iki uskwni'koti tulhwstaneli, ntakalihstotiskvki tunatahnvhtv ntninetlihyhsvn ni-du-ni-ne-tli-yv-sv-na ge-sv-i."
cherokee_new_testament/split_audio/matthew_11_21.wav,uyo'iyu itsalhstanhehti kolehsini i uyo'iyu itsalhstanehti kwetsayitisi iyuyhenho uhskwanikhti htekalvwhihstanelv nihi' itsehv yitokalvwhihstanele thaya ale satoni v kohiki tikvwaninetliyvtv yikehse tunatanhthv'i v tsuhsihthena yitunanhuwo'e ale kohstu yunatanvliye'e'i.
cherokee_new_testament/split_audio/matthew_11_22.wav,"ahsenho hi'a nitsvwehseha; ehskakwo ika'i unikilhiyo'ihsti kesehsti thaya ale hsatoni, tikukhthohtiyi ika kehsehsti, utlihiyu nihi."
cherokee_new_testament/split_audio/matthew_11_23.wav,"nihino kekwani kalvlati iyvtv tsetsahsalata, tsvhskinhohi wvtayelo'vhthani; iyuhyenho uhskwanikti tekalvwhihstanelv nihi' itsehv yitokalvwhihstanele sotamiyi v ahsi khohi kehsv yinikvwhstekwo."
cherokee_new_testament/split_audio/matthew_11_24.wav,ahsenho hi'a nitsvwehseha; ehskakwo ika'i unikilhiyo'ihsti kehsehsti hsolimi tikukhthohtiyi ika kehsehsti v utlihiyu nihi.
cherokee_new_testament/split_audio/matthew_11_25.wav,"nahiyu tsihsa unhetsv hi'a nuwehsvki; kvyali'elitseha etota, htsakvwiyuhi kalvlati ale elohi, nahski hiha tsihtehvhskalanelv anihsinahsani ale aneyhahthahi, tiniyolhinho tsitehinanukowhihselv."
cherokee_new_testament/split_audio/matthew_11_26.wav,"vhv, etota, naskiyhenho ohsiyu tsayelvnhvhi."
cherokee_new_testament/split_audio/matthew_11_27.wav,"nika'v kohuhsti takiyohihselv etota, ale' vtla khilo yakhthaha uwetsi utotakwo uwahsv a vlha ale khilo yakhthaha akayvlike'i uwetsi uwahsv, kilono nahski tsinanukowhihsi ela uwetsi."
cherokee_new_testament/split_audio/matthew_11_28.wav,"etsena, ayvh skiluhtsi i nikatiyu akilhiya titsilvwhihstanehi, ale kaketv titsalihsehi v ayvnho tatsvyawehsolvhsthani."
cherokee_new_testament/split_audio/matthew_11_29.wav,"itsiyv akwakilhanalo aleihskiyatelhohkwahsi, akwatanhthiyuyheno ale akwatatolihstiyu akinawiyi, tatsiwhahthvhino titsatanhto tsuyawehsolvhstiyi."
cherokee_new_testament/split_audio/matthew_11_30.wav,"akwakilhanaloyheno nuhihsohtvna, kalihsehvnho utahsahkhahiyu."
cherokee_new_testament/split_audio/matthew_12_01.wav,"nahiyu tsihsa a'ihsvki awhihsv utsalehsti unatotakwahskv ika; kvwahstawatitohino akonu tuniyohsihskvki, ale unalenvhvki unihskutesvki utsalhehsti ale unihstikvki."
cherokee_new_testament/split_audio/matthew_12_02.wav,ahsenho anikwalihsi unatolehohsv hi'a nvkvwawehselki; khvnhiyukwo ikvtvneti nikehsvna unatotakwahskv ika nanatvne ketsahstawatitohi.
cherokee_new_testament/split_audio/matthew_12_03.wav,"ahsenho hi'a nituwehselvki; lhahsko yitsikoliye'o tewi nutvnelv akonu tsuyohsihske, ale nahski' anehi,"
cherokee_new_testament/split_audio/matthew_12_04.wav,"unelanvhi utseli atanelv tsuyvlhe'ihv ale akathohti katu tsuke'i, yeli' kvwakihsti nikehsvna tsikese'i, ale nahski anehi, atsilvhskini-anelhohi unvhsv?"
cherokee_new_testament/split_audio/matthew_12_05.wav,"lhahsko nahskwo yitsikoliye'o tikhanhahwtvhstiyi' nahski unatotakwahskv ika uthvna tikathawihstiyi atsilv-anelhohi unatotakwahskv aniyohstihskv, ale unihskanvtsvhi nikehsvna kesv'i?"
cherokee_new_testament/split_audio/matthew_12_06.wav,ahsenho hi'a nitsvwehseha v anhi etoha utli atsilvkwotiyu ehskakwo uthvna tiklawi'ihstiyi.
cherokee_new_testament/split_audio/matthew_12_07.wav,"yitsikhtho'vhsehskini kathkv hi'a nahski tsinikaweha, atatolihsti kehsv akwatuliha, vlhanho atsilv-kelhstiyi kesv'i, vlha unihskanvtsvhi' yitoketsiyelvnhe nunihskanvtsvna."
cherokee_new_testament/split_audio/matthew_12_08.wav,yvwiyhno uwetsi ukvwiyuhi nhskwo unatotakwahskv ika.
cherokee_new_testament/split_audio/matthew_12_09.wav,"nanhahn iutanvsv, tsunilawi'ihstiyi wuyvlhvki."
cherokee_new_testament/split_audio/matthew_12_10.wav,kvnhiyukwonho etohvki ahskaya uwoyeni uwa'ihselvhi. kvwahtvtvnhvkinho hi'a nuniwesvkiva tsiko yelikwo kvtanhvwoti unatotakwahskv'i; kvwayhi'litahstiy unatulihskvki.
cherokee_new_testament/split_audio/matthew_12_11.wav,"hiano ntuwehselvki; tsiko ahskaya utahsuya' itsehv'i i iyunh sakwo awhi unotena yunalha'a, athalehsvnho yulvtsv unatotakwahskv'i, nahski wuniyhti ale wulehsti nikehsvna?"
cherokee_new_testament/split_audio/matthew_12_12.wav,nika'vhskini utlihiyu atsilvkwotiyu yvwi ehskakwo awhi unotena. nahskihskini iyuhsti yelikwo ohstv tikalvwhihstahnti unatotakwahskv ika.
cherokee_new_testament/split_audio/matthew_12_13.wav,"nhahkwonho hi'a nuweselv ahskaya; hatoyanvhita; utoyhanvhitvkinho. ale utiwhhsvki, nahskiyalhso'i nuhstv nulhsthanvki."
cherokee_new_testament/split_audio/matthew_12_14.wav,nhahkwonho anikwalihsi uninukotsv uninhohelv iyunvnhtiyi' unihihstiyi.
cherokee_new_testament/split_audio/matthew_12_15.wav,"ahsenho tsihsa utolehohsv nanhhutnsk; unihtsathno kvwstwathsvhki; ale nkat tunvwanki, du-nv-wa-nv-gi,"
cherokee_new_testament/split_audio/matthew_12_16.wav,ale tunvhstatelv khvnikehsv' ikvwanhtiyi.
cherokee_new_testament/split_audio/matthew_12_17.wav,"utohiyuhtiyi ayelvhsvki ihsaya atolehohski tsunhetse'i, hi'a tsinuwehse'i;"
cherokee_new_testament/split_audio/matthew_12_18.wav,"kvniyukwo tsinvhsitahsti tsiyahsuyetv tsikeyui tikwatanhtv iyvtv ohstv tsiyelv'i; tatsineli akwatanhto, ale tsunatalenhvtv yvwi tuyukhtv' tsunnukohwsehti kehsesti."
cherokee_new_testament/split_audio/matthew_12_19.wav,"vlha tsuthiyohsti ale uwelhuhti yikehsehsti, vlha ale khilo uthvkanehti yikehsehsti khanekv tekalanvtv'i."
cherokee_new_testament/split_audio/matthew_12_20.wav,"wahsona' uyehthawotsvhi vlha tsuskwalhsti yikehsehsti, ale tholetv tsukhsvhsti vlha uhwtlattihsti yikehsehsti, khvnhi atalinehitonhvha tuyuhktv' kesv tayelihihstihskv'i."
cherokee_new_testament/split_audio/matthew_12_21.wav,ale tuto'v tsunatalenhvtv yvwi analihskahstohtihskehsti.
cherokee_new_testament/split_audio/matthew_12_22.wav,"nhahkwono akathinhohelvki' ahskina uya'i tikhewi ale uwakhewi, ale unhvwanvki; nahskino tikhewi ale uwakhewi uwonihsvki ale ukohvki."
cherokee_new_testament/split_audio/matthew_12_23.wav,nikatvno yvwi unihskwanikohsvkivi hi'a nuniwehsvki; tlahsko hi'a tewi uwetsi yiki'?
cherokee_new_testament/split_audio/matthew_12_24.wav,ahsenho anikwalihsi unathvkanv i hi'a nuniwesvki; hia' vlha anihskina yitikanukowhihska khvnhi tsuhstelihsko' kwelitsikwa ukvwiyuhi anihskin unatselika.
cherokee_new_testament/split_audio/matthew_12_25.wav,"ale tsihsa akhthahv nuhstv anatanhthehskv'i, hi'a nituwehselvki; nika'v ayelhi kolhvhsi tha'li tsinatatihsko uwahsvkwo tsatatlutihsko ayokokwo; ale nika'v katuhv ale atanelv tha'li tsinatatihsko uwahsvkwo tsatatlutihsko vlha yinikvwahstokwo."
cherokee_new_testament/split_audio/matthew_12_26.wav,"iyu ale hsetani setan yikanukohwihska, tha'li natatihsko'i uwahsvkwo atatlutihsko'i; katonho yikalhstohta yinikvwhstikwo utselikohi?"
cherokee_new_testament/split_audio/matthew_12_27.wav,"iyunho' ayv kweltsikwa yakhsteli ahnskina yittsinukowihska, kako unihstelihsko titsetsi tsitaninukowhihsko'i? nahskihskini tiketsukhtaneh kehsehsti."
cherokee_new_testament/split_audio/matthew_12_28.wav,"iyuhskini ayv unelhanvhi utanhtho yikvti anihskina' yititsinukowhska, nhahkwohskini kalvlati ehi ukvwiyuhi kehsv' itsiluhtselv."
cherokee_new_testament/split_audio/matthew_12_29.wav,"ale kato yatvka kl ulhinikitv ahskaya kanelv yayvha ale unhahv yawonv, iyuno' ikvyi nulhvlvna yiki nahsk ulhinikitv ahskaya? khila nhahkwo yawonv kaneli unhahai."
cherokee_new_testament/split_audio/matthew_12_30.wav,"khilo nakwalikonhehvna, nahski akwatlutiha; khilon nohstilhihsihskvna, nahski yatikaleyahska."
cherokee_new_testament/split_audio/matthew_12_31.wav,nahski' iyuhsti hi'a nitsvwehseha; nika'v nutalehsv ahskanv'ihsti kesv' ale ahsotlvhtohti kesv' ketsitolihstikwo kehsehsti yvwi; kalvkwtiyuhskini atanhto ahsotlvtohti kehsv vlha ketsitolihsti yikehsehsti yvwi.
cherokee_new_testament/split_audio/matthew_12_32.wav,"ale khilo kawonihskv atlutihskehsti yvwi uwetsi, atsitolihstikwo kehsehstihi khilohskini kawonihskv atlutihskehsti kalvkwtiyu atantho, vlha atsitolihsti yikehsehsti kohi kehshv ale nahskwoh so'iyi tikehsv'i."
cherokee_new_testament/split_audio/matthew_12_33.wav,"lhkv ohstv nitsvka uthvnho ohstv, ale tluhkv uhsonhv nitsvka uthvnho uhsonv'i; tluhkvyheno' kolhihstohti kehso' nuhstv utv'i."
cherokee_new_testament/split_audio/matthew_12_34.wav,yo' inatv tsunetsi nihi! tsinitsiyo'iyv kato yikalhstohta ohstv yitsiwonihi? utsathvyeno onawhiyi' owhi vholi kawonihsko'i.
cherokee_new_testament/split_audio/matthew_12_35.wav,"ohstv yvwi, ohstv uhskwanikotv unawiyi, ohstv kananukowhihsko'i v uyonho yvwi, uyo uhskwanikotv uyo kannkowhihsko'i."
cherokee_new_testament/split_audio/matthew_12_36.wav,"hianho nitsvwehseha; nika'v uyo aniwonihskv yvwi, uninoheti kehsehsti tikukhthohtiyi ika kesv'i."
cherokee_new_testament/split_audio/matthew_12_37.wav,hinkvyhenho tsatutalehstohti kehsehsti v ale hinekv tsaskanvtsv titsatukhtaneti kehsehsti.
cherokee_new_testament/split_audio/matthew_12_38.wav,"nhahkwonho khilo iyunahsti tinowelihsk ale anikwalihsi uninehtsv, hi'a nuniwehsvki; thateyhohvhskiav uyelhthv okatuli itsvkowhahthvehtiyi."
cherokee_new_testament/split_audio/matthew_12_39.wav,"unhetsvno hi'a nituwehselvki; kohi tsaneha uniyo ale tinatayhonehi uyelhtv uniyhoho'i; ahsenho uyelvhtv vlha ketsinehti yikehsehsti, tsona atolehohski utselika uyelhtv uwahsv."
cherokee_new_testament/split_audio/matthew_12_40.wav,"tsonahyenho tso'i' ika ale tso'i hsvnoyi atsa'ti' ekwa uhskwolhiyi tsaya'e'i, nahskwohskini yvwi uwetsi tso'i ika a'le tso'i hsvnoyi katohi hawin aya'ehsti."
cherokee_new_testament/split_audio/matthew_12_41.wav,"yvwi' niniwi tsanehvki totvnalenhi takvwanatluthani kohi tsaneha, tikukhtotiyhi ika kesv'i, ale uhnskanvtsv khvnikehsv utvnvneli; nahskiyheno tunatanhthv tuninetliyvhsvki tsona alhtsitohvhskv nuwanhihsanhvki i khvnhiyukwonho ani' etoha utli atsilvkwotiyu ehskakwo tsona."
cherokee_new_testament/split_audio/matthew_12_42.wav,"ukvwiyuhi' akeyhv' tsukanawv tsehe'i totvlenhi tayunatluthani kohi tsaneha tikukhthohtiyi ika kehsv'ivi ale unihskanvtsv khvnikehsv nvtakvneliav nahskiyhenho katohi wahsthv iyvtv tsuwenvhse uthvkanilhe solimnv akhthanhahiyu kehsv'i, kvniyukwonho anhi' etoha utli atsilvkwotiyu' ehskakwo hsolimonv."
cherokee_new_testament/split_audio/matthew_12_43.wav,"iyuno kataha atanhto yvwihi kanuko'i, ukhayotvhi etoho'i uyawehsolvhstiyi uyhoho'i, ahsenho' vlha yawhahthihsko'i."
cherokee_new_testament/split_audio/matthew_12_44.wav,nhahkwono hi'a nikawehsko'i; titsinelv tikinukotsv yvtvtsilohsi. nhahkwono wika'luhki awhathihsko uhsiwha kehso' ale kvnohsatvhi ale kotu'ihsto'i.
cherokee_new_testament/split_audio/matthew_12_45.wav,"nhahkwnho' i'eki witayhanihsko uwanatale kalhkwoki' anihskina utli iyuninekutshitv ehskakwo uwahsv, nanhahno aniyvhiho'i ale ananelatihsko'i, onhino nuhstv na ahskaya utli uyo'iyu kehso'i ehskakwo ikvyiyi. nahskihskini nunstehsti kohi uninekutsitv tsaneha."
cherokee_new_testament/split_audio/matthew_12_46.wav,"ahsikwo tekawonetihskv yvwi, kvnhiyukwo utsi' ale analinvtli toyitlv anitona'vki, unatulihskvki kvwalhinohehtohtiyi."
cherokee_new_testament/split_audio/matthew_12_47.wav,"khilonho hi'a nuwehselvkiai kvnhiyukwo tsatsi ale itsalhinvtli toyi anitona'a, ketsalinohehtohtiyi unatuliha."
cherokee_new_testament/split_audio/matthew_12_48.wav,unhetsvnho hi'a nuwehselv unhohnelhvhi; kako etsi? ale kako otsalhinvtli?
cherokee_new_testament/split_audio/matthew_12_49.wav,wituhsonnho kvhwstawatitohi hi'a nuwesvki; kvnhiyukwo etsi ale otsalhinvtli.
cherokee_new_testament/split_audio/matthew_12_50.wav,"khiloyhenho natvnehehsti nuhstv utulihskv etota kalvlati ehi, nahski vkhinvlhi ale vkito ale etsi."
cherokee_new_testament/split_audio/matthew_13_01.wav,nahiyu ika tsihsa unukotsvki atanelv'ivv ale vtalulhti uwenhvki.
cherokee_new_testament/split_audio/matthew_13_02.wav,"unitsathin yvwi kvwatalhuwhihsthanvki, nahski iyuhsti tsiyuhi utsanvki v ale uwenhvki. nikatiyunho' nahski unitsathi amayulhti anitona'vki."
cherokee_new_testament/split_audio/matthew_13_03.wav,"te'uwonhthanvhno utsathi tsutalenhvtv tulhilohstanelvki'e hi'a nuwehshvki; kvnhiyukwo, awhihski uwhihsvhse'i."
cherokee_new_testament/split_audio/matthew_13_04.wav,"uwhihsvnho ikatv nvnohulhti hulakeyatvtse'i, tsihskwanho uniluhtse ale unuthihsonhe'i."
cherokee_new_testament/split_audio/matthew_13_05.wav,"ikatvnho nvyohi kehsv ulakeyatvtse'ihv kayolhi kata' kalakeyv'i, khilakwonho iyvtv ulhiyenhe'i, nvtikalhstohtihske sake'iyu kehsv kata."
cherokee_new_testament/split_audio/matthew_13_06.wav,"ahsenho nvto tsukhalvtsv uleyvhse'i, nitunhahstetlvnanho kehsv hiyuhsti unhahskvtsekwo."
cherokee_new_testament/split_audio/matthew_13_07.wav,ikatvnho anukalhvhi ulakeytvtse'i i anukalhvnho tsuthvhs unenulahsthane'i.
cherokee_new_testament/split_audio/matthew_13_08.wav,"ikatvhskini ohsv katohi ulakeytvtse'ivv nahskino ukhthathane'i, ikatv ahskohitskwi unhehkwotse'i, ikatvnho hsutalahskohi unehkwotse'ihv ikatvnho tso'ahskohi unhehkwotse'i."
cherokee_new_testament/split_audio/matthew_13_09.wav,khilo tekaluhkehsti uthvkotiyi wahthvkvka.
cherokee_new_testament/split_audio/matthew_13_10.wav,kvwahstawatitohinho kvwaluhtshelv hi'a nikvwawehselvki v katonho tehiwonhtihskv tsitehalhilohstaneha?
cherokee_new_testament/split_audio/matthew_13_11.wav,"unhetsvnho hi'a nituwehselvki; nvtikalhstohtihskini nihi etsinelvhi kehsv' itsolhihstiyi utelitv kehsv kalvlati' ehi uhkv wiyuhi kehsv'i, navhskini vlha kekalihskoltanelvhi yihki."
cherokee_new_testament/split_audio/matthew_13_12.wav,"khilohyenho uhehsti atsinehti kehsehsti, utsathinho uhehsti; khilohskini nuhvna kehsehsti atsiki'ehtikwo kehsehsti nahskiv nahskwo' uhv'i."
cherokee_new_testament/split_audio/matthew_13_13.wav,nahski nvtikalhstohtiha tsitekatsiyatlilohstaneha i anikowhahthihskvyhenho vlha yinahthkiha al vthla yinholika.
cherokee_new_testament/split_audio/matthew_13_14.wav,"ale anehv utohiyunhv ihsaya tsutolehohse'iki hi'a tsinuwehse'i; itsathvkihskv itsathvkihskehsti, ahsenho vlha yitsolhkehsti v ale itsikowhthihskv itsikowhahthihskehsti' v ahsenho vlha yitsatolehohskehsti."
cherokee_new_testament/split_audio/matthew_13_15.wav,"hiayhenho yvwi tsuninawhi tulitsohvhsv, ale tanililuhkv kayolhiyu tathvkiha, ale tinikhtholi tunihstunhv; nahski tinikhthol tikvwanikowahthvhtohti nikehsvna iyulhstohtiyi, ale tanilihlkv tikvwnathvkottinikehsvna iyulhstohtiyi, ale tsuninawhi tikvwanolhihstohti nikehsvna iyulhstohtiyi, ale tikvwanatanetliyv'ehti nikehsvna tunatanthv a ale tikaktsinvwoti nikehsvna iyulhstohtiy."
cherokee_new_testament/split_audio/matthew_13_16.wav,"nihihskini titsikhtholi tikalvkwthanvhi, nahskiyno takowhthiha, ale tetsilihlkv'i v nahskiyenho tathvkiha;"
cherokee_new_testament/split_audio/matthew_13_17.wav,"utohiyuhiyayhenho hi'a nitsvwehseha, unitsathi anatolehohski ale unatanhthi unatulvtv hutsikowahthvtiy hia nahski tsitsikowahthihavv ahsenho vlha unikohvhi yiki; ale unathvkotiyi hi'a nahski tsitsatvkiha, ahsenho' vlha unathvkanvhi yiki."
cherokee_new_testament/split_audio/matthew_13_18.wav,nahski iyuhsti' nihi itsathvkvka talhilohsthv awhihski.
cherokee_new_testament/split_audio/matthew_13_19.wav,"iyuno khilo athvkvka khanohetv kalvlati ehi ukvnayuhi kehsv ukvwalhi, nikolhkvnanho tsikehso'i, nhahakwo unekutsitv ka'luhko'i ale uki'eho awhihsv unawhiyi. nahski hi'a unohulhti tsawhihse'i."
cherokee_new_testament/split_audio/matthew_13_20.wav,"hi'anho nahski nvyohi tsawhihse'ihsi nahski tsatvkihsko khanohetv, ale khilakwo iyvtv ulihelitsvhi tsitatanilvko'i;"
cherokee_new_testament/split_audio/matthew_13_21.wav,"ahsenho nitunhahstetlvnakwo kehso'ivv ale lhekakwo tsitakhanhahwateko'i; akilhiyvyheno kananuko'i ale khanohetv tvlhiyilvhsta akateyahthohta, khilakwo iyvtv tuwotehiho'i."
cherokee_new_testament/split_audio/matthew_13_22.wav,"hi'anho nahskwo anukalhvhi tsawhihse'i, nahski tsatvkihsko khanohetv, elohnho uwelihihsti kehsv ale kenhv'ihsti kesv utalitahstv aninenulahstihsko khanohetv, nahskinho nakhthathvhskvnakwo kehso'i."
cherokee_new_testament/split_audio/matthew_13_23.wav,"nahskihskini' na ohsv katoh tsawhihse'i; nahski tsathvkihsko khanohetv ale tsikolhko'i, ale nahskwo tsakthathvhsko'i, ale tsikananukowhihsko'i, ikatv ahskohitskwi unhehkwotsvhi, ikatvnho hsutalahskohihv ikatvnho tso'ahskohi."
cherokee_new_testament/split_audio/matthew_13_24.wav,"nvwatale tulhilohstanelvki, hi'a nuwehsvki; kalvlati ehi ukvwiyuhi kehsv nahskiyakwo ahskaya ohstv ukhtha ulokehsv tsuwhihse'i."
cherokee_new_testament/split_audio/matthew_13_25.wav,"ahsenho yvwi unilhinvtsv, uhskaya uluhtse' uyo' ukhtha uwhihse utsalehsti awhihsv uhsuyvne'i; ale i'uwenvhse."
cherokee_new_testament/split_audio/matthew_13_26.wav,nhahkwonho ulhiyenhv ale ukhthathanv nahskwo uyo unanukotse'i.
cherokee_new_testament/split_audio/matthew_13_27.wav,"nhahkwonho ahskaya kanela tsunvhsitahsti kvwaluhtsele'i, hi'a nikvwawehsele'i; skinvhsitahsti, tlahsko ohstv ukhtha yitsawhihse tsalokehsv'i? kato tikalhstohtaha uyo tsuyhehka?"
cherokee_new_testament/split_audio/matthew_13_28.wav,hian hnituwehsele'i; khilo akhskaki nahski nutvnelv. tsunvhsitahsti hi'a nikvwahsele'i; tsatulihskon okiyhehihsvhstiyi?
cherokee_new_testament/split_audio/matthew_13_29.wav,"ahseno hia nuwehse'ihv vlha, itsiyehihskvyhenho uyo, yitetsinhahahstetlvhta nahskwo utsalehsti."
cherokee_new_testament/split_audio/matthew_13_30.wav,"unelaki ikulaha witathvhi khvnhi' akhthvnatsvha; nhahkwonho akhthvnatsv hi'a nvtakatsiwehseli anihskutehski a ikvyi itsilhihsa uyo, ale titsohthvtsa tikohvhstohti, utsalehstihskini itsilhihsa akihskwankohttiy."
cherokee_new_testament/split_audio/matthew_13_31.wav,"nvwatale tulhilohstanelvkihi hia nuwesvki v kalvlati ehi ukvwiyuhi kehsv nahskiyakwo atsilv ukhtha, ahskaya tsukihse ale tsuwhihse ulokehsv'i."
cherokee_new_testament/split_audio/matthew_13_32.wav,"nahski utohiyuhsv tsiwotakonatti uhstikhiyu kesvh nika'v ukhtha'a ahsenho athvhi tsiwotakonatti uthvniyu kehsv nika'v uyenhahai, ale tluhkv tsinikalhstiha, nahskinho tsihskwa tsaniluhko'i, tuwanikalhv tsanahatihsko'i."
cherokee_new_testament/split_audio/matthew_13_33.wav,"nvwatale tulhilohstanelvki, hia nuwohsvki a kalvlati ehi ukvwiyuhi kehsv nahskiyakwo akotohti, nahski akeyhv tsukihse ale tsuhsuyvne tso'i iyulhilotv ihsv kalhv'i, khvnhi nikatv ukohsonhv."
cherokee_new_testament/split_audio/matthew_13_34.wav,"nahski hi'a nikatiyu tsihsa tuwonhthanvki unitsathi tulhilohstanelvki, nitalhilohstanehvnanho kesv vlha yituwonhthane'i."
cherokee_new_testament/split_audio/matthew_13_35.wav,"utohiyutiyi ayelvhsvki atolehohski tsunhetse'i, hi'a tsinuwehse'i a tatsihstu'ihsi tsi'oli tekatlilohstihskv'i v tatsineihsthani utelitv ahskwanikotv elohi tsutolhvnhv nvtakvwatalenvtv."
cherokee_new_testament/split_audio/matthew_13_36.wav,"nhahkwono tsihsa tuyelihsthanv unitsathi, atanelv wuyvlhvki; kvwhstawatitohinho kvwaluhtshelvki, hi'a nuniwehsvki; tihskiyohsihsasi talhilohsthv uyo tsulhiyenhe tlokehshi."
cherokee_new_testament/split_audio/matthew_13_37.wav,unhetsvnho hi'a nituwehselvki i nahski na ohstv ukhtha tsuwhihse'i nahski yvwi uwetsi;
cherokee_new_testament/split_audio/matthew_13_38.wav,tlokehsinho nahski' elanikhv'i; ohstv ukhtha nahski kalvlti' ehi ukvwiyuhi kesv anehi; uyonho tsulhiyhne nahski' unekutsitv tsuwetsi;
cherokee_new_testament/split_audio/matthew_13_39.wav,"akaskinho nahski tsuwhihse'i, nahski ahskina; ukhthvna'ihstiyinh kesv nahski alhskwatvha elohi; anihskutehskihno nahski tinikhanhahwatitohi."
cherokee_new_testament/split_audio/matthew_13_40.wav,"nahskinho uyo tsanilhihsihsko ale tsanakohvhstihsko' atsilvyi, nahskiyahskini nahskwo nuhstehsti alhskwatvha hi'a elohi."
cherokee_new_testament/split_audio/matthew_13_41.wav,"yvwi uwetsi totakanvhsi tsutseli tinikhanhahwatitohi, ale nahski utselikohi totvnotsalehsi nikatv tinatatotehstihski ale nikatv anihskanvki,"
cherokee_new_testament/split_audio/matthew_13_42.wav,tikolhvhsvnho atsilvyi witotvna'ta'ehsi; nanhhtnyvkshti ahle tanltkskst taninutokviti da-ni-nu-do-gv-i.
cherokee_new_testament/split_audio/matthew_13_43.wav,nhahkwonho unatanhthi kvwanithalukihski kehsehsti unitota utselikohi a nvto nahskiyahi'i khilo tekalilkehsti uthvkotiyhi wathvkvka.
cherokee_new_testament/split_audio/matthew_13_44.wav,"ale nahskwo kalvlati ehi ukvwiyuhi kesv nahskiyakwo tsukvwalhti' utelitv tlokehsi tsaho'i, nahski iyu ahskaya awahthv, tsatelhvhsko'i v alihelikvnho iyuhsthi tseki tsiwikanateko nikatv uhskwanhikotv'iav ale tsiwuwhahsko' nahski tlokehsi."
cherokee_new_testament/split_audio/matthew_13_45.wav,ale hnskwo kalvlati ehi ukvwiyuhi kesv nahskiyakwo kanohtihski tsituyhohe tsuwotuhi takvna-iyunahsti.
cherokee_new_testament/split_audio/matthew_13_46.wav,"nahskinho nhahkwo uwhahthvhv sakwo utsathi tsukvwalhti takvna iyuhsti uwenvhse wunatinvhse nikatv uhskwanikotv'i, nahskino' uwhahse'i."
cherokee_new_testament/split_audio/matthew_13_47.wav,"ale nahskwo kalvlati ehi ukvwiyuhi kehsv nahskiyakwo akayaluti tsiwunatainvhse amekwohi, ale tsituniniyvhe nani'v tsunatalenhvtv;"
cherokee_new_testament/split_audio/matthew_13_48.wav,"nahskinho nhahkwo ukhalitsv amayulhti uninhsinole'i, ale unanvne'i, anohstvnho tithelito tunilvthane'i, uniyonho tunata'invse'i."
cherokee_new_testament/split_audio/matthew_13_49.wav,"nahskihskini nuhstehsti elohi alhskwatvha; tinikhanhahwatitohi tvni'luhtsi, totvnakalenthani uninekutsitv ale unatanhthi;"
cherokee_new_testament/split_audio/matthew_13_50.wav,"uninekutsitvnho witotvnata'ehsi tikolhvhsv atsilvyi, nanhahataniyvhkehst al tanltkskst da-ni-lv-da-gi-s-ge-s-di da-ni-nu-do-gv-i."
cherokee_new_testament/split_audio/matthew_13_51.wav,"tsihsanho hi'a ntuwehselvki; itsolhkitsu nikatv hi'a? vv, tsakvwiyuhi, vkvwohselvki."
cherokee_new_testament/split_audio/matthew_13_52.wav,"nhahkwono hi'a' ntuwehselvki; nahski iyuhsti khilo tikowhelihski kalvlati ehi ukvwiyuhi kesv ukvwalhi' akeyhonvhi tsikehso'i, nahskiyakwo ahskaya kanela tsitotikananukohwihsko' tsukvwalhti uhskwanikhtv tsutalenhvtv titse ale tsuwethi."
cherokee_new_testament/split_audio/matthew_13_53.wav,"hi'anho nulhsthanvki, nhahkwo tsihsa uhskwatv hi'a nahski talhilohstihskv'i, unhikihsvki."
cherokee_new_testament/split_audio/matthew_13_54.wav,"nhahakwno uwahsv utselikohi uluhtsv tsunilawi'istiyi tuweyhonhvki; nahski iyuhsti unihskwanikohsvki, ale hi'a nuniwehsvki; kato ulhstohthanv hi'a nahski ahskaya tsakhtha nhaha ale uhskwanikhti tsitulvwhihstaneha?"
cherokee_new_testament/split_audio/matthew_13_55.wav,"hi'akhani tinehskehski uwetsi, melikhani' utsi, alekhani' analhinvtli tsimi v ale tsohsi ale hsawani ale tsutahsi?"
cherokee_new_testament/split_audio/matthew_13_56.wav,alekhahni tsuto nikatv ehskanhi tsaneha? katonho ulhstohthanv hi'a nikatv tsuweha?
cherokee_new_testament/split_audio/matthew_13_57.wav,"vkvwakhonelohihselvkinho; ahsenho tsihsa hi'a nituwehselvki; atolehohski vlha natsilvkwotvna yikehso'i, uwahsvhskininonv utselikohi ale uwahsv kanelvhi."
cherokee_new_testament/split_audio/matthew_13_58.wav,"vlhanho yutsathe uhskwanikt nnhhytlhwistanhli, nanohiyuhvhskena' kehsv ntkalhsttskvk. nv-da-ga-li-s-do-di-s-gv-gi."
cherokee_new_testament/split_audio/matthew_14_01.wav,nahneyu elotv nvhki ikatuki kehsv hstatuki atsikathitihst uthvkane tekanotsalhv tsihsa.
cherokee_new_testament/split_audio/matthew_14_02.wav,"hi'anho nituwehsele tsunvhsitahsti; hi'a nahski tsani titawehski; to'ulenhv tsuyohuhsvki, ale nahski iyuhsti uhskwanikhtiyu tsitulvwhihstaneha."
cherokee_new_testament/split_audio/matthew_14_03.wav,"elotvyhenho uni'yvhe tsani' ale ulhvle'i ale uhstunhe titahstutiyi, kwiliki elotv tinatanhvlhi utali'i elotihsi tsutoitv uhstvtihske'i."
cherokee_new_testament/split_audio/matthew_14_04.wav,tsaniynho hi'a nuwehsele elotv; vlha tuyukhthv yiki nahski tsatayheha.
cherokee_new_testament/split_audio/matthew_14_05.wav,"ale utulihske uhihstiyi, ahsenho tahska'ihe yvwi, atolehohskihyenho uniyelvse tsani."
cherokee_new_testament/split_audio/matthew_14_06.wav,"ahseno nhahkwo elotv utenhv iyu' ika tunlawitsv a elotihsi uwetsi athv unalihski'elei, ale ohse uyelvnhe elotv."
cherokee_new_testament/split_audio/matthew_14_07.wav,nahski iyuhsti uhselithane' uthu'ihstanele unhehtiyi nuhstvkwo uthayolv'i.
cherokee_new_testament/split_audio/matthew_14_08.wav,nhahkwonho utsi uweyhonhvhi nikehse'i hi'a nuwehse'i; anhi hskhiyohelvha tsani titawohski uhskho athelito kalhtehsti.
cherokee_new_testament/split_audio/matthew_14_09.wav,"ukvwiyuhinho uyo'iyu uyelvnhe'i, ahsenho uhselithanv'i, ale nahskwo nhski analhstayvhvhski nvtsulhstohthanei, unhetse atsinehtiyi."
cherokee_new_testament/split_audio/matthew_14_10.wav,utanvhsenho wunihskutehse tsani titahstutihyi.
cherokee_new_testament/split_audio/matthew_14_11.wav,uhskonho uniyholhe athelitokihi v ale uninhele athv e nahskino utsi wunhele'i.
cherokee_new_testament/split_audio/matthew_14_12.wav,"kvhwstawatitohinho uniluhtse' ale uninehse ayeli, ale uninihsanhe'i, ale unenvhse wuninhonhele tsihsa."
cherokee_new_testament/split_audio/matthew_14_13.wav,"tsihsanho uthvkanv, tsiyu utsothanvki nanhahunhkiski thyelil inake wlosvki. nhahakwohno yvwi ntvknv, ehlati kwstwatek tehkatuhv totayunnhsvk. do-da-yu-ne-nv-sv-gi."
cherokee_new_testament/split_audio/matthew_14_14.wav,"tsihsanho utsa'ihsv tukohvki unitsathi yvwi, ale tuwetolitsvki v ale tunvwanv"
cherokee_new_testament/split_audio/matthew_14_15.wav,"uhsvnho nulhsthanv kvhwstawatohi kvwaluhtselvki hi'a nuniwehsvki v anhi inakekwo i ale ika ulohsonhiti, tsitsenakwon kiyosi hi'a unitsathi yvwi v ale totikatuhv wi'anilohi, nanhhuns unahlstayt uniwsvha. u-ni-wa-sv-ha."
cherokee_new_testament/split_audio/matthew_14_16.wav,"ahsenho tsihsa hi'a ntuwehselvki; vlha ahse' vunenvhsti yiki, nihikwo titselhsta."
cherokee_new_testament/split_audio/matthew_14_17.wav,"hanho nvkvwawehselvki; anhi hihskikwo katu tokiha, thalikwonho atsa'ti."
cherokee_new_testament/split_audio/matthew_14_18.wav,hi'anho nuwehsvki; anhi tihskiyohihsi.
cherokee_new_testament/split_audio/matthew_14_19.wav,"tunetselvnho unitsathi khanehskohi kehsv unanvtiyi v tukihsvno hihski katu ale thali atsa'ti tunehsv, kahlvlatinho witukhanhanv ulihelitsvki, ale tukvhaluhyv tunhelvk katu kvhwstawtitohi, nahskino kvhwstawatitohi unitsathi wituninhelvki."
cherokee_new_testament/split_audio/matthew_14_20.wav,nikatvnho unalhstayvnhvki ale tunolhvhsvki v ale unuthihsvki ulikvhaluyhvhi uthiyvhi thalatu iyakhali'i thalutsa.
cherokee_new_testament/split_audio/matthew_14_21.wav,"unalhstayvnhvhino hihskiha iyakayvli anihskaya nani'vki, nitanelhtvna anikeyhv ale tiniyolhi."
cherokee_new_testament/split_audio/matthew_14_22.wav,khilakwono iyvtv tsisa tunvwhihsthanvki kvhwstawatitohi tsiyuhi unatsotiyihv ale ikvyi nitunihsohihstiyi ahsi tayelihihstihskv unitsathi.
cherokee_new_testament/split_audio/matthew_14_23.wav,"nhahkwonho tuyhelihihsthanv unitsathi otalv unhahluhsvki uwahsv kehsv'i, utatolihsthanvhsvkiai uhsvnho nulhsthanv na-hna u-wa-sv-quo ge-sv-gi."
cherokee_new_testament/split_audio/matthew_14_24.wav,"tsiyunho nhahkwo ayelhi vtali waninihsvki ulhatihsthanitohv ama talhstilhanekv'i, unoleyhenho ikvyitlv tayukhthvki."
cherokee_new_testament/split_audio/matthew_14_25.wav,nhahkwonho nvhkine' iyuntanetliyvtv kesv aniyahwiski svhnoyi tsihsa wituluhtselvki vtali katu'i aihsvki.
cherokee_new_testament/split_audio/matthew_14_26.wav,kvhwstawatitohinho kvwakohv vtali katuk; a'ihsv'i unatanhthehthanvki v hia nuniwehsvki; nayehi hi'a. anihska'ihvnho iyuhsti unalhihsthanvki.
cherokee_new_testament/split_audio/matthew_14_27.wav,"ahsenho khilakwo iyvtv tsihsa tunhetselvki, hi'a nituwehselvki v ukalhstikwo itsatanhtata, ayvkwohyenho, lhehsti yitsihska'ihehsti."
cherokee_new_testament/split_audio/matthew_14_28.wav,"kwitano unhetsv ha nuwehselvki; tsakvwiyuhi, iyunho nihi kesehstihi skinetsi wikvluhtsehtiyi amayi katu'i."
cherokee_new_testament/split_audio/matthew_14_29.wav,"ehena, utvnhvki. nhahkwono kwita tsiyuhi utsa'ihs amayi katu'i a'isvki tsihsa tsetohv wakhthvki."
cherokee_new_testament/split_audio/matthew_14_30.wav,"ahsenho nvtolehohsv' ahstayiyu kanolv'vhskv uhskalvki, ale ulenvhv kanoyvkv uwelhunhvki, tsakvwiyuhi hskihstelv, utvnhvki."
cherokee_new_testament/split_audio/matthew_14_31.wav,"khilakwonho iyvt tsihsa wutoyhanvhitv wuniyvhvki, hia nuwehselvki; uhsti tsohiyuhi, ka'tohi vtsatlathsithvhsi?"
cherokee_new_testament/split_audio/matthew_14_32.wav,tsiyuhinho i'unatsanv hkanolv'vhskv uhsulkotsvki.
cherokee_new_testament/split_audio/matthew_14_33.wav,nhahkwono tsiyuhi unatsa'i uniluhtsv kvwatatolihstanelvki v hi'a nuniwehsvki' v utohiyuhiya nihi unelhanvhi uwetsi.
cherokee_new_testament/split_audio/matthew_14_34.wav,nhahkwonho tunihsohtsv kenihsilati uniluhtsvki.
cherokee_new_testament/split_audio/matthew_14_35.wav,"nanhhanho anehi anihskaya kvwolhtsv, kvwathuwitv tunatanvhsitolvki, tekvwahthinhohelvki nikatv tsunitlvki."
cherokee_new_testament/split_audio/matthew_14_36.wav,"kvwhthayohselvkino kataluyathvkwo nahskwo unhuwv unhsvnhtiyi, nikatvhnho unahsvnhilvhi tunatiwhsvki."
cherokee_new_testament/split_audio/matthew_15_01.wav,"nhahkwonho tsihsa kvwaluhtselvki tinowhelihski ale anikwalihsi tsiluhsilim anehi, hi'a nuniwehsvki;"
cherokee_new_testament/split_audio/matthew_15_02.wav,katonho ketsstawatitohi aniyohstihsko ethi aneh uninhohelhvhi v tlayhenho yitanohsulehsko' tsunoyeni tsvtinalihstayvnhihso'i.
cherokee_new_testament/split_audio/matthew_15_03.wav,ahseno unhetsv hi'a nituwehselvki; katonho nahskwo nihi ethi anehi uninhohelhi itstihsko i'tsiyohstihsko unelhanvhi unhetsvhi?
cherokee_new_testament/split_audio/matthew_15_04.wav,unelanvhiyenho unhetse hi'a nuwehse'i; hilvkwotehsti tsatota ale tsatsi; ale nahskwo hi'a; khihlo tahskinvtihskehsti utota ale utsi ahse uyohuhihsti kehsehsti.
cherokee_new_testament/split_audio/matthew_15_05.wav,"ahsenho nihi hi'a nitsiwehsko'i; iyunho khilo hi'a nikawehsehehsti utota, ale utsi, akwalihskolhthanvhi yeli ketsalhstelhtohti kesv'i nitsatvnehv'i"
cherokee_new_testament/split_audio/matthew_15_06.wav,"nikalvkwtihskvnanho ikehsehsti utota, ale utsi, ahvlha uhskanvtsvhi yikehsehsti,] itsatihsko'i. nahski hi'a ethi anehi uninhohelhvhi itsvhthanv ahsekwo nitsvnelv unelhanvhi unhetsvhi."
cherokee_new_testament/split_audio/matthew_15_07.wav,"itsatlonahsti, yelikwo ihsaya tsutolehohse tsitsitvke'i, hi'a tsinuwehshe'i;"
cherokee_new_testament/split_audio/matthew_15_08.wav,"hi'a yvwi na'v kvkiluhtseha anihol anhtihhatv ale tunihaneka'lv tanhti kvkilvkwtiha, ahsenho uninawi invhiyu nunvnhv."
cherokee_new_testament/split_audio/matthew_15_09.wav,ahsekwohskini nanatvneha kvkwatatolihstaneha v tsitanateyhohvhska tanateyohvhskv yvwikwo uninhetsvhi.
cherokee_new_testament/split_audio/matthew_15_10.wav,wituyhahvnho unitsathi hi'a nituwehselvkihi itsathvkvka ale itsolhki.
cherokee_new_testament/split_audio/matthew_15_11.wav,"vlhahskini nahski na aholi wuyvlhi kataha yinuwaneho yvwi, aholhskini nvtayunukotsvhi nahski kataha nuwaneho yvwi."
cherokee_new_testament/split_audio/matthew_15_12.wav,nhahkwonho kvhwstawatitohi unilutsv hi'a nikvwahselvki; hikhthahahsko anikwalihsi uninhahlvtsvhi unathvkanv nahski hi'a nitsawehsv'i.
cherokee_new_testament/split_audio/matthew_15_13.wav,ahsenho unhetsvki hi'a nuwehsvkivv nika'v tuyhehkv etota tsuwhihsvhi nikehsvna tiyhehihsti kehsehsti.
cherokee_new_testament/split_audio/matthew_15_14.wav,"unanelaki, tnkwkw tinikhewi' tinathinhitohi; iyunho tikewi yahthinhi tikhewi itsula athalehsv tsunilv'ihsti."
cherokee_new_testament/split_audio/matthew_15_15.wav,kwitanho unhetsv ha nuwehselvki; tihskiyohsihsasi hi'a nahski talhilohstv'i.
cherokee_new_testament/split_audio/matthew_15_16.wav,tsihsanho hi'a nuwehselvki v ahsihsko nahskwo nihi nitsolhkvnakwo iki?
cherokee_new_testament/split_audio/matthew_15_17.wav,"tlahsko ahsi yitsolhka nahski nika'v kohuhsti vholi uyvhsthanvhi kehsv ohskwolhiyi wikaluhkv'i, nahskino wikalohihstihskv'kwo?"
cherokee_new_testament/split_audio/matthew_15_18.wav,nahskini' vholi nvtayunukotsvhi onawiyi' titalehvhsko'i'v nahskino kataha nuwaneho yvwi.
cherokee_new_testament/split_audio/matthew_15_19.wav,"onawhyihyenho titalehvhsko uhsonv atanhthehti kehsv'i v ale atahihstiyi kehsv'iav ale atayhonehtiyi kehsv'i v ale utelitv tinhsihtiyi kehsv'i, ale kanohskihstiyi kehsv'i, ale atsikhohtiyi tanatayhi'litohv'i, ale hsotlvhihstohtiyi kehsv'i."
cherokee_new_testament/split_audio/matthew_15_20.wav,nahskihskini hi'a kataha iyuwanehi yvwi; hnitahsulehvnahskini alhstayvhtiyi' vlha kataha yinuwaneho yvwi.
cherokee_new_testament/split_audio/matthew_15_21.wav,tsihsanho nanhhunks thayoi ale' satnyi wulosvki. wu-lo-sv-gi.
cherokee_new_testament/split_audio/matthew_15_22.wav,"kvnhiyukwonho kenani ehi akeyv nanhahna ntylsvh uweluhnvhki, hia nuhweselvki; hsktoliki, htskvwiyuhi tewi uwets, kwetsi akeyv utsthnvhi uteyathotiha ahshkihna. a-s-gi-na."
cherokee_new_testament/split_audio/matthew_15_23.wav,"ahsenho nunhetshelvnakwo vkehsvki. kvwahstawa'titohino kvwaluhtselvki, kvwahthayohselvki, hi'a nuniwehsvki; wi'ena, ikihskonhihahyenho."
cherokee_new_testament/split_audio/matthew_15_24.wav,"unhetsvnho hi'a nuwehsvki v vlha khilo titsiwahthvtiyhi yvkhinetshelv, awhi uninotena unalenalvhi unvhsv ihsili hsitanelvhi kvhsv'i."
cherokee_new_testament/split_audio/matthew_15_25.wav,"nhahkwonho akeyhv uluhtsv utatolihstanelvki ha nuwehsvki; tsakvwiyuhi, skihstelv."
cherokee_new_testament/split_audio/matthew_15_26.wav,"unhetsvno hia nuwehsvki v vlha yituyukhti tiki'ehtiyi tiniyolhi natseli katu, kilhinho witatinetiyi."
cherokee_new_testament/split_audio/matthew_15_27.wav,"akeyhvnho hia nuwehsvkihsv utohiyuhi, tsakvwiyuhiav ahsenho kilhi analhstayvhtihsko unvko'ohsvhi tikvwaninalha'i tunihskilv'i."
cherokee_new_testament/split_audio/matthew_15_28.wav,nhahkwono tsihsa unhetsv ha nuwehselvki i hikeyhv utsathi tsohiyuha'v nuhstv tsatulihskv winitsalhstahsi v nahiyukwonho uwetsi utiwhse'i.
cherokee_new_testament/split_audio/matthew_15_29.wav,"tsihsanho nanhhunks kelihli talulti uluhtski, unhhlusvno usahilv u-sa-hi-lv na-hna u-we-nv-gi."
cherokee_new_testament/split_audio/matthew_15_30.wav,"unitsathino yvwi kvwaluhtshelvki v tanahthinehv tiniyo'ulhi, ale tinikhewiai ale tsunvkhewi, ale kohuhsti uhstv tiniyelv tsuniyohuhselvhi, ale unitsathi nvwanatle'i v ale tsihsa tulahskv na'v tuninvnvki, tunhvwanvkinho."
cherokee_new_testament/split_audio/matthew_15_31.wav,"nahski iyuhsti unitsathi kehsv unihskwanikohsvki, tunikohv tsunvkhewi aniwonihsko'i, ale ahuhsti uhstv tiniyelv tsuniyohuhselvhi uninhohstv nunalhsthanv'i, alenatitiyo'ulhi, kvwanetahsti nulhsthanv'i ale tinikhewi kvwanikowhahthvhti nulhsthanv'i; unilvkwthanvkinho unelhanvhi ishili unatselika."
cherokee_new_testament/split_audio/matthew_15_32.wav,"tsihsanho wituyanvhv kvwhstawtitohi, hi'a nuwesvki; katsiyatolika hi'a unitsathi kehsv'i, tsoiyhenho natotakwa anhi ketohv anetoha, ale' vlha yiniyheha unalhstayvhti. ale' ilha yakwatuliha tounenvhstiyi tikvwniyohsihski v wanayeno yitaniwanikalok wanahsvhi."
cherokee_new_testament/split_audio/matthew_15_33.wav,"kvwahstawatitohinho hi'a nvkvwawehselvki v hatlvnho yotsiki nahski ika'i alhstayvhti inake'i, nahski iynitsathi yeli tsunolhvhihsti?"
cherokee_new_testament/split_audio/matthew_15_34.wav,"tsihsanho hi'a nituwehselvki v ilako katu tetsiyheha? kalhihkwoki, ilvhskinho tsunhsti atsa'ti, unatvnhvki."
cherokee_new_testament/split_audio/matthew_15_35.wav,unitsathinho tunhetselvki katohi unanvtiyi.
cherokee_new_testament/split_audio/matthew_15_36.wav,"kalhkwokinho katu tukihsvki ale tunehsv atsa'ti, ulihelitsvno, tukvhaluyhvki, ale kvwhstawatitohi witunhelvki, kvwahstawatitohinho unitsathi wituninhelvki."
cherokee_new_testament/split_audio/matthew_15_37.wav,"ale nkatv unalhstayvnhvki, ale tunolhvhsvki. ale unuthehsvki ulikvhaluyhvhi kalhkwoki iyakhali'i thalutsa."
cherokee_new_testament/split_audio/matthew_15_38.wav,"unalhstayvhinho nvhkiha iyakayvli nani'vki anihskaya, nitanhelhtvna anikeyhv' ale tiniyolhi."
cherokee_new_testament/split_audio/matthew_15_39.wav,"ale unitsathi tuyhelihihsthanvki, ale tsiyuhi wutsanvki v ale makiteli' wunanukotsvki."
cherokee_new_testament/split_audio/matthew_16_01.wav,"anikwalihsinho ale anihsatuhsi uniluhtsvki, kvwakoliyehskvnho kvwhthayohselvki tsuna'nukowhsehtiyi uyeltv kalvlati nvtayulohsvhi."
cherokee_new_testament/split_audio/matthew_16_02.wav,unhetsv'nho hi'a nituwehselvki; usv ni'hka'lista hi'a nihtsiwehskoi; ulkahlihystv kesestino kalvloyeno kikkiy
cherokee_new_testament/split_audio/matthew_16_03.wav,"sunalenho tsikehso'i, khohi ika tsiki tvkanhahni v kalv'loyhenho kikke'iyu iki, ale ikalokiliyeha, itsatihsko'i. itsatlonahsti, yelikwo itsatolehohsko nuhstv kalvlohi, lhahskonho yeli ketsatolehohihsti yiki uyelhtv iyu lhsthanitahsti kesv'i?"
cherokee_new_testament/split_audio/matthew_16_04.wav,"uniyo ale uninekutsitv tsaneha uniyhoho uyelhtv'i, ahsenho vlha' yvkakekalihskolvtasi uyelhv'tvi, tsona atolehohski utseli' uyelhtv uwahsv. tutanv'elvnho unhikihsvki."
cherokee_new_testament/split_audio/matthew_16_05.wav,kvhwstawatitohino tunihsohtsv unvkhewhihsvhi kehsvki unatenhtiyi.
cherokee_new_testament/split_audio/matthew_16_06.wav,tsihsanho hia ntuwehselvki i itseyhahthahehsti akothohti anikwalihsi al anhihsatuhsi unatselika.
cherokee_new_testament/split_audio/matthew_16_07.wav,"uninhohelhvkhino kesv unvhsv, hi'a nuniwehsvki; nikatenhvna tsiki nvtikalhstohtiha."
cherokee_new_testament/split_audio/matthew_16_08.wav,tsihsano nahski utolehohsv hi'a nituwehselvkin' uhsti itsohiyuhi i katonho' itsvhsv kehshv itsinhoheha alhstayvhti' nitsiyhehvna kehsv'i?
cherokee_new_testament/split_audio/matthew_16_09.wav,"tlahsko' ahsi yitsolhka, ale lhahsko yitsanhtha hihski katu ale hihski iyakayvli tsinani'vki, ale' iyakhali'i thalutsa itsuthehsv'i?"
cherokee_new_testament/split_audio/matthew_16_10.wav,"ale kalhkwoki katu nvkn iyakayvli tsinani'vki, ale iyakhali'i thalatsa itsuthesv'i?"
cherokee_new_testament/split_audio/matthew_16_11.wav,"kato tikalhstohti nitsolhkvna tsiki, nahski hi'a tsinitsvwehsi tlahskini katu yitsitvka, itseyhahthahehsti akothohti anikwalihsi ale anihsatuhsi unatselika, tsitsvyohsi?"
cherokee_new_testament/split_audio/matthew_16_12.wav,"nhahkwonho unolhtsvkih nuninhetshehvna kesv uneyhahtho'ihstiyi katu akothohti, tanateyhohvhskvhskini anikwalihsi ale anihsatuhsi."
cherokee_new_testament/split_audio/matthew_16_13.wav,"tsihsanho uluhtsv hsihsaliyi kwelikiyi, tuthvtvnhvki kvhwstawtitohi, hia hni'tuwehselvki; ayv yvwi uwetsi tsiki kako kvkwohseho yvwi?"
cherokee_new_testament/split_audio/matthew_16_14.wav,"hi'ano nuniwehsvki'; ikatv tsani titawohski [ketsohseho'i,] ikatvnho ilaya, anihsohno tselimaya ale khilo iyuhsti anatole'hohski' kehsv'i."
cherokee_new_testament/split_audio/matthew_16_15.wav,hianho ntuwehselvki; nihinano kako skiyohseha?
cherokee_new_testament/split_audio/matthew_16_16.wav,"sawaninho kwita unetsv hia nuwehsvki; kalonetv nihi, kvnhitv unelhanvhi uwetsi."
cherokee_new_testament/split_audio/matthew_16_17.wav,tsihsanho unhetsv ha nuwehselvki; ohsiyu itsalhstanehti nihi sawani tsona uwetsi; vlhayhenho ukwetalhi ale kikv nahski yitsananukowhihselv i etotahskini kalvlati' ehi.
cherokee_new_testament/split_audio/matthew_16_18.wav,"ayvnho hi'a nikvwehsheha; kwita nihi' ale nahski ani hi'a nvyohi takanehskehi akwatseli tsunanelhti unatalhkv'i, ale tsvhskino'i tahstuhvi ehska iyunvnhti nikehsvna kehsehsti."
cherokee_new_testament/split_audio/matthew_16_19.wav,"ale tihstu'ihsti kalvlati ehi ukvwiyuhi kehsv tsutseli totakvtelihv nika'vnho kohuhsti halhvihehsti elohi, kahlhvhsti kehsehsti kalvlati, nika'vnho kohuhsti halhvkihskehsti elohi kalhvkihsti kehsehsti kalvlati."
cherokee_new_testament/split_audio/matthew_16_20.wav,nhahkwonho tunvhstatelvki kvhwstawtitohi khilo uninhonhehtiyitinashki wahsv kalonetv kehsv'i.
cherokee_new_testament/split_audio/matthew_16_21.wav,"nhahkwono tsihsa ulenvhvki tunonhelvki kvwhstawatitohi ahse uwenvhstiyi kehsv tsiluhsilimi, ale tsutalenhvtv tsukilhiyotshehtiyi tinilawiki ale nunikvwiyuhsv atsilvanelhohi ale tinowhelihski; ale atsi'ihstiyi, ale tsohine ika tsulehtiyi."
cherokee_new_testament/split_audio/matthew_16_22.wav,"nhahkwono kwita iyvtv wuthinhvhsthanv ulenvhvki utanvhstatelvki, hi'a nuwehsvki, unelhanvhi wunvhstohi, tsakvwiyuhi, vlha nahski yinvketsalhstahsi."
cherokee_new_testament/split_audio/matthew_16_23.wav,"ukhthahvhsvnho hi'a natsiwehselv kwita; akwahsohatv halehvka, setani, tihskwotehstihskikwo nihi, vlhayhenho yhatanhtheha unelanhi utselika, yvwikwohskini unatseli hatanhtheha."
cherokee_new_testament/split_audio/matthew_16_24.wav,"nhahkwonho tsihsa ha nituwehselvk kvwhstawtitohi v iyunho khilo utulihskehsti akhstuwatvhstiyi a atatayhihehsti uwahsv, ale tsutanhahwatv ayihskehsti, ale akhstawatekehsti."
cherokee_new_testament/split_audio/matthew_16_25.wav,"khilohyenho utulihskehsti uhstelhtiyi kvnhv'i, uyohuhsehti kehsehsti v khilonho uyohuhsehehsti kvnhi, ayv nvtikalhstohtihskehstiai uwhahthvti kehsehsti."
cherokee_new_testament/split_audio/matthew_16_26.wav,"kato yvwi yunhehkwotsi iyunho elanikhv utseli yinulhsthanv, utanhtonho yuyohuhselv; ale kato yahvka yvwi ykanetliyvhsta utanhto."
cherokee_new_testament/split_audio/matthew_16_27.wav,yvwiyhenho uwetsi takaluhtsi utota utseli kalvkwtiyu kehsv' unhuwohstehstiav ale tinikhanhahwatitohi tathinhehehsti; nhahkwonho totvkuyv'eli nani'v yvwi' nuhstv tunilvwhihstanelv'i.
cherokee_new_testament/split_audio/matthew_16_28.wav,utohiyuhya hi'a nitsvwehsehahe khilo anhi tanitoka vlha yvtvnatolehohsi ayohuhihsti kehsv'i i khvnhi anikohvha yvwi uwetsi nanhahaukvwiyuhi kes knnktslha. ga-na-nu-go-tsi-lv-ha.
cherokee_new_testament/split_audio/matthew_18_01.wav,"nahiyu tsihsa kvwaluhtselv kvwhstawtitohi, hi'a nikvwawhselvki v kako ulhia tsilvkwotiyu nanhahkalvlati h ukwyhi u-gv-wi-yu-hi ge-sv-i."
cherokee_new_testament/split_audio/matthew_18_02.wav,"tsihsanho ayolhi wuyhanvhv ayelhi aninv uwekhanhvki, ale hi'a nuwesvki;"
cherokee_new_testament/split_audio/matthew_18_03.wav,utohiyuhya hi'a nitsvwehseha; iyunho nitsatanetliyvhsvna ikehsehsti v ale tiniyolhi tsinunhsti nitsalhsthanvna ikehsehsti a vlha kalvlati ehi ukvwiyuhi kesv yvketsiyvha.
cherokee_new_testament/split_audio/matthew_18_04.wav,"nahski iyuhsti khilo' utatolihsti kehsehsti nahskiya ha ayolhi, nahski utli' atsilvkwotiyu kehsehsti nanhahkalvlat eh ukwyhi kesvhi. ge-sv-i."
cherokee_new_testament/split_audio/matthew_18_05.wav,"ale khilo tatanilvkehsti hsakwo nahski hi'a iyuhsti ayolhi takwato'v nvtikalhstohtihskehsti, ayv takwatanilvkehsti."
cherokee_new_testament/split_audio/matthew_18_06.wav,"khilohskini tekotehstihskehsti hsakwo hi'a tsunhstika kehsv nahski kvkwohiyuhvhski v utli' ohsiyu ahstohski nvya yatsiyalhanv, ale ahsthvhkv amekwohi yatsikvyhv."
cherokee_new_testament/split_audio/matthew_18_07.wav,uni'iyu iyuhlstanhehti kehsehsti elohi nvtikalhstohtiha tinatatotehstihskiav ahseyhenho tinatatotehstihski uninanuko'ihsti; ahsenho uyo'iyu iyulhstanehti nahski na ahskaya titatotehstihski unanukohwihsvhi.
cherokee_new_testament/split_audio/matthew_18_08.wav,"nahski iyuhsti iyunho tsoyeni ale tsalahsihteni tetsotehstihskehsti, hihskwalhskehsti' ale witsatekehsti; utli ohsiyu itsalhstanehti tsoyeni ale tsalahsihteni tsayohuhselvhi yiki kvnhitv tikehsv wiyitsayvlhv i ano' itsula yithiyehsata ale itsula' titsalahsihteni wiyetsata'inv nikhtlohskvna kehsv atsilvyi."
cherokee_new_testament/split_audio/matthew_18_09.wav,"iyu ale hikhtholi tetsotehstihskehsti v hatakhtheto'ihskehsti ale witsatekehsti; utli ohsiyu itsalhstanehti hsakwo hyikhanhahknt tikesv wyitsyvlhv, ano itsla yithkhnhhtsvskni athsilvyi wytsahtinvno a-tsi-lv-yi wi-ye-tsa-da-i-nv."
cherokee_new_testament/split_audio/matthew_18_10.wav,itseyhahthahehsti tsikayetsihsotlvhthani sakwo hi'a tsunhstika i hiayhenho nitsvwehseha v kalvlati tssv tsuntselika tinikhanhhawhatitohi nikohilv anikowahthihsko' ukhathv etota kalvlati ehi.
cherokee_new_testament/split_audio/matthew_18_11.wav,yvwiyhenho uwetsi uluhtsv uhstelvhilhv' ulenalhvhi.
cherokee_new_testament/split_audio/matthew_18_12.wav,"kato itselihaav iyunho khilo ahskaya ahskohitskwi awhi yitunalha'a, hsakwono' yuleyo'elv, tlahsko sonhelhskohi hsonhelakali iyanitv yitikhteko'i, ale yitikhanaluhsitoho katuhsi yuyhoho uleyo'elvhi?"
cherokee_new_testament/split_audio/matthew_18_13.wav,"iyunho awahthv i utohiyuhya' itsvyohseha, utli nika'o aliheliko nahski kesv iyuhsti, ehskakwo soonhelahskohi sonhelakali iyanitv nunaleyo'vna."
cherokee_new_testament/split_audio/matthew_18_14.wav,nahskiya nahskwo' vlha yutuli itsitota kalvlati' ehiai sakwo hi'a tsunhstika kehsv tsuniyohuhstiyi.
cherokee_new_testament/split_audio/matthew_18_15.wav,"iyunho tihstatanhvlhi itsahskanvtsehehsti, hekehsti hinonhehehsti uhskanvtsv ihstvhsvkwo kehsv'i; iyunho itsathvtahstanehehstiai hiwahthvhehsti tihstatanhvlhi."
cherokee_new_testament/split_audio/matthew_18_16.wav,"iyuhskinino nitsathvtahstanehvnakwo ikehsehsti, ahsiyvwi ale anitha'li tehahthinhekehsti v nahskinho aninohehskv anithali ale anitso'i anikhthahi nikatv tshanetsv ahstayohskehsti."
cherokee_new_testament/split_audio/matthew_18_17.wav,"iyunho nahski nitathvtahstanehvnakwo ikehsehsti tsunanelhti unatalhkv hinohvhskehsti; iyuhskinino tsunanelhti unatalhkv nitathvtahstanehvna ikehsehsti, nvwatalekwo yvwi ale ayelhikwo-atelv akihsitohi nahskiya hiyatanvthehskehsti."
cherokee_new_testament/split_audio/matthew_18_18.wav,"utohiyuhya hi'a nitsvwehseha'i nika'v kohuhsti itsalhv'ihehsti elohi, kalhvhsti kehsehsti kalvlati i nika'vn kohuhsti itsalhvkihskehsti elohi kalhvkihsti kehsehsti kalvlati."
cherokee_new_testament/split_audio/matthew_18_19.wav,alewo ha nitsvwehsehha'i iyunho anithali nihi tsitsetoha analikohvhskehsti anhi' elohi nika'vkwo kohuhsti anithayohihehsti v nahski iyunatvnheti kehsehsti etota kalvlati' ehi.
cherokee_new_testament/split_audio/matthew_18_20.wav,"ilvhtlvyhenho anithali ale antsi tstanilawi'o ayv takwato'v tsinvtikalhstohtihsko'i, nanhhayl akwtsuyi. a-qua-da-su-yo-i."
cherokee_new_testament/split_audio/matthew_18_21.wav,"nhahkwonho kwita uluhtselv hia nuwesvkiav tsakvwiyuhi, hilako nakhskanvtsehehsti tsostatanhvlhiai ahsikwo itsiyatolikehsti? kalhkwokihsko'?"
cherokee_new_testament/split_audio/matthew_18_22.wav,"tsihsa hi'a nuwehselvki; vlha kalhkwokikwo yikvyoseha, kalhkwahskohihskini kalhkwoki iyulohsvhi."
cherokee_new_testament/split_audio/matthew_18_23.wav,nahski iyuhsti kalvlati ehi ukvwiyuh kesv nahskiyakwo khilo ukvwiyuhi tsutanhthelhe ohstv' iyunvnhtiyi tuthukv tsunvhsitahsti.
cherokee_new_testament/split_audio/matthew_18_24.wav,nhahkwonho unalenvhv ohstv nunvnelv v sakwo akathinohele ahskohi iyukwatinvtv atelv uthuki.
cherokee_new_testament/split_audio/matthew_18_25.wav,"ahsenho kohuhsti uhtaytohti nuhvna kesv iyuhsti, unalha'i unhetse atsinatinvtiyi ale utali'i ale tsuwetsi ale nika'v kohuhsti uhv'i, atayvhtiyinho."
cherokee_new_testament/split_audio/matthew_18_26.wav,"nahski iyuhsti atsinvhsitahsti elati utanvne'i, ale utatolihstanele'i, hia nuwese'i; hskinalha'i, skitoliki skikhthitahi nikatvnho takvyakuyveli."
cherokee_new_testament/split_audio/matthew_18_27.wav,"nahskinho atsinvhsitahsti unalha'i uwetolitse'i, ale u'wekhanhe'i i ale uthukv unelaki uwelihsele'i."
cherokee_new_testament/split_audio/matthew_18_28.wav,"ahsenho nahski na atsinvhsitahsti unukotsvhi uwhahthvhe ahsiyvwi ihtsulaha ketsinvhsitahsti naski unhetsvhi ukuyv'etiyi ahskohitskwi akihsi tsunakvwalhti v uniyvhenho, ale uyhvhskiyvhe'i i skwakuyvhsi tsikvthuka v utvnhe'i."
cherokee_new_testament/split_audio/matthew_18_29.wav,"itsulahano ketsinvhsitahsti tulahskv' elati utanvne utatolihstanele'i, hia nuwese'i; hskitoliki skikhthita v nikatvnho takvyakuyv'eli."
cherokee_new_testament/split_audio/matthew_18_30.wav,"ahsenho vlha yuwohiyunhe'i, titahstutiyikwo wulohshe'i, ale nanhahawhuyhthan ukyty atsihtukv' ikohitv. i-go-hi-dv."
cherokee_new_testament/split_audio/matthew_18_31.wav,nakwonho nahski itsulaha ketsinvhsitasti unatolehohsv nulhsthanv'i utsathi uyo unyelvnhe'ivv ale uniluhtse uninhonele' tsuninalha'i nikatv nulhsthanitolv'i.
cherokee_new_testament/split_audio/matthew_18_32.wav,"nhahkwonho unalha'i wuyanvhv hi'a nuwehsele'i i tsanekutsitv kvnvhsitahsti i unelaki kvyelihselvki nikatv nihi tsikvthukvki, skithayohselv iyuhsti."
cherokee_new_testament/split_audio/matthew_18_33.wav,lhahsko nahskwo nihi kahiyatolihsti yikehse itsulaha ehstinvsitahsti v nahskiya kvyatolitsv'i?
cherokee_new_testament/split_audio/matthew_18_34.wav,"uthalhawuhsenho unalha'i, ale wituyohihsele' tinatahstuhvhski ukuyvhohvhstiyi hnikatv' atsithukv ikohitv."
cherokee_new_testament/split_audio/matthew_18_35.wav,nahskiya nahskwo nttsvyneli etota kalvlati' ehi a iyunho titsatanhthv iyvtv itsihsiyvwiha kehsv nititsitolikvna ikesehst itsatanhvlhi unihskanvtsv'i.
cherokee_new_testament/split_audio/matthew_21_01.wav,"nhahkwonho tsiluhsilmi na'v uniluhtsv, svkhthohi, oliwa uhsahilhi iyvtv, tsihsa anitha'li kvwahstawatitohi tunvhsvki,"
cherokee_new_testament/split_audio/matthew_21_02.wav,"hi'a nitwehselvki'; ihstena itlv na tsvtikatuha, khilakwono' iyvt tayehstiwahthvhi hsokwili-tikalianvhitv kelihsatehstihv ale akina athinehehsti, tehstelihsatehsvha, ale teskinathinohelvha."
cherokee_new_testament/split_audio/matthew_21_03.wav,"iyunho khilo kohuhsti ihstohselvha, hi'a nehstiwehselvha; ukvwiyuhi tutuliha; khilakwonho iyvtv totayuyohsi."
cherokee_new_testament/split_audio/matthew_21_04.wav,"nahski hi'a nikatv nulhsthanvkihv utohiyuhti'yi ayelvhsv'i atolehohski tsunhetse'i, hi'a tsinuwehse'i;"
cherokee_new_testament/split_audio/matthew_21_05.wav,"hi'a netsiwehsi hsayani uwetsi akeyhv; khvnhiyukwo ukvwiyuhi tsatseli taya'i, tatsa'luhtsheli utatolihstiyu v ale ukhilvtehsti hsokwili-tikalianvhitv kohuhsti athvnhehi uwetsi akina."
cherokee_new_testament/split_audio/matthew_21_06.wav,kvwhstawatitohinho unenvhsvkivv tsihsa nuniwehselv nahskiya winunatvnelvki;
cherokee_new_testament/split_audio/matthew_21_07.wav,"sokwili-tikalianvhitv ale akina tunahthinolhvki i tinihsohiyinho tsunanhuwo tunilhvnvki, ale nanha hunakhilvthanvki."
cherokee_new_testament/split_audio/matthew_21_08.wav,"utlinho iyanii' yvwi tsunanhuwo tuniyehstvnvki nvnohi, ikatvnho tunhvnikalvhvki tsuweyhohtha tetluhkvi, ale nvnohi tuniyohthanvnvki."
cherokee_new_testament/split_audio/matthew_21_09.wav,"unitsathino ikvyi aneki, ale' onhi aneki unelhuhkvki, hi'a naniwehskvki v hohsana tewi uwetsi! atsilvkwotiyu kehsehsti' yihowa te'uto'v tsika'luhihstiha v hosana' wahsthv kalvlatiyu!"
cherokee_new_testament/split_audio/matthew_21_10.wav,"tsiluhsilminho ulutsv nikhv katuhv unalhthelvnhvki, hi'a naniwehskvki; kako hi'a?"
cherokee_new_testament/split_audio/matthew_21_11.wav,unitsathinho hi'a nuniwehsvki; hi'a tsihsa atolehohskiav nahselithi ehi kelili katuhv'i.
cherokee_new_testament/split_audio/matthew_21_12.wav,"tsihsanho wuyvlhvki uthvna-tikalawi'ihstiyi unelanvhi utselika, ale tunukowhihsvki nikatv aninateki ale uniwhahski nanhahtikalawihstiyi, al tulukwtnsk tunihskihlv ahtelv tninetlyski, ale kule tnskonhi tinihnatehki unanvtiyi. u-na-nv-di-yi."
cherokee_new_testament/split_audio/matthew_21_13.wav,hiano ntuwehselvki; hi'a nikvnv kowela; kwahtseli kalihtsohte tatlhstotiyi kalihtste tuhteshti; ahseno hiha aninohskiski uniystiyi
cherokee_new_testament/split_audio/matthew_21_14.wav,tinikhewhino ale tiniyo'ulhi kvwaluhtselvki tikalawi'ihstiyi v ale tunhvwanvki.
cherokee_new_testament/split_audio/matthew_21_15.wav,nhahkwonho nunikvwiyuhsv atsilv-anelhohi ale tinowhelihski unatolehohsv uhskwanikhtiyu tulvwhihstanehv'i v ale tiniyolhi unelhkv uthvna-tiklawi'ihsti'yi hia naniwehskv'iav hohsana tewi uwetsi! utsathi unihsonvtselvki;
cherokee_new_testament/split_audio/matthew_21_16.wav,"ale hi'a nikvwawehselvki; hathvkihsko hi'a tsinaniweha v tsihsanho hi'a ntuwehselvki; vv, lhahsko hilvhiyu hi'a yitsikoliye'o'i v tsunahsti tiniyolhi ale tinihsta'i aniholi unukotsvhi tsawathvhtohthanv etsalvkwtotiyi?"
cherokee_new_testament/split_audio/matthew_21_17.wav,"tutanvelvkinho, ale katuhv unukotsvki v kwetiniyi wuluhtsvki, ale nanhhuslk. u-sv-lv-gi."
cherokee_new_testament/split_audio/matthew_21_18.wav,sunalenho tikatuhv' wv'akhthv'i akonu uyohsihsanhvki.
cherokee_new_testament/split_audio/matthew_21_19.wav,"ukohvnhoh svkhtha-iyuhsti tluhkv nvnohulhti, nanhahwltsk; ahseno vhtla khsti ywahtvhi, ulahsthuhsv' uhwahsv; hiahno nwhselvki; tlehsti ilhvhyu kohi ytlnvhtv yitstathansti. kilakwohno yhtv svkatha'-iysti tlukhv uwahyvsvhki. u-wa-yv-sv-gi."
cherokee_new_testament/split_audio/matthew_21_20.wav,kvwhstawatitohinho unikohv unihskwanikohsvki a hi'a nuniwesvki v nalhekvkwo khvyvhi svkhtha-iyuhsti tluhkv'i!
cherokee_new_testament/split_audio/matthew_21_21.wav,"tsihsa unhetsv hi'a nituwehselvki; utohiyuhya hi'a nitsvwesehavi iyunho yitsohiyuha, ale nitsatlahtsithv'ehvna yiki, vlha hiakwoh svkhtha-iyuhsti tluhkv tsinakvka yinvketsathvka v nahskwohskini hi'a yinitsiwehselv hi'a tsotalv, hatanvna, ale amekwohi wetsatuka, ahse nahski iyulhstohti."
cherokee_new_testament/split_audio/matthew_21_22.wav,"nika'vnho kohuhsti itsithayohihehsti, itsatatolihstihskv'i i itsohiyuhvhskehsti, itsiwathihskehsti."
cherokee_new_testament/split_audio/matthew_21_23.wav,"uthvnanho tikalawi'ihstiyikwuluhtsv v nunikvwiyuhsv atsilv-anelhohi ale tsunathvhsonhvhi yvwi anehv kvwaluhtselvki tateyhohvhskv'i, hia nuniwehsvki; kato tsalhskahstohti hi'a nahski tsitetsalvwhihstaneha? ale kako tshanetshelvhi?"
cherokee_new_testament/split_audio/matthew_21_24.wav,"tsihsanho unhetsv hi'a nituwehselvki v ayv nahskih sutaleki tatsvyathvtvnhi, iyunho nahski ihskinonhelv nahski ayv tatsvnonheli iyuhsti akwalhskahstohtv'i, hi'a nahski tsitakilvwhihstaneha."
cherokee_new_testament/split_audio/matthew_21_25.wav,"tsani tsitatawohskvki hatlv tsutalenhe'i v kalvlatihsko v yvwikwokhe anehv tsutalenhe'i? elhaweyinho unatanvhthelhvki, hi'a naniwehskvki'i iyuno kalvlati, yokatvnhv, katonho tla yetsohiyunhe'i? yokohsi."
cherokee_new_testament/split_audio/matthew_21_26.wav,"iyuno yvwikwo anehv tsutalenhi yokatvnhv, totsihskaihakwo yvwi; nikatvyhenho atolehohski uniyelvha tsani."
cherokee_new_testament/split_audio/matthew_21_27.wav,uninetsvnho' hi'a nvkvwawhselv tsihsa; vtla yotsikhthaha v hi'ano nituwehselvki; vlha nahskwo' ayv yvketsvnohvhsi' iyuhsti akwalhskahstohtv'i hi'a nahski tsitakilvwhihstaneha.
cherokee_new_testament/split_audio/matthew_21_28.wav,"ahsenho kato itseliha'i khilo ahskaya anithali tsuwetsi anihskaya anehe'i v ahsiyvwihno' ikvyi' wuluhtselv, hi'a nuwehsele'ioi akwetsi i hena khohi wititsalvwhihstahsi thelvlti takwhihsv'i."
cherokee_new_testament/split_audio/matthew_21_29.wav,"tsunhetsvno, vlha, utvnhe'i; ahsenho onhi unetliyvhse utanhthv'i, ale uwenvhse'i."
cherokee_new_testament/split_audio/matthew_21_30.wav,"sohno wuluhtshelv nahskiya nuwehsele'i. tsunetsvnho, takehsi, utvnhe'i; ahsenho nuwenvhsvnakwo ikese'i."
cherokee_new_testament/split_audio/matthew_21_31.wav,"kako hi'a anithali utota unhetsv nutvnele'i i ikvyi wuluhtselvhi, vkvwohselvki v tsihsanho hi'a ntuwehselvki v utohiyuhya hi'a nitsvwehsehayv atelv anikihsitohi ale tsunatshehsathi anikeyhv unelhanvhi ukvwiyuhi kehsv waniyvhiha teketsikoniha."
cherokee_new_testament/split_audio/matthew_21_32.wav,"tsaniyhenho tuyukthv' tulvwhihstanehv itsiluhtselvki, ale' vlha yetso'iyunhe'i, atelvhskini anihksitohi ale anikeyhv tsunatshehsathi tsikvwohiyunhvkiai nihinho itsatolehohsv vlha onhi yititsinetliyvhse tetsatanhthv etso'iyuhtiy."
cherokee_new_testament/split_audio/matthew_21_33.wav,"nvwatale talhilohstv itsathvkvka; ehe khilo ahskaya kanela, nahski thelvlatih tuwhihse'i, ale uhsoyhole kvwathuwhitv i ale uhskohse kikake-atithahsti kolhvhthiyihv ale unehskehe inv ikathi, ale tutholhsthane tlokehsi tsunilvwhihstanehi v invnho wulohse'i."
cherokee_new_testament/split_audio/matthew_21_34.wav,"nhahkwono nahniyu kese unvnhstiyi tunvhse tsunvhsitahsti tlokehsi tsunlvwhihstaneh tinehv'i, tuninehsvhse unatatvnvhi."
cherokee_new_testament/split_audio/matthew_21_35.wav,"tlokehsinho tsunilvwhihstanehi tuninihyvhe tsunhvhsitahsti i ahsiyvwi unilvnhile'i, hso'inho unilhe'i, hso'ino nvya tunvnhsthane'i."
cherokee_new_testament/split_audio/matthew_21_36.wav,tha'linenho tunvhse nvwanatale tsunvhsitahsti utli' iyani'i; nahskiyakwon nitunvnele'i.
cherokee_new_testament/split_audio/matthew_21_37.wav,"onhiyinho uwetsi unvhse'i, hia' nuwehse'i; ahse tvnilvkwthani akwetsi."
cherokee_new_testament/split_audio/matthew_21_38.wav,ahsenho tlokehsi tsunilvwhihstaneh unikohv uwetsi hi'a nitunatawehsele'ihi nahski hi'a utseli iyulhstotihv kha etiluka v ale etiwonv utseli iyulhstohti tsiki.
cherokee_new_testament/split_audio/matthew_21_39.wav,"uniniyvhenho, ale uninukowihse thelvlati tawhihsi, ale unilhe'i."
cherokee_new_testament/split_audio/matthew_21_40.wav,nhahkwonho nahski thelvlati tawhhsv utselika kaluhtsvhaai kato totakvneli na tlokehsi tsunilvwhihstanehi?
cherokee_new_testament/split_audio/matthew_21_41.wav,hi'ano nvkvwawehselvki v uyo'iyu nitotakvneli totvlhi nahski na uniyo'i v ale nvwanatale tlokehsi tsunilvwhihstanehi totvtholhsthanivi nahski yeli kvwankhyvti nanvnhsihsv'i.
cherokee_new_testament/split_audio/matthew_21_42.wav,"tsihsanho hi'a nituwehselvki; lhahsko ilvhiyu yitsikoliye'o hi'a' tsinikvnhv tsikowhela? ananhehskehski uniyo'ihselvhi nvya nukvwiyuhsv unhvhsiyv ahti nulhsthanv; nahski hia yihwa nutvnelv, ale' uhskwanikhtiyu tetakhanhihskv'i."
cherokee_new_testament/split_audio/matthew_21_43.wav,nahski iyuhsti hi'a nitsvwehseha v unelhanvhi utselikohi tayetsikisvli v nvwantalenho taketsinelihv nahski yeli kvwaninanukowhihsti utathanvhi.
cherokee_new_testament/split_audio/matthew_21_44.wav,khilono ni nvyohi alhvtsvha tayuhsonvnhihi khilonho uhsonvha tayuwetawothani.
cherokee_new_testament/split_audio/matthew_21_45.wav,"nhahkwono nunikvwiyuhsv atsilv-anelhohi ale anikwalihsi unahthvkanv talhilohstihskv'i, unatolehsvki unvhsv ketsitvkv'i."
cherokee_new_testament/split_audio/matthew_21_46.wav,"uniniyhtiyinho unatanhthelhv, unitsathi yvwi tunihskalvkiyv nahskihyenho atolehohski kvwayelvhsvki."
cherokee_new_testament/split_audio/matthew_22_01.wav,tsihsano unetsv thaline tulhilohstanelvki v ha nuwehsvki;
cherokee_new_testament/split_audio/matthew_22_02.wav,"kalvlati utselikohi nahskiyakwo khilo ukvwiyuhi tsutvnv'ihsthane tsakatsvhstohtiyi uwetsi awinv,"
cherokee_new_testament/split_audio/matthew_22_03.wav,ale tsitunvhse tsunvhsitahsti tsuniyanvhvhstiyi wiketsiyanvtv tekekatshvhstihskv uniluhihstiyi v ahsenho tiuniylvnhekwo nvtayunenvhstiyi.
cherokee_new_testament/split_audio/matthew_22_04.wav,"thalinenho nvwanatale tsunvhsitahsti tunvhse'ivv hi'a nituwehsele'i a hi'a winititsiwehsi wiketsiyanvtv; kvniyukwo akwatvnv'ihsti alhstayvti, tikwatseli wahka ale tikalitsthanvhi tunilhv, nikatiyunho atvnv'ihsthanonhvhi; tekekatsvhstihskv itsiluhki."
cherokee_new_testament/split_audio/matthew_22_05.wav,"ahsenho nvhlsalhikwo tiuniyelvnhe'i, ale utsathinikwo wunilohse'i, ahsiyvwi tsulokehsv'i, so'inho' unhtohtiyi."
cherokee_new_testament/split_audio/matthew_22_06.wav,"anihsohinho tuniniyvhe' tsunvhsitahsti, ale tikvwanihsotlvhthane'i, ale tunilhe'i."
cherokee_new_testament/split_audio/matthew_22_07.wav,"nhahkwonho ukvwiyuhi uthvkanv uthalhawohse'ivv ale tunvhse tsutseli aniyahwski, ale witunilhe nahski tsunatalhvhi, ale wunakohvhsthane' unituhv'i."
cherokee_new_testament/split_audio/matthew_22_08.wav,"nhahkwonho hi'a nituwehsele tsunvhsitahsti; tikekatsvhstohtiyi atvnv'ihsti, ahsenho wiketsiyanvtv vlha yeli yinanohse uniluhihsyi'i"
cherokee_new_testament/split_audio/matthew_22_09.wav,"nahskino' iyuhsti tekanvnhahwatihsv witsilohi, nani'vn tetsiwhahthihskehsti tetsinetsehehsti uniluhihstiyi anhi totkekatsvhsthanihsv'i."
cherokee_new_testament/split_audio/matthew_22_10.wav,"howanho nahski tsunvhsitahsti tekanvnhahwatihsv wunilohse'i, ale unilhihsanhe nani'v tuniwhahthvhv uniyo ale anohstv; nhahkwonho ttikekatsvhsthanihsv yeli nulhsthanilhe' analhstayvhvhski."
cherokee_new_testament/split_audio/matthew_22_11.wav,"nhahkwonho uyvlhv ukvwiyuhi' tukhthanhilv analihstayvhvhski, ukohe nanhhasyw nuhnuwvna kehse' tkektshstskv anuwostikv a-nu-wo-s-di."
cherokee_new_testament/split_audio/matthew_22_12.wav,hano nuwehsele'i; kinali'i v katonho' anhi vhyvlhika nitsanhuwvna iki tekekatsvhstihskv anhuwohsti? elhaweykwonho kehse'i.
cherokee_new_testament/split_audio/matthew_22_13.wav,"nhahkwonho ukvwiyuhi hi'a ntuwehsele ketsinvhsitahstihv etsalvtsa tsuwoyeni ale tsulahsihteni; ale etsinawitv, ale vtoyititlv tsulhsihkv wetsata'uka. hnanhahataniyvhkehst al tanltkskst taninutokvi. da-ni-nu-do-gv-i."
cherokee_new_testament/split_audio/matthew_22_14.wav,"unitsathiyhenho ketsiyanvtv, ahsenho anikiyolhiyu kekahsuyetv."
cherokee_new_testament/split_audio/matthew_22_15.wav,nhahkwonho anikwalihsi unenvhsvki wuninhohelhvki iyunatvnhtiyi unihsatvtiyhi kawonihskv'i.
cherokee_new_testament/split_audio/matthew_22_16.wav,"tuninvhsvkinho tsetohv kvwhnstawatitohi ale elotv kvwhstelihski, hi'a nuniwehsvki; thateyhohvhski, otsikhthaha utohiyuhkiya kehsv nihiai ale unelhanvhi utselika tuyukhtv tehateyhohvhskv'i, vlha ale yvwi yithinayehska, vtlayhenho nunahstvkwo yvwi yithilvkwohto'i."
cherokee_new_testament/split_audio/matthew_22_17.wav,nahski iyuhsti skinohvhsivv kato heliha? tsisa tuyukhti hsihsa akuyv'ehtiyi ayel akhyvhti kehsv'i; tlakhe?
cherokee_new_testament/split_audio/matthew_22_18.wav,"ahsenho tsihsa utolehohsvki uyokwo anatanhthehskv'i, ale hi'a nituwehselvki; katonho' ihskihsatv'vhska, i'tsatlonahsti?"
cherokee_new_testament/split_audio/matthew_22_19.wav,tsikowahtv atelv ayelhi akhyvhtohtivv akihsinho tsukvwalhti kvwayhohelvki.
cherokee_new_testament/split_audio/matthew_22_20.wav,"hi'ano nituwehalvki; kako hi'a takatlilohsti, ale kako' atsinoheha hi'a tsikowhela?"
cherokee_new_testament/split_audio/matthew_22_21.wav,"sihsa, unatvnhvki. hi'anho nituwehselvki; sihsa atina etsihvhsi hsihsa utselika, unelanvhino unelhanvhi utselika."
cherokee_new_testament/split_audio/matthew_22_22.wav,"unathvkanvnho unihskwanikohsvki, ale unatanv'elvki."
cherokee_new_testament/split_audio/matthew_22_23.wav,"nahiyu ika anihsatuhsi' tilehihsohti kehsv unatlahtsithv'ehi kvwaluhtselvki, ale kvwahthvtvnhvki,"
cherokee_new_testament/split_audio/matthew_22_24.wav,"hi'a nuniwesvki; thateyohvhski, mohsi unhetse hi'a nuwehse'i; iyunho ahskaya ayohuhskehsti tsuwetsi nanehvna kehsehsti, tinatanhvlhi atayhekehsti utayhvtv, nahskino tathvhihstanehehsti tiniyolhi tinatanhvlhi."
cherokee_new_testament/split_audio/matthew_22_25.wav,"nahskinho ayv otsehv anehvki kalhkwoki iyanitv anatanhvlhi; utanhilikenho utehsvnhv uyohuhsvkwo, tsuwetsinho nanehvna kehsv iyuhsti utali'i uwekohtanelv unhvlhi."
cherokee_new_testament/split_audio/matthew_22_26.wav,"nahskiya nahskwo tha'line'ihv ale tso'ine'i, kalhkwokine wikvtihski."
cherokee_new_testament/split_audio/matthew_22_27.wav,ulhskwalthinho akeyhv nahskwo uyohuhsvki.
cherokee_new_testament/split_audio/matthew_22_28.wav,"nahski iyuhsti nhahkwo tsuniyohuhsvhi tanalehihsanhvha, kako utali kehsehsti nahski kalhkwoki iyanitv kehsv'i?"
cherokee_new_testament/split_audio/matthew_22_29.wav,"tsihsa unhetsv hi'a nituwehselvki; itsilitahstiha nitsikhthahvna kesv iyuhsti nuhstv kowhelv'i, ale nulhinikvkv unelhanvhi."
cherokee_new_testament/split_audio/matthew_22_30.wav,"tsuniyohuhsvhihyeno tanalehsanhvha, vlha yitanatehsvhvhsko, vtl ale yitketsiyeko'i; tinikhanhahwatitohihskini kalvlati anehi unelhanvhi tsutseli' nahskiya kehso'i."
cherokee_new_testament/split_audio/matthew_22_31.wav,"tsuniyohuhsvhskininonv unalehihsohti kehsv tsitsine'ihstiha, lhahsko yitsikoliye'o unelhanvhi itsnetselvhi, hi'a tsinikaweha?"
cherokee_new_testament/split_audio/matthew_22_32.wav,"ayv unelhanvhi ekwahami utselika, ale unelhanvhi ehsik utslk, ale unelhanvhi tsekakwi utselika. vlha unelhanvhi tsuniyohuhsvhi unatseli yiki, tinvnhotvkwohskini unvhsv."
cherokee_new_testament/split_audio/matthew_22_33.wav,unitsathinho unathvkanv unihskwanikohsvki nuhstv tateyhohvhskvi.
cherokee_new_testament/split_audio/matthew_22_34.wav,"anikwalihsihskini unathvkanv elhawey tuwanhv anihsatuhsi, nahski tunilawitsvki."
cherokee_new_testament/split_audio/matthew_22_35.wav,"ahsiyvwhinho nanhhutsyk tikhnhhwatvsti tikhosihsishki, utvhtvhnvki usatvshkvi, hi'a' hi-a nu-we-sv-gi;"
cherokee_new_testament/split_audio/matthew_22_36.wav,"thateyohvhski, kato uhsti utli' kalvkwtiyu ulhinetsv tikhanhahwatvhsti?"
cherokee_new_testament/split_audio/matthew_22_37.wav,"tsihsanho hi'a nuwehselvki; yihowa tsanelhanvhi hikeyuhsehsti nika'v tsanawi hvhtihskehsti, ale nika'v tsatanhto, ale nika'v tsatanhthehtiyhi."
cherokee_new_testament/split_audio/matthew_22_38.wav,nahski hi'a ikvyiy al utsathi kalvkwti tikhanhahwatvhsti.
cherokee_new_testament/split_audio/matthew_22_39.wav,thalinenho nahskiyakwo nahskwo; tsvhsv tsinitsatakeyuhsv nikeyuhsehsti na'v itihstatala.
cherokee_new_testament/split_audio/matthew_22_40.wav,nahski hi'a thali nulhinetsv tulihstayitihsti nikatiyu tikhanhahwatvhsti ale unatolehohsv'i.
cherokee_new_testament/split_audio/matthew_22_41.wav,"ahsikwo tanilawi'v anikwalihsi, tsihsa tuthvtvnhvki,"
cherokee_new_testament/split_audio/matthew_22_42.wav,"hi'a nuwehsvki; kato itseli etsatanvthehskv kalonetv, kako uwetsi? tewi, vkvwohselvki."
cherokee_new_testament/split_audio/matthew_22_43.wav,"hi'a nituwehselvki; katonho tikalhstohtiha, tewi atanhto uweyhohvhskv'i, tsakvwiyuhi, tsikohseha? hi'a tsinikaweha;"
cherokee_new_testament/split_audio/matthew_22_44.wav,yihowa' hi'a nuwehselvki ukvwiyuhi akwatselika; tsikathihsi ititlv tsolhehsti v khvnhi ketsskaki titsalahsihtiyhi kahskilo nikatsiyvnelvha;
cherokee_new_testament/split_audio/matthew_22_45.wav,"iyuyhenho tewi, tskvwiyuhi, yikohseha, kato yikalhstohta uwetsi yiki?"
cherokee_new_testament/split_audio/matthew_22_46.wav,tla nhahakwo yeli' khilo skntsh kvwhanetsehti yikehse'i; tla ale khilo nahiyu iyutalenvtv yeli kakvwathvthti yikehse'i.
cherokee_new_testament/split_audio/matthew_23_01.wav,"nhahkwono tsihsa tuwonhthanvki unitsathi ale kvwhstawatitohi,"
cherokee_new_testament/split_audio/matthew_23_02.wav,hia nuwehsvki; tinowhelihski ale anikwalihsi mohsi uwehskilv ani'na;
cherokee_new_testament/split_audio/matthew_23_03.wav,nahski hiyuhsti nika'v kohuhsti titsikhanhahwatuka ketsohsehehsti tetsikhanhahwatekehsti ale nahski nitsatvnehehsti; ahsenho nahski nanatvnehv'i lhehsti hyinitsatvnehehsti; aninhekoyheno ahsenho vlha nahski yinanatvneho'i.
cherokee_new_testament/split_audio/matthew_23_04.wav,"tanatalhitlvhskoyheno' tikaketv tilihsvhsti ale uteyahthohti tilhsvhstiyi, nahskino yvwi taninhatlhvhsko'i; ahseno unvhsv vlha sakwo aniyehsatv yvkvnta yitokvnithelvhvka."
cherokee_new_testament/split_audio/matthew_23_05.wav,"nikatiyuhskini tunilvwhstanehv yvwikwo kvwanikowhahthvhtiyi uniyelvhso'i. tiyhahthena nitanvneho tsunakvtanohsti, ale taniyhahthv'vhstihsko' tekataluyatv tsunanhuwo;"
cherokee_new_testament/split_audio/matthew_23_06.wav,"ale unilvkwto nukvwiyuhsv' tsunanhtlvtiyi tanalhstayvhvhskv'i, ale nukvwiyuhsv tekahskilv tikalawi'ihstiyi,"
cherokee_new_testament/split_audio/matthew_23_07.wav,"ale ketsiyolihstiyi tikahntohtiyi, ale thateyohvhski, thateyhohv'hski, kvwanohsetiyi yvwi."
cherokee_new_testament/split_audio/matthew_23_08.wav,"nihihskini lhehsti thateyhohvhski, yetsohsehehsti; ahsiyvwiyhenho titseyhohvhski, nahski kalonetv; nikatvnho' nihi itsalhinvtlikwo."
cherokee_new_testament/split_audio/matthew_23_09.wav,"ale lhehsti khilo etota etsohselvki anhi' elohi; ahsiyvwikwohyehno itsitota, nahski kalvlati tshvtseha."
cherokee_new_testament/split_audio/matthew_23_10.wav,"ale lhehsti skwathinhitohi yetsohsehehsti nihi, ahsiyvwikwohyenho titsathinhitohi, nahski kalonetv."
cherokee_new_testament/split_audio/matthew_23_11.wav,"khilohskini utli atsilvkwotiyu kehsehsti nihi itsehv'i, nahski etsinvhsitahsti kehsehsti."
cherokee_new_testament/split_audio/matthew_23_12.wav,khilonho uwahsvkwo atahsalatihskehsti elati iyakvnti kesehsti; khilonho uwahsvkwo elati natatvnehehsti atsihsalatoti kehsehsti.
cherokee_new_testament/split_audio/matthew_23_13.wav,"nihihskini uyo'iyu itsalhstaneti titsowhelihski ale itsikwalihsi itsatlonahsti! tetsihstunhehohyenho yvwi kalvlati utselikohi; vlhayhenho itsvsv yitsiyvhiho'i, ale' vlha unnelaki waniyvha yititselihseho waniyvhihi."
cherokee_new_testament/split_audio/matthew_23_14.wav,"uyo'iyu itsalhstanhehti titsowhelihski ale itsikwalihsi itsatlonahsti! tetsihsvnhehoyhenho tsunohsulotsvhi taninelv'i, ale itsatlonahstv kohitiyu itsatatolihstihsko'i. nahski iyuhsti utlihiyu' ika'i itsikilhiyo'ihsti kehsehsti."
cherokee_new_testament/split_audio/matthew_23_15.wav,"uyo'iyu itsalhstanhehti titsowhelihski ale itsikwalihsi itsatlonahsti! tetsateyohohyehno amekwohi ale katohi etsiyoho ahsiyvwi nuhsthv itsohiyusv kohiyuhvhski iyetsvnhtiyi, ale nahski netsvka tha'li iyuwakhthi utli tsvhskino'i uwetsi netsvneho ehskakwo itsvhsv."
cherokee_new_testament/split_audio/matthew_23_16.wav,"uyo'iyu itsalhstanehti, titsikhewi titsatathinhitohi! hi'a itsiwehski; khilo iahselithvhskehsti ikhaneihstihskehsti uthvnv-tikalawihstiyi, ahsekwokwo nahski; khilohskini ikhane'ihstihskehsti atelv talonike utvna-tiklawistiy ahv'i, nahski' ahstayiyu ututala."
cherokee_new_testament/split_audio/matthew_23_17.wav,"itsineku ale titsikhewi! kato uhsti utli kalvkwtiyu, atelvhsko talonike'i, uthvna-tikalawihstiyike nahski kalvkwtiyu tsinikvneha atelv talonike'i?"
cherokee_new_testament/split_audio/matthew_23_18.wav,"ale, khilo ikhane'ihstihskehsti atsilv-kelhstiyi, ahsekwokwo nahski; khilohskini ikhaneihstihskehsti ahlskolhthanvhi nanhahahi, nski ahstyiy uhttalayu u-du-da-la."
cherokee_new_testament/split_audio/matthew_23_19.wav,"itsineku ale titsikhewi! kato uhsti utli kalvkwtiyu, alhskohlthanvhihsko, atsilvkhe-kelhstiyi, nahski kalvkwtiyu tsinikvneha ahlskolhthanvhi?"
cherokee_new_testament/split_audio/matthew_23_20.wav,"nahski iyuhsti khilo i'ahselithvhskehsti ikhane'ihstihskehsti atsilvkelhstiyi, khane'ihstihskehsti nahski ale nika'v go-hu-s-di na-hna a-hv-i."
cherokee_new_testament/split_audio/matthew_23_21.wav,"ale khilo ikhaneihstihskehsti uthvnv-tiklawi'ihstiyi, khane'ihstihskehsti nahski' ale nanhhknel. ga-ne-la."
cherokee_new_testament/split_audio/matthew_23_22.wav,"ale khilo ikhane'ihstihskehsti kalvlati, khane'ihstihskehsti unelhanvhi uwehtiyi ale nanhhuwl. u-wo-li."
cherokee_new_testament/split_audio/matthew_23_23.wav,"uyo'iyu itsalhstanehti titsowhelihski ale itsikwalihsi itsatlonahsti v ahskohineyhenho itsakuyihsko svlhi ale ehsv ale kamini; tetsinhohiyahskonho utli ulhsketvya kehsv tikhanhahwatvhsti, tuyukhtv kehsv'i, ale atatolihstiyi, ale kohiyhtiyi. nahskihskini hi'a yinitsatvnele'iav aleh so'i nitsinhohiyvnakwo yikese'i."
cherokee_new_testament/split_audio/matthew_23_24.wav,titsikewi titsatathinhitohi v tohsv itsinhahsolvhstihski kemilinho itsikihski.
cherokee_new_testament/split_audio/matthew_23_25.wav,uyo'iyu itsalhstanhehti titsowhelihski ale itsikwalihsi itsatlonahsti! itsohsulehskoyheno' katuititlv ulihskwiti ale athelitovv ahsenho hawinititlv ukhalitsvhi' kehso ahsekwo ataki'ehti kehsi ale tuyukhthv nikehsvna.
cherokee_new_testament/split_audio/matthew_23_26.wav,"hikwalihsi thikhewi i ikvyi hinvkalv hawinititlv ulihskwiti al athelito, katuititlvnho nahskwo tsutanvkalvtv kehsehsti."
cherokee_new_testament/split_audio/matthew_23_27.wav,"uyo'iyu itsalhstanehti titsowhelihski al itsikwalihsi itsatlonahsti! nahskiyakwoyeno nihi tsunekv itikvnelvhi tatselihstvi, nahski katuititlv utohiyuhi tsuwotuhiyu tsikehso'i, ahsenho awhinititlv tsukhalitsvhi tsikehso tsuniyohuhsvhi tsunikhola ale nika'v kataha kehsv'i"
cherokee_new_testament/split_audio/matthew_23_28.wav,nahskiykwohskini' nahskwo nihi katuititlv' itsatanhthiyu nvwahsto'i yvwi tiketsakhanhtiyi v ahsenho hawinititlv itsikhalitsvhi kehso' itsatlonahstv'i ale uyo'i.
cherokee_new_testament/split_audio/matthew_23_29.wav,"uyo'iyu itsalhstanheti titsowhelihski ale itsikwalihsi itsatlonahsti! tetsolhvhihsihskoyeno tekanihsahv anatolehohski, ale tetsotu'ihstihsko' tatselihstv unatanhthi;"
cherokee_new_testament/split_audio/matthew_23_30.wav,"hi'anho nitsiwehsko'i; iyunho ayv yotsehe nahiyu tso'kitota tsanehe'i, vlha ytokayotsalikonhele kikv tunatsewelv anatolehohski."
cherokee_new_testament/split_audio/matthew_23_31.wav,nahski iyuhsti itsvhsv khvnikehsv nitsatatvne nahski titsitota kehsv anatolehohski tsunilhvhi.
cherokee_new_testament/split_audio/matthew_23_32.wav,itsikhalitsakhoka titsitota unalhilo'v'i.
cherokee_new_testament/split_audio/matthew_23_33.wav,inatv nihi! unihskahsehti inatv tsunetsi nihi! katonho yikalhstohta' yetsatiwhihsi akilhiyo'ihsti tikesv tsvhskino'i?
cherokee_new_testament/split_audio/matthew_23_34.wav,"nahski iyuhsti khvnhiyukwo tetsinvli nanhahtitseh antlhsk ale ankthnhhi ahle' tinowhelihsk; iktn totatsihli alhe ttatstni tatanhhwstvi, ikatvno totatslvnhli titsilawishtiyi, a'le uyo nitottsnl tekatunhahai; de-ga-du-hna-v-i;"
cherokee_new_testament/split_audio/matthew_23_35.wav,"nahski itsiluhtsehtiyi nikatv ohstv kikv elohi utsewotsvhi, utanhhthi ekwili ukikv nvtakvwatalenvtv, tsekalaya ukikv kwelikaya uwetsi nvtvhsti, nahski tsetsilv utlatnvtv uthvna-tikalawi'ihstiyi atsilvnho-kelhstiyi."
cherokee_new_testament/split_audio/matthew_23_36.wav,utohiyuhiya hi'a nitsvwehseha v hi'a nahski nikatv tayunalhiyiloheli hi'a khohi tsaneha.
cherokee_new_testament/split_audio/matthew_23_37.wav,"tsi'luhsilmi! tsiluhsilimi! anatolehohski thihihi, ale ketsaluhtsehtiyi ketsinvhsvhi nvya tvnhstihski v yanokiyu akwatulihskv katsiyalhihsohtiyi titsetsi v nahskiya tsahthaka tsitekalhihsihsko' tsuwetsi anitv tikhanokeni hawinititlv; ahsenho vlha yitsatulihske'i."
cherokee_new_testament/split_audio/matthew_23_38.wav,kvniyukwo' itsatseli kalhtsote nvtha netsvnelv.
cherokee_new_testament/split_audio/matthew_23_39.wav,"hiayhenho nitsvwehseha; vlha yvkeskikowahthv khohi iyutalenvtv, khvnhi hi'a nitsiwehsvha; atsilvkwotiyu nahski yhowa te'uto'v tsikaluhihstiha."
cherokee_new_testament/split_audio/matthew_24_01.wav,"tsihsanho unukotsvki tikalawi'ihstiyi utanvhsvki, kvwhstawatitohnho kvwaluhtshelv kvwanonhelvki' nituhstv tatanelv uthvnatikalawi'ihstiyi."
cherokee_new_testament/split_audio/matthew_24_02.wav,tsihsano hi'a nituwehselvki; tlahsko nikatv hi'a yititsikowahthiha? utohiyuhya hi'a nitsvwehseha; vlha sakwohunv nvya anhi yitutahsahlhahehsti nahski nikohvhthanvna yikehsehsti.
cherokee_new_testament/split_audio/matthew_24_03.wav,"oliwayonho uhsahilhv uwolhv'i kvwahstawatitohi unvhsv kesv kvwaluhtselvki, hi'a nuniwesvki; skinohvhsi hilako' iyu hi'a nahski nvtakalhsthani; ale kato uhsti uyelhtv kehsehsti tsaluhihstiyi, ale khohi kehsv ulhskwatihstiyi?"
cherokee_new_testament/split_audio/matthew_24_04.wav,tsihsano unhetsv hi'a ntuwehselvkiav itseyahthahehsti lhehsti khilo tsitsilonuhelhi;
cherokee_new_testament/split_audio/matthew_24_05.wav,"unitsathehstiyhen ayv takwato'v ani'luhihstihskehsti, ayv kalonetv, anatihskehsti; ale unitsathahsti tanilonuhehskehsti."
cherokee_new_testament/split_audio/matthew_24_06.wav,ale itsathvkihskehsti tanhahawa ale aninhohelhitohv tanhahya; itseyahthahehsti lhehsti uwelihihsti yinitsalihstanhelehsti; nahskiyeno nikatiyu ase iyulhstohti v ahsenho ulhskwatihstiyi kesv ahsi kehsehsti.
cherokee_new_testament/split_audio/matthew_24_07.wav,"tsunatalenhvtvyeno yvwi totvnalenhi totvnatatluthani v ale ayelhi tunolhvwhatihsv totvnatatluthani v ale takonulohsitohehsti, ale vyhukihyu nikalhsthanitohehsti, ale katohi talihthelvnhitohehsti."
cherokee_new_testament/split_audio/matthew_24_08.wav,nahski hi'a nikatv alenihskv kehsv akilhiya kehsv'i.
cherokee_new_testament/split_audio/matthew_24_09.wav,nhahkwonho nihi witotaketsiyohsi itsikilhiyo'ihstiyiav ale totaketsilhi; ale nikatiyu nunatalehsv yvwi ketsihskakehsti ayv takwato'v nvtikalhstohtihskehsti.
cherokee_new_testament/split_audio/matthew_24_10.wav,"nhahkwonho unitsathehsti tunotehihehsti, ale tanatatlutihskehsti ale tanatahskakehsti."
cherokee_new_testament/split_audio/matthew_24_11.wav,"ale unitsathehsti unatlonahsti anatolehohski aninanukokehsti, ale unitsathehsti tanilonuhehskehsti."
cherokee_new_testament/split_audio/matthew_24_12.wav,ale utsathv ahskanv'ihsti kehsv ehv nahski' iyuhsti unitsathehsti atakeyhti kehsv unehv tvyhvtlatti.
cherokee_new_testament/split_audio/matthew_24_13.wav,ahsenho nahski na kvlhskwatihski alhinikvnehi nahski atsihstelhti kehsehsti.
cherokee_new_testament/split_audio/matthew_24_14.wav,"hiano nahski ohstv khanohetv kalvlati utselikohi elanikhv unalitsitonnitahsti kehsehsti hunatolehohihstiyi nani'v tsunatalenhvtv yvwi, khilanho nhahkwo tvlhskwatilhi."
cherokee_new_testament/split_audio/matthew_24_15.wav,"nahski iyuhsti nhahkwo itsikohvha uhska'ihstiyu kvnohsatvhi ikvnehiuv nahski tenili atolehohsk tsunhesthane'ihv katokehsti kalvkwtiyu kehsv'i v (khilo akoliyehskehsti kolhkehsti,)"
cherokee_new_testament/split_audio/matthew_24_16.wav,nhahkwo tsutiyi' anini analihsvha totsotalv wanilohsvha.
cherokee_new_testament/split_audio/matthew_24_17.wav,khilon kahsanali ukhi'lehsti lhehsti yvtiutlo'ahsehsti yukihsolhehsti kohuhsti uhv kanelv'i;
cherokee_new_testament/split_audio/matthew_24_18.wav,ale khilo tlokehsi wetohi lhehsti yvtiutsvhsehsti tsunhuwo yitunehsolhehsti.
cherokee_new_testament/split_audio/matthew_24_19.wav,ale uyo'iyu iyunalhstanehti tininelitv ale tsunihsta'i nahiyu kehsv'i.
cherokee_new_testament/split_audio/matthew_24_20.wav,ale itsatatolihstihskehsti itsithayohihehsti kola ale unatotakwahskv itsalihstiyi nikehsvna iyulhstohtiyi.
cherokee_new_testament/split_audio/matthew_24_21.wav,"nahiyuyheno utsathehsti akilhiya, nahski ika'i vlha ilvhiyu yinulhsthano elohi tsutolhvnv nvtakvwatalenvtv khohi iyahsthi, vlha ale ilvhiyu nahski iyulhstohti yikehsehsti."
cherokee_new_testament/split_audio/matthew_24_22.wav,"ale nahiyu ika nitahskwalhanvna yiki, vlha ukwetalhi kayetsihstelhti yikaki v ahsenho kekahsuyetv kehshv nvtikalhstohtihskehsti nahiyu ika tihskwalhoti kehsehsti"
cherokee_new_testament/split_audio/matthew_24_23.wav,"nahiyu kehsv iyunho khilo hi'a nitsiwehsehehsti, kvnhiyukwo' anhi kalonetv etohahi ale' anhi; lhehsti tsitsohiyunhi"
cherokee_new_testament/split_audio/matthew_24_24.wav,"tvninanukotsihyeno unatlonahsti kalonetv ale unatlonahsti anatolehohski, ale aninanukowhihskehst kalvkwtiyu uyelhtv ale uhskwanikhti; nahski iyuhsti iyunho yeli ikvwalhstohti yiki yitanilonuhvli nahskwo kekahsuyetv."
cherokee_new_testament/split_audio/matthew_24_25.wav,kvnhiyukwo nitsvnonhelv.
cherokee_new_testament/split_audio/matthew_24_26.wav,nahski iyuhsti iyunho hi'a niketsiwehselvha; inake etoha; lhehsti nanhhwtslsvk; kvniyukwo utelisv khanvhslv ayaav' tlsti tstshihyni. tsi-tso-hi-yu-ni.
cherokee_new_testament/split_audio/matthew_24_27.wav,"anakalihskihyeno tikhalvkv tsvtikannukoko'i, wutelikvnho iyvtv tsiwitkalvhsattihsko'i, nahskiya nahskwo nuhstehsti yvwi uwetsi kaluhtslvha."
cherokee_new_testament/split_audio/matthew_24_28.wav,ilvhtlvyenho kohuhsti uliwhotsvhi tsikano'i v nanhhawhl anahtatlsski. a-na-da-tli-si-s-go-i.
cherokee_new_testament/split_audio/matthew_24_29.wav,"ikvwenvtakwo' onhi nahski nahiyu akilhiya kalohsonhvhaav nvto' ika ehi tvlhsihvhsi, ale nvt hsvnoyi' ehi vlha ika yuthihstehstiav ale nokwsi tvninvko'ahsi, ale unitsathi kalvlohi tsanikhala tvnalhthelvnhi."
cherokee_new_testament/split_audio/matthew_24_30.wav,"nhahkwonho kalvlo'i tkananukotsi yvwi uwetsi utseli uyelhtv'i, ale nhahakw nikatv tanilhstalhv elohi totvniyvlsi, ale tvnikohi yvwi uwetsi tsa'ihsehsti ulokilv kalvlo'i, ulinihkitiyu kehs ale utsathi kalvkwtiyu kesv unhuwohstehsti."
cherokee_new_testament/split_audio/matthew_24_31.wav,"nhahkwonho totakanvhsi tsunvhsitahsti v ale ahstayiyu tvnitselhuhihsi, ale totvnilhihsanhi kekahsuyetv nvhki nitotikalohskv unole, kalvlo' iyvtv witulhsthinilhv."
cherokee_new_testament/split_audio/matthew_24_32.wav,"kha, itsatelhohkwa talhilohstv svkhthaiyuhsti tluhkv'i; iyuyheno tuwanikalhv' titake nitekalhstha, ale khila'i tsikalhstuhvhsko'i, itsikthaho koki na'vnhiyu kesv'i."
cherokee_new_testament/split_audio/matthew_24_33.wav,"nahskiyahskini nahskwo nihi, iyunho nhahkwo hi'a nahski tsutalenhvtv itsikohvha, itsikhthahehsti ehskanhiyu kehsvi, kalohihstiyikwo kesv'i."
cherokee_new_testament/split_audio/matthew_24_34.wav,"utohiyuhya hi'a nitsvwehseha; hi'a khohi tsaneha vlha yvtvnilohsonhi, khvni nikatv hi'a tsutalenhvtv nikalhsthanvha."
cherokee_new_testament/split_audio/matthew_24_35.wav,kalvlo' ale elohi totakalohsonhivv ayvhskini akhinetsv'i vlha yvtakalohsonhi.
cherokee_new_testament/split_audio/matthew_24_36.wav,"ahsenho nahiyu ika kehsv ale iyulhilotv khalawatisv vlha khilo yakhthaha, lha nahskwo tinikhanhahwatitohi kalvlati anehi, etotahskini uwahsvhiyu."
cherokee_new_testament/split_audio/matthew_24_37.wav,"nahskiyhenho tsinuhste nahiyu noya tsehe'i, nahskiya nuhstehsti yvwi uwetsi kaluhtsvha."
cherokee_new_testament/split_audio/matthew_24_38.wav,"nahiyhuhenho' ahsi nikanohukihskvna tsikehshe'i, tanalihstayvhvhske'i, ale tanatithahske'i v ale tanatesvhvhske'i ale teketsiyeke'i, khvni nahiyu ika noya utsanv tsiyuhi,"
cherokee_new_testament/split_audio/matthew_24_39.wav,"ale nanelihskvna tsikehse'iav khvnhi unohukanilhv, ale nikatv tunikvtsv, nahskiyakwohskini nahskwo nuhstesti yvwi uwetsi kaluhtsvha."
cherokee_new_testament/split_audio/matthew_24_40.wav,"nhahkwonho anithali tlokehsi anetohehsti, ahsiyvwi atsiyanvhti kehsehsti so'inho atsikhahiyahsti kehsehsti;"
cherokee_new_testament/split_audio/matthew_24_41.wav,anithali anikeyhv anihstoskehsti ahstohskiyiav ahsiyvwi' atsiyanhti kehsehsti so'inho atsikhahiyahsti kehsehsti.
cherokee_new_testament/split_audio/matthew_24_42.wav,"nahski iyuhsti itsiyahwskehsti, vlhayheno' yitsikhthaha iyukwo uluhihstiyi itsatseli ukvwiyuhi."
cherokee_new_testament/split_audio/matthew_24_43.wav,"hianho itsanhthehsti, iyunho ahskaya kanela yi'akhthahe iyukwo kanohskihski uluhihstiyi, yuyahwse'i, ale' vlha unelaki wakiyvhsi kalhtsote yikvwelise'i."
cherokee_new_testament/split_audio/matthew_24_44.wav,"nahski iyuhsti nihi nahskwo itsatvnv'ihstehsti, nitselihskvnakwhyeno kesv iyu yvwi uwetsi takaluhtsi."
cherokee_new_testament/split_audio/matthew_24_45.wav,"kakokhenho akalhiya ale hsinahsani atsinvhsitahsti, nahski unvhsitohi nukvwiyuhshv' iyuwanelvhi kanelv tutathinhahai, nahski unalhstayvhti tsunhehtiyi unalhstayvhtiyi nikalhsthanihsv'i?"
cherokee_new_testament/split_audio/matthew_24_46.wav,ohsiyu iyulhstanhehti nahski na atsinvhsitahsti unvhsitohi kaluhtsvha uwahthvhvha nahski natvnehv'i.
cherokee_new_testament/split_audio/matthew_24_47.wav,utohiyuhiya hi'a nitsvwehseha; nikatv unhahai tvkhthitihsthani.
cherokee_new_testament/split_audio/matthew_24_48.wav,iyuhskinino nahski na unekutsitv atsinvhsitahsti hi'a nikawehskehsti tsutanhtv'i; akinvhsitohi kohitiha uluhihstiyi;
cherokee_new_testament/split_audio/matthew_24_49.wav,"ale alenihskehsti tokalvnhihehsti itsulaha ketsinvhsitahsti, al itsulaha analhstayvhvhskehsti ale tanatithahskehsti tsuniyhvhstehski,"
cherokee_new_testament/split_audio/matthew_24_50.wav,"nahski atsinvhsitahsti unvhsitohi takaluhtsi nahiyu ika natkhthenohvna kehsv'i, ale iyuh nelihskvna kehsv'i,"
cherokee_new_testament/split_audio/matthew_24_51.wav,"ale totayukalhsi, ale unatlonahsti wanehv wvtayuhseheli; nanhhtnykst ahle tanltkskst taninutokviti da-ni-nu-do-gv-i."
cherokee_new_testament/split_audio/matthew_25_01.wav,"nhahkwonho kalvlati' ehi ukvwiyuhi kesv nahskiya kehsehsti hskohi iyanitv anathv, nahski tsituninvhse titsvhstohti ale tsitunatlohsvhse atehsvhvhski."
cherokee_new_testament/split_audio/matthew_25_02.wav,"hihskinho iyanitv anikhthanhahi kehse'i, hihskinho unineku."
cherokee_new_testament/split_audio/matthew_25_03.wav,"unineku tuninvhse titsvhstohti ahsenho ko'i nunintsvhsvna kehse'i,"
cherokee_new_testament/split_audio/matthew_25_04.wav,"anikhthanhahahskini tuninvhse tsunitsvhstohti, ale nahskwo ko'i uninehtsvhse tunitlihsthane' tithelito."
cherokee_new_testament/split_audio/matthew_25_05.wav,"ahsinho ukonhiyoke atehsvhvhski v nikatv anilhinvke'i, ale unilhinvtse'i."
cherokee_new_testament/split_audio/matthew_25_06.wav,"svnoyihno ayelhi khilo ahstaya unhetse'i, hi'a nuwehse'i; kvniyukwo atehsvhvhski taya'i! witetsa'tlo'i!"
cherokee_new_testament/split_audio/matthew_25_07.wav,nhahkwono nikatv' anathv unatitanehse'ihv ale tunitshinohskalvhe tunitsvhsthv'i.
cherokee_new_testament/split_audio/matthew_25_08.wav,"uninekunho hi'a nituniwehsele anikhthanha'hahi; ikat ko'i itsatseli skine'vhsi, tokhtlo'hihsehayhenho tokitsvhsthv'i."
cherokee_new_testament/split_audio/matthew_25_09.wav,"ahsenho anikhthanhahi uninhetsv hi'a nuniwehse'i; lhake yeli yitokekiyelika nikatv, itsenakwohskini tininhtihskv'i itsvhsv witsiwhahi."
cherokee_new_testament/split_audio/matthew_25_10.wav,"uniwhahsenvnho atehsvhski uluhtse'i, unatvnv'ihstinho nahski itsulaha tsakatsvhstohtiyi wuniyvlhe'i, ale unihstunhe kalohihstiy."
cherokee_new_testament/split_audio/matthew_25_11.wav,"onhno naskwo anihso'i anatv uniluhtse'i, hiha'anuniwehse'i; tsakvwiyuhi, tsakvwiyuhi, ehskihstuki."
cherokee_new_testament/split_audio/matthew_25_12.wav,"ahsenho tsunhetsv hi'a nuwehse'i; utohiyuhya itsvyoseha, vlha yitsvkathaha."
cherokee_new_testament/split_audio/matthew_25_13.wav,"nahski iyuhsti itsiyahwskehsti, vlhayheno yitsikhthaha nahiyu ika kehsv ale iyulhilotv khalawatihsv uluhihstiyi yvwi uwetsi."
cherokee_new_testament/split_audio/matthew_25_14.wav,"nahskiyakwoyheno khilo ahskaya inv' tswtkalssi, ale tswtuynvhe tsuhnsitastile ahle tstuyhisele"
cherokee_new_testament/split_audio/matthew_25_15.wav,"ahsiyvwhinho hihski iyakayvli atelv tunhele'i, so'inho thali iyakayvli v so'inho hsakwo iyakayvli, anihsiyvwiha nahski yeli ikvwantvnhti kehsv'i v nhahkwonho unhikise'i."
cherokee_new_testament/split_audio/matthew_25_16.wav,nhahkwonho hihski iyakayvli tsatsinelvhi uwenvhse hwunohthane'iav hihskino iyakayvli unehkwotsele'i.
cherokee_new_testament/split_audio/matthew_25_17.wav,nahskwo ale na tha'li iyakayvli tsatsinelvhi nahskwo thali iyakayvli unehkwotsele'i.
cherokee_new_testament/split_audio/matthew_25_18.wav,"sakwohskini iyakayvli tsatsinelvhi uwenvhsei, wuhskoha katohiav ale wituwahskalhane unalha'i tsutseli atelv."
cherokee_new_testament/split_audio/matthew_25_19.wav,"ilvhyunho' iyvtv uluhtse nahski ketsinvhsitahsti uninalha'i, ohstvnho nunvnele'i."
cherokee_new_testament/split_audio/matthew_25_20.wav,"hihskinho iyakayvli tsatsinelvhi uluhtse'i, ale tuyolhe nvwanatale hihski iyakayvli atelv, hia nuwehse'i; skinalha'iuv hihski iyakayvli atelv tehskiyohihselvki o kvnhiyukwo nvwanatale hihski iyateyvli kvkinehkwotselv."
cherokee_new_testament/split_audio/matthew_25_21.wav,unalha'inho hi'a nuwehsele'i v ohsiyu v hohstv ale hikalhiya etsanvhsitahsti! tuyukhtv' nitsatvnelv uhsti tsutalenhvtv tetsalvwhihstanelv'i; utsathi tsutalenhvtv tsakvwiyuhsateki nvtakvyvneli; hiyvha ohstv atanhtatihstiyi tsanalhi utselikohi.
cherokee_new_testament/split_audio/matthew_25_22.wav,"nahskwonho thali iyakayvli tsatsinelvhi uluhtsv hi'a nuwehse'i; skinalha'i, tha'li iyakyvli atelv teskiyohihselvki; kvniyukwo nvwanatale thali iyakayvli kvkhinehkwotselv."
cherokee_new_testament/split_audio/matthew_25_23.wav,unalha'i hiha nuwehsele'i v ohsiyu! hohstv ale hikalhiya etsanvhsitahsti! tuyuhkthv nitsatvnelv uhsti tsutalenhvtv' tetsalvwhihstanelv'iai utsathi tsutalenhvtv tsakvwiyuhsateki nvtakvyvneli v hiyvha ohstv atantatihstiyi tsanalha'i utselikohi.
cherokee_new_testament/split_audio/matthew_25_24.wav,"nhahkwono hsakwo iyakayvli' tsatsinelvhi uluhtsv ha nuwehse'i v skinalha'i, kvkathahvki, hihstayiyu kehsv'i, ale hihskutehskv'i nanhahntswsn kesvina ahle' huthski nanhahntslltnvna kesi. ni-tsa-le-la-dv-nv-na ge-sv-i."
cherokee_new_testament/split_audio/matthew_25_25.wav,"ale tsihska'ihv'i akwenvhsvki, witakvhskalhanvki katohi atelv titsatselika; kvnhiyukwo' anhi nahski titsatselika."
cherokee_new_testament/split_audio/matthew_25_26.wav,unlha'inho unhetsv ha nuwehsele'i; tsanekutsitv ale tsatanulhti etsanvsitahsti! hikhthahvki tsihskutehskv nanhahnkwsn khesvinv ahle' kthskv nahnha hnaklltnhna kesvina ge-sv-i!
cherokee_new_testament/split_audio/matthew_25_27.wav,"atelv tinihskwanikotihskiyi yiwtotsane atelv tikwatselika, nahskinho kohi tsitsi'luhki yitakikohe tikwatseli ale uninehkwotsvhi."
cherokee_new_testament/split_audio/matthew_25_28.wav,"nahski iyuhsti tsito'etsikihsikwo hsakwo iyakayvli atelv, ahskohinho' iyakayvli tsuhi tsetsi'vhsi."
cherokee_new_testament/split_audio/matthew_25_29.wav,"khiloyheno uhehsti atsinehti kehsehsti, utsathino uhskwanikotehsti; khilohskini nuhvna kehsehsti atsikietikwo kehsehsti nahski nahskwo' uhv'i."
cherokee_new_testament/split_audio/matthew_25_30.wav,hi'anho kohuhsti' hktohti nikehsvna kanvhsitahsti toyititlv tsuhlsihkv wetsata'uka; nnhhtnyvkshti ahle tanlvtkskst taninutokv'iti da-ni-nu-do-gv-i.
cherokee_new_testament/split_audio/matthew_25_31.wav,"iyun nhahakwo yvwi uwetsi kaluhtsvha uwahsv utselika kalvkwtiyu kehsv unhuwohstehsti'v ale nikatv ketsilvkwoti tinikhanhahwatitohi tathinhehehsti, nhahkwo takanhi kalvkwtiyu uwehskilv'i;"
cherokee_new_testament/split_audio/matthew_25_32.wav,"ikvyititlvnho totaketsilawiti nikatiyu nunatalehsv yvwi, ale totvkalehnthani nahskiya awhi-tikthiya tsitakalenhtihsko tsutseli' awhi uninotena ale awhi tinihanulvhi."
cherokee_new_testament/split_audio/matthew_25_33.wav,"hwinho uninotena akhthihsi ititlv totakakhohthani, awhinho tinihanulvhi akhskani ititlv;"
cherokee_new_testament/split_audio/matthew_25_34.wav,"nhahkwono ukvwiyuhi' hi'a nitotakawehseli akhthihsi ititlv anitona'i; etsena, etota' itsilvkwthanvhi'i itsatseli winikalhsta utselikohi etsalihskohlvtanelvhi elohi tsutolhvnhv nvtakvwatalenvtv."
cherokee_new_testament/split_audio/matthew_25_35.wav,"akonuyheno akiyohsihskvki, vhskiyelahsthanvnho i akhthatekihskvki, vhskiunvnho; nvkikhthahvna kesvki, vhskiyvthanvki;"
cherokee_new_testament/split_audio/matthew_25_36.wav,"akiyelvha kehsvki, tohskinuwo'vkinho v akhtlvkvki, vhskiyakathanhilhvkinho v titahstutiyhi vkhstuhvki, vhskiwahthvhilhvkinho."
cherokee_new_testament/split_audio/matthew_25_37.wav,"nhahkwonho unatanhthi tvninhetsi hi'a ntakvwawehseli; tsakvwiyuhi, hilakiyu itsvkosv tsayohsihske'i, itsvyelahsthane'nho; ale tsathatekihske'i, itsvunenho;"
cherokee_new_testament/split_audio/matthew_25_38.wav,"ilakiyu itsvko'e netsakhthahvna v itsvythanenho; ale tsayelvha kehse'i, itsvnuwo'enho;"
cherokee_new_testament/split_audio/matthew_25_39.wav,"ale hilakiyu itsvko'e tsatlvke'i v ale titahstutiyi etsahstuhe'i, itsvykathanhilhe'nho?"
cherokee_new_testament/split_audio/matthew_25_40.wav,"ukvwiyuhinho takhanetsi hi'a nitotakawehseliii utohiyuhya hi'a nitsvwehseha v nahskiyheno' tsinetsatvnhelv uhstikhanhi ha nahski otsalhinvtli, ayv nihskiyatvnhelvki."
cherokee_new_testament/split_audio/matthew_25_41.wav,"hi'anho nahskwo nitotakawehseli akhskani' ititlv anitona'i; hskiyatanvhsi, etsihskatsvhi a winahsthvna atsilvyi tikesv witsilohi, nahski' ahskina ale tsutseli' tinikhanhahwati'tohi kkolhvnanelvhi."
cherokee_new_testament/split_audio/matthew_25_42.wav,"akonuyhenho akiyohsihskvki, vtlahno yihskiyelahsthane'i'; akhthatekihskvki, vtlhno yihski'une'i;"
cherokee_new_testament/split_audio/matthew_25_43.wav,"nvkikhthahvna kehsvki, vtlhno yihskiyvthane'i; akiyelvha kehshvki, vtlahno yitihskinuwo'e'i; akhtlvkvki', ale titahstutiyi vkhstuhvki, vtlahno yihskiwahthvhilhe'i."
cherokee_new_testament/split_audio/matthew_25_44.wav,"nahskwonho nahski tvninhetsi, hi'a nvtakvwawehseli a tsakvwiyuhi, ilakiyu itsvko'e tsayohsihske'i v ale tsathatekihske'i v ale netsakhthahvna kese'i, ale tsayelvha kehse'i, ale tsatlvke'i, ale titahstutiyi etsahstuhe'i, nitsvhstelhvnnho kese'i?"
cherokee_new_testament/split_audio/matthew_25_45.wav,"nhahkwonho takhanetsi hi'a nitotakawehseli; utohiyuhya hi'a nitsvwehseha v nahskiyhenho netsatvnhelvna kehsv uhstikhani hi'a nahski, ayv' vlha yinihskiyatvnhele'i."
cherokee_new_testament/split_audio/matthew_25_46.wav,hi'anho nahski whinahsthvna akilhiyo'ihstiyi tikehsv wvtvnilohsi; unatanhthihskini winahstvna kvnhitv tikehsv'i.
cherokee_new_testament/split_audio/matthew_26_01.wav,"hi'ano nulhsthanvki, nahski tsihsa uhskwatv nikatv hi'a nahski nikawehskv'i, hi'a nituwehselvki kwahstawatitohi;"
cherokee_new_testament/split_audio/matthew_26_02.wav,"itsikhthaha tha'li' iyuhsvhi khanohiyeki tilhstayhtiyi kehsv'i, ale yvwi uwetsi tsakatluthanihsv akatvtiyi."
cherokee_new_testament/split_audio/matthew_26_03.wav,"nhahkwonho tunilawitse nunikvwiyuhsv atsilv-anelhohi ale tinowhelihski ale tinilawiki anehv yvwi, kanelv nukvwiyuhsv atsilv akelhohi' khayakwa tsuto'itv;"
cherokee_new_testament/split_audio/matthew_26_04.wav,"uninhohelhenho kalonuhetv unhtohtiyi uniniyhtiyi tsihsa, ale unihihstiyi."
cherokee_new_testament/split_audio/matthew_26_05.wav,"ahsenho hia nuniwehse'i; lhehsti tilhstayvhtiyi kehsv'i, nahiyuhyenho yiki utsathi yanalhthelvhvka yvwi."
cherokee_new_testament/split_audio/matthew_26_06.wav,"tsihsanho kwetiniyi etohv'i, sawani atayhehski utlvki kanelv'i,"
cherokee_new_testament/split_audio/matthew_26_07.wav,"uluhtshelvki akeyhv ayhehvki kuku nvya unekv kolhvhthanvhi atlihstvki utsathi tsukvwalhti atloneti, ale ulonethanvki ahskholi kanhkv alihstayvhvhskv'i."
cherokee_new_testament/split_audio/matthew_26_08.wav,"kvwhstawatitohinho kvwakohv unithalhawohsvki, hi'a nuniwehsvki; katonho hi'a tsatsewoki?"
cherokee_new_testament/split_audio/matthew_26_09.wav,"hiayheno atloneti yunatinvhse utsathi yitukvwalhane'i, ale nahski uyo iyunatvnhhateki tinhehti yikehse'i."
cherokee_new_testament/split_audio/matthew_26_10.wav,"tsihsanho utolehohsv, hi'a nituwehselvki; katonho ietsateyahthohti akeyhv? ohsiyuhyenho tulvwhihstahsi tsinakwvka."
cherokee_new_testament/split_audio/matthew_26_11.wav,"uyoyhenho iyunatvnhahteki nikohilv ketselatitoha, ayvhskini' vlha nikohilv yitsvyelatitoha."
cherokee_new_testament/split_audio/matthew_26_12.wav,"hiayhenho atloneti tsiyelv'i tsakiloneta, vkinihsohtiyi akwatvnv'ihstiha."
cherokee_new_testament/split_audio/matthew_26_13.wav,"utohiyuhya hi'a nitsvwehseha; analhtsitonhitolvha hi'a ohstv khanohetv ilvhitlv elanikhv'i, nahskwo hi'a akeyhv tsinatvka uninhohehti kehsehsti, nahski akanvtatihstohti."
cherokee_new_testament/split_audio/matthew_26_14.wav,"nhahkwonho ahsiyvwi thalatu iyanitv kehsv'i, tsutahsi ihskalati tsuto'itv, nunikvwiyuhsv atsilv-anelhohi wituluhtsele'i,"
cherokee_new_testament/split_audio/matthew_26_15.wav,hi'a winituwehsele'i; kato tahskineli ayvnho totatsvyohihseli? tso'ahskohino ayelhi-atelv tekvwahsahstanele'i.
cherokee_new_testament/split_audio/matthew_26_16.wav,nahiyukwonho ulenvhvki uyholv iyutvnhtiyi ulonuhehtiyi.
cherokee_new_testament/split_audio/matthew_26_17.wav,"ikvyiyikwonho ika nakothanvna katu akihstiyi kehsv kvwhstawatitohi kvwaluhtshelv tsihsa, hi'a nikvwawehselvki, hatlv tsatuliha okatvnv'ihstohtiyi tsalhstayvhtiyi khanohiyeki."
cherokee_new_testament/split_audio/matthew_26_18.wav,"hi'anho nuwesvki; itsena tikatuhv'i, nanhahtsh skahya, hiano hnatsweshlvha; titehyohvhski hiha nikwha; nhahakw kskwlelt, kvkihstawatitohi hinelv thytsskwnikthni khanohiyeki tlshtayvhtiyi kehsvhiyi ge-sv-i."
cherokee_new_testament/split_audio/matthew_26_19.wav,"kvwahstawatitohinho nuhstv tsihsa tunhetselv nahski nunatvnelvki, ale ohstv nunvnelvki khanohiyeki tilhstayvhtiyi."
cherokee_new_testament/split_audio/matthew_26_20.wav,uhsvnho nulhsthanv unahntlvnvki [tsihsa] thalatu iyanitv kvwahstawatitohi
cherokee_new_testament/split_audio/matthew_26_21.wav,analihstayvhvhskvno hi'a nuwesvki; utohiyuhya hi'a nitsvwehseha; hi'a tsinitsatvnhv hsakwo utahsuya tvkwatluthani.
cherokee_new_testament/split_audio/matthew_26_22.wav,"utsathinho uyo'iyu uniyelvnhvki, ale unalenvhvki anihsiyvwiha hi'a nikvwawehselvki; tsakvwiyuhi, tsiko' ayv?"
cherokee_new_testament/split_audio/matthew_26_23.wav,unhetsvnho hi'a nuwesvki; itsulaha tsohstahsuwhihska athe'litokihi nahski tvkwatluthani.
cherokee_new_testament/split_audio/matthew_26_24.wav,yvwi uwetsi a'i nuhstv kowheli atsinohehskv'i; ahsenho uyo'iyu iyulhstanhehti nahski ahskaya awi uwetsi atlutihski. ohsiyu yikehse nahski ahskaya nutenhvnakwo yikehse'i.
cherokee_new_testament/split_audio/matthew_26_25.wav,"tsutahsinho atatlutihski unhetsv hia nuwesvkihv thateyhohvhski, tsiko' ayvhi hi'a nuwehselvki; yeli nhiwi."
cherokee_new_testament/split_audio/matthew_26_26.wav,"anlhstayvhvhskvno tsihsa katu ukihsvki, ale ulihelitsvki, ale ukvhaluyhvki, ale tunhelv kvhwstawatitohi, hi'anho nuwehsvki; itsiki, itsika, hi'a nahski ayv tsiyelv'i."
cherokee_new_testament/split_audio/matthew_26_27.wav,"ulihskwitinho ukisv ale ulihelitsv tunenhelvki, hi'a nuwehsvki; nitsi'v itsatitha;"
cherokee_new_testament/split_audio/matthew_26_28.wav,"nahskiyhenho hi'a akikikv itse khanohet tatlohihstv'i, nahski unitsathi tsikkatsewelv, kaketsinehtiyi unihskanvtsv'i."
cherokee_new_testament/split_audio/matthew_26_29.wav,"ahsenho hi'a nitsvwehseha; vlha ilvhiyu khohki iyutalenvtv yvkakatitha hi'a thelvlati unanukowhihsvhi, khvnhi nahiyu ika itsulaha itse itatithahvha etota utselikohi."
cherokee_new_testament/split_audio/matthew_26_30.wav,"tuninhokihsvnho tikhanokihsti uninukotsvki, oliwayo'i uhsahilhv wunilohsvki."
cherokee_new_testament/split_audio/matthew_26_31.wav,"nhahkwono tsihsa hia ntuwehselvki; nihi nitsi'v totatsotelhi khohi hsvnoyi tsiki, ayv nvtikalhstohtihskehsti. hiayheno nikvnhv ikowhela, tatsiyvniliy'awhi-tikhthiya, awhinho unatatluhkv tvnatikaleyotsi."
cherokee_new_testament/split_audio/matthew_26_32.wav,ahsenho tikwalenvhi kehsehsti ikvyi nvtatsvyenveli kelili.
cherokee_new_testament/split_audio/matthew_26_33.wav,"kwita unhetsv hi'a nuwehselvki; nahskwo nikatv yitunotelhv nihi yinvtikalhstohtiha, ahse ayv' vlha yitokvkwoteka."
cherokee_new_testament/split_audio/matthew_26_34.wav,tsihsanho ha nuwehselvki; utohiyuhiya hi'a nikvwehseha; khohikwo hsvnoyi tsiki ahsi tsathaka naniyvhkvna kehsehsti tso'i nvtahskwatayli.
cherokee_new_testament/split_audio/matthew_26_35.wav,"kwitanho hia nuwehselvki; nahskwo itsulaha tiyiniyohuhihsti yiki, ahse' vlha yvkakvyatayika. nahskiya nahskwo nikatv kvwstawatitohi nahski nuniwehsvki."
cherokee_new_testament/split_audio/matthew_26_36.wav,"nhahkwonho tsihsa ale khwstawtitohi uniluhtsvki kehsimini tuto'v'i, hi'ano nituwehselv kvwhstawatitohi; anhi itsinehsti' khvnhi itlv wikatatolihsthanvha."
cherokee_new_testament/split_audio/matthew_26_37.wav,"tuthinhvhsvkinho kwita ale anithali tsekwiti tsuwetsi, ale ulenvhe ehihsti utanhtate'i, ale utsathi kaketiyu nulhstanhele utanvhthv'i."
cherokee_new_testament/split_audio/matthew_26_38.wav,nhahkwono hi'a nituwehsele'i; akwatanvthv ukhalitsvhi utsathi ehihsti kehsi ayohuhihsti kesv ika'i. anhi itsinehsti ale itsulaha itiyahwskehsti.
cherokee_new_testament/split_audio/matthew_26_39.wav,"uhstikhitvnho uttitlstoti iyvtv wuluhtse'i, ale uliyhahsthune'i, ale utatolihsthane'i, hi'a nuwehse'i; etota, iyunho yeli ikvwalhstoti kehsehsti wakilohihsikwo hi'a ulihskwiti; vlhahskininonv ayv nuhstv katanvthehskv'i, nihihskini."
cherokee_new_testament/split_audio/matthew_26_40.wav,"kvwahstawatitohinho ani'nv ti'uluhtsv tuwhahthvhe anilhine'i, hianho nuwehsele kwita; katokwo, thlahsko tsiyawihskv hsakwo iyulhilotv ikohitv ketsiyawhihsti yiki?"
cherokee_new_testament/split_audio/matthew_26_41.wav,"itsiyahwskehsti ale itsatatolihstihskehst nski utakoliyetiyi kehsv witsinanuko'ihstiyi nikehsvna kehsv'i. atanhto utohiyuh utvnv'ihsti, ukwetalhvhskini wanakalahiyu."
cherokee_new_testament/split_audio/matthew_26_42.wav,"thalinenho uwenvhsi, wutatolihsthane'i, hi'a winuwehse'i; etota, iyunho hi'a ulihskwiti kvkilohihsetikwo nikehsvna yiki, khvnhi' yakwatithahv, nuhstv hatanhthehskv winikalhsta."
cherokee_new_testament/split_audio/matthew_26_43.wav,"ti'uluhtsvnho tuwhahthvhe tha'line anilhina'e'i, tinikhtholiyhenho tikaketiyu kehse'i."
cherokee_new_testament/split_audio/matthew_26_44.wav,"thalinenho tuwvhtetse ale utanvhse'i, ale tso'ine wutatolihsthane'i, nahskiya winuwehse'i."
cherokee_new_testament/split_audio/matthew_26_45.wav,"nhahkwonho tiuluhtsv kvwahstawtitohi ani'nv'i, hi'a ntuwehsele'i; nhhakwo itsilhinvki ale itsiyawehsolvka; kvnhiyukwo iyu kehsv uhskwalvhiti, yvwinho uwetsi akatluthanv uninekutsitv yvwi teketsiyohihselv."
cherokee_new_testament/split_audio/matthew_26_46.wav,titsalehvka! ita'ihsehsti! kvnhyukwo akwo taya'i akwatlutihski.
cherokee_new_testament/split_audio/matthew_26_47.wav,"ahsikwonho kawonihskvi khvnhiyukwo tsutahsi ahsiyvwi thalatu iyanitv kesv uluhtsvki, ale tathinhehvki unitsathi yvwi, ayelhsti-tikanvhitv ale ata tininehi, nvtakvninvhsitv nunikvwiyuhsv atsilvanelhohi tinilawiki anehv yvwi."
cherokee_new_testament/split_audio/matthew_26_48.wav,"utlutihskinho tsunhonhelvhi kehse unatolehohihstohti hi'a iyuwehsvhi kese'i; khilo tsiyathutsalhanvha nahski kehsehsti, ahstaya tetsiniyvhha."
cherokee_new_testament/split_audio/matthew_26_49.wav,"ulhihstiyunho tsihsa katokv uluhtsvki, hia nuwehsvki; thohiyi tenatakowathv, skinalha'i; ale uthutsalhanvki."
cherokee_new_testament/split_audio/matthew_26_50.wav,"tsihsanho hia nuwehselvki; kinali'i, katonho vhi'luhki. nhahkwonho uniluhtsvki ale tekvwahsihthatvki tsisa, kvwaniyvhvki."
cherokee_new_testament/split_audio/matthew_26_51.wav,"ale kvnhiyukwo ahsiyvwi tsisa anehi uhsaltanvki khanokeni ulvhvki hayelhsti-kanvhitv, ale uluyhv ukvwiyuhi atsilv-kelhohi unvhsitahsti, ale ulihstehsthanvki."
cherokee_new_testament/split_audio/matthew_26_52.wav,"nhahkwono tsihsa hi'a nuwehselvki; kalatihstiyi tsihilata tsatselih ayelhstikanvhitv, nikatvyhenho ayelhsti-kanvhitv aniyihski hayelhsti-kanvhitv tsuniyohuhihstohti kehsehsti."
cherokee_new_testament/split_audio/matthew_26_53.wav,"tlahsko yhatanhtheha yeli katsiyatatolihstanehti kesv etota, khilakwono iyvtv vlha thalatukwo iyunatalhki tinikhanhahwatitohi yitokvkikhahsi?"
cherokee_new_testament/split_audio/matthew_26_54.wav,"ahsenho kato yikalhstohta yatohiyuhvka nuhstv kowhelv'i, ahse nahski iyulhstohti tsiki?"
cherokee_new_testament/split_audio/matthew_26_55.wav,"nahiyunho tsihsa hi'a nituwehselvki unitsathi; tsiko kanohskihski tsitsiyhoho nahskiya itsiluhki hskiniyvhika, hayelhstitikanvhitv ale ata titsinehi? nituktsvnhihsv itsulaha itinvki tekateyohvhskvki uthvna-tiklawihstiy, vhtlanho yihskiniyihske'i."
cherokee_new_testament/split_audio/matthew_26_56.wav,ahsenho nikatv nahski hi'a nulhsthanvki utohiyuhtiyi antolehohski unowhelanvhi. nhahkwono nikatv kvhwstawatitohi kvwahtetsvki ale unalihsvki.
cherokee_new_testament/split_audio/matthew_26_57.wav,"tsihsanho uniniyvtv khayakwo'i wunahthinhvhsthanvki nahski nukvwiyuhsv atsilvkelhohi, nanhhtnwlsk ahle tnilawk tanilawii. da-ni-la-wi-v-i."
cherokee_new_testament/split_audio/matthew_26_58.wav,"kwitanho uhstawatvhse ke iyvtv tsa'ihse nukvwiyuhsv atsilv-kelhohi tikanelv kvtihski, uyvlhe'i, ale ketsinvhsitahsti itsulaha ani'ne'i, ukowattiyi hylse wahlskwthhi."
cherokee_new_testament/split_audio/matthew_26_59.wav,"nunikvwiyuhsvnho atsilv-anelhohi ale tsunathvhsonhvhi ale nikatv tinilawiki uniyole kayhkoki uninohelhvhi tsihsa utlutihski, nahski unihihstiyi unatulihske'i;"
cherokee_new_testament/split_audio/matthew_26_60.wav,"ahsenho unatlohtsekwo; unitsathehskininonv kayhkoki aninohehski uninanukotse'i, ahsenho unatlohtsekwo. onhiyihskininonv anithali kayhkoki aninhohehski uniluhtse'i, hi'a nuniwehse'i;"
cherokee_new_testament/split_audio/matthew_26_61.wav,"hi'a nituwehsvki; yelikwo yitsiyohsta unelhanvhi utseli uthvna-tikalawi'ihstiyi, tso'ikwonho tsutotakwatv [tha'line] yvkanehskvli."
cherokee_new_testament/split_audio/matthew_26_62.wav,"nukvwiyuhsvnho atsilv-kelhohi tulenhe'i, hia nuwehsele'i; tlahsko yhinheka? kato hi'a anikhthahv tsaninhoheha tsiketsatlutiha?"
cherokee_new_testament/split_audio/matthew_26_63.wav,"ahsenho tsisa elhaweyikwo kehshe'i. nukvwiyuhsvnho atsilv-kelhohi iunhetsv hi'a nuwehsele'i; kvhlayohsi unelhanvhi kvnhitv hineihstohtiyi, hskinohvhsi, tsiko nihi kalonetv unelhanvhi uwetsi?"
cherokee_new_testament/split_audio/matthew_26_64.wav,"tsihsano hia nuwehsele'i; yeli nhiwi. ahsenho hi'a nitsvwehseha; ilvhiyu tayetsiko'i yvwi uwetsi akhthihsi ititlv ulhinikvkv uwolhehsti, ale tsa'ihsehsti ulokilv kalvlo'i."
cherokee_new_testament/split_audio/matthew_26_65.wav,"nhahkwono nukvwiyuhsv atsilv-kelhohi tunhuwa'v tuwetsakalvhe'i; ahsotlv'ihsta, utvnhe'i; katonho ahsi anikhthahi yaninhoheha? khvnhiyukwo nhahkwo itsathvkvka ahsotlv'ihstihskv'i."
cherokee_new_testament/split_audio/matthew_26_66.wav,kato itseliha? uninhetsvnho hi'a nuniwehse'i; yelikwo kvwayohuhihsti.
cherokee_new_testament/split_audio/matthew_26_67.wav,"nhahkwonho ukhathv tunalitsihskwe'i, ale ahskwinhv tekvwanhstihske'i ale anihso'i tsunoyeni tekvwanhstihske'i,"
cherokee_new_testament/split_audio/matthew_26_68.wav,"hi'a naniwehske'i; skiyatoleohihsi, kalonetv, kako tsitsvnhka?"
cherokee_new_testament/split_audio/matthew_26_69.wav,"kwita'nho uwolhe utlatnvtv'i, uluhtselenho athv hia nuwese'i; nihi nahskwo stetohvki tsihsa kelili' ehi."
cherokee_new_testament/split_audio/matthew_26_70.wav,"ahsenho nikatv anikhthahv utayhile'i, hia nuwehse'i; vlha yitsikathaha niwehskv'i."
cherokee_new_testament/split_audio/matthew_26_71.wav,"toyitlvnho wulohsv nvwatale ukohe'i, ale hi'a nituwehsele nnhhanthi; naskwo hih tsisa nasehlti ehi tanethvkihi da-ne-do-hv-gi."
cherokee_new_testament/split_audio/matthew_26_72.wav,"thalinenho utayhile'i, unelhanvhi unhe'ihsthane'i; lha yitsikathaha na ahskaya, utvnhe'i."
cherokee_new_testament/split_audio/matthew_26_73.wav,"khohyinho iyvtv kvwaluhtshele na'v anitona'i, hi'a nikvwawehsele kwita; utohiyuhi nahskwo nihi itsetolvhi, hiwonihskvyhenho kvnikehsv nitsvneha."
cherokee_new_testament/split_audio/matthew_26_74.wav,"nhahkwonho ulenvhe uhskinvte'i, ale unelhanvhi unhe'ihsthane'i; lha yitsikathaha na ahskaya, utvnhe'i; khilakwonho iyvtv tsathaka uyvlhse'i."
cherokee_new_testament/split_audio/matthew_26_75.wav,"kwitanho unhtate tsihsa unhetsvhi, hi'a tsinuwehsele'i; ahsi tsathaka nanyvhkvna kehsehsti tso'i nvtahskwatayili. unukotsvnho ehihsti witutloyhile'i."
cherokee_new_testament/split_audio/matthew_27_01.wav,hsunalenho nulhsthanv v nikatv nunikvwiyuhsv atsil-anelhohi ale tinilawiki anehv awi uninhohelhe iyunhahtvnetihyi tsisa unihistiyi.
cherokee_new_testament/split_audio/matthew_27_02.wav,"nhahkwonho unalhvlv unelihsanawitvhe'i, kwanitv kwaleti ukvwiyuhi wituniyohihsele'i."
cherokee_new_testament/split_audio/matthew_27_03.wav,"nhahkwonho tsutahsi nahski ulonuhelhvhi utolehohsv takukotanelv'i unetliyvhse utanhthv'i v ale nunikvwiyuhsv atsilv-anelhohi ale tsunathvhsonhvhi to'uyhohele tso'ahskohi ayelhi-atelv tsunakvwalhohti,"
cherokee_new_testament/split_audio/matthew_27_04.wav,hi'a nuwehse'i; tsihskanvki nuhskanvtsvna kikv tsikatluta. hi'anho nuniwehse'i; kato nahski ayv okhthohti? tsvhsv nahski titsalvwhihstahsi.
cherokee_new_testament/split_audio/matthew_27_05.wav,"ale tutinv atelv nanhhtklwisty, ahle unktsi, ale' iytv wulosv, uwahsv u-wa-sv wu-da-dv-ne-i."
cherokee_new_testament/split_audio/matthew_27_06.wav,"nunikvwiyuhsvnho atsilv-anelhohi tunikihsv atelv hi'a nuniwehshe'ivi vlha tuyukhtv yikaki atelv-tihtiyi yititihvhska, kikvyhenho tsukvwalhanvhi."
cherokee_new_testament/split_audio/matthew_27_07.wav,"uninhohelhvnho, uniwhahihsthane' vthi tikolhvhski ulokehsv'i nnhhanthi tketsnistihyi. di-ge-tsi-ni-so-di-yi."
cherokee_new_testament/split_audio/matthew_27_08.wav,nahski iyuhsti nahski tlokehsi kikv ulokehsv anohseha khohi tsiki.
cherokee_new_testament/split_audio/matthew_27_09.wav,"nhahkwonho utohiyunhe tsunhetse tselimaya atolehohski, hia tsinuwehse'i; ale tunikisvki' tsohskohi ayelhi-atel nsk na tskwthnvh, nahski tsatsikvwalothanvhi, ihsili tsuwetsi tsunikvwalhthanvhi,"
cherokee_new_testament/split_audio/matthew_27_10.wav,"ale uniwhahihsthanvki vthi tikolhvhski ulokehsv'i, nahskiya yihowa akweyhonhv'i."
cherokee_new_testament/split_audio/matthew_27_11.wav,"tsihsanho katoke ikvyititlv ukvwiyuhi uwolhv'i. ukvwiyuhnho uthvtvne'i, hi'a nuwehse'i; nihihsko tsakvwiyuhi anitsuhs unatselika v tsihsanho hi'a nuwehsele'i; yelinhiwi."
cherokee_new_testament/split_audio/matthew_27_12.wav,nunikvwiyuhsvnho atsilv-anelhohi ale tinilawiki kvwahyilitolv vlha yunhetse'i.
cherokee_new_testament/split_audio/matthew_27_13.wav,nhahkwonho kwaleti hi'a nuwehsele'i; tlahsko yhahthvkiha nika'v khvnikehsv nanvnehv anikhthahi ketsatlutihski?
cherokee_new_testament/split_audio/matthew_27_14.wav,"ahsenho vlha hsakwunv yinunhetse'i, nahski iyuhsti ukvwiyuhi utsathi uhskwanikohse'i."
cherokee_new_testament/split_audio/matthew_27_15.wav,"tilhstayvhtiyinho kehsv iyu'i ukvwiyuhi tsuyohisehti kehso hsakwo ayhvkhi, hi'akwo anela yvwi."
cherokee_new_testament/split_audio/matthew_27_16.wav,nahiyuno tikanotsalhi ayhvkhi unikhahe kwalakwa tshuto'itv.
cherokee_new_testament/split_audio/matthew_27_17.wav,nahski iyuhsti nhahkwo tunilawitsv kwale'ti hi'a nituwehsele'i v kako itsatuli titsvyohihsehtiy? kwalakwahsko a tsisakhe kalonetv tsanohseho'i?
cherokee_new_testament/split_audio/matthew_27_18.wav,akhthaheyeno anvyhukvkwo nvtikalhstohtihskv tuniyohsvhi.
cherokee_new_testament/split_audio/matthew_27_19.wav,"uwolhvnho tikukhthohtiyi kahskilv'i utali'i tsutanvhse'i, hia nvtsuwehsele'i; lhehsti nihi kohuhsti na nahskanhvna ahskaya ukvwalhi yititsalvwhihstanelehstiav hutsathiyheno tsikiliyoki khohi ika kahskitskv'i nahski nvtikalhstohtihskv'i."
cherokee_new_testament/split_audio/matthew_27_20.wav,"ahsenho nunkvwiyuhsv atsilv-anelhohhi' ale tinilawiki tunihstiyethane unitsathi kehsv kwalakwa unithayohsehtiyi, tsihsanho unihihstiyi."
cherokee_new_testament/split_audio/matthew_27_21.wav,"ukvwiyuhnho unhetsv hi'a nituwehsele'i; kako hi'a anithali kehsv itsatuli titsvyohihsehtiyivi kwalakwa, unatvnhe'i."
cherokee_new_testament/split_audio/matthew_27_22.wav,"kwalehtinohi'a nituwehsele'i; katonho tatsiyvneli tsihsa, kalonetv tsanohseho'i? waka'tv'vka, kvwohsele nikatv."
cherokee_new_testament/split_audio/matthew_27_23.wav,"ukvwiyuhinho hi'a nuwese'i; katonho, kato utvnelv uhskanvtsv? ahseno utlikwo nika'e unelhunhe'i, waka'tv'vka, anatihskv'i."
cherokee_new_testament/split_audio/matthew_27_24.wav,"kwaleti utolehohsv tikvwahsehkokihsti nikehsvna kehsv'i, ale unatahsuyetv unalhthalvnhvki, ama wonekihse'i, ale tuhsulehe unitsathi anikhthahv'i, hia nuwehse'i; ayv vlha akhskanvtsvhi yiki hi'a nuhskanvtsvna yvwi ukikv. hni'hi itsakhsahysta."
cherokee_new_testament/split_audio/matthew_27_25.wav,"nikatvnho yvwi uninhetse'i, hi'a nuniwehse'i i ukikv ayv ale tsoketsi okinvkalhehsti."
cherokee_new_testament/split_audio/matthew_27_26.wav,nhahkwonho kwalakwa teuyohihsele'i; uli'vnhonhvnho tsihsa tuyohse akatvtiyi.
cherokee_new_testament/split_audio/matthew_27_27.wav,"nhahkwonho aniyahwski ukvwiyuhi tsutselika ukvwiyuh kanelv uniyvhthane tsihsa, ale nanha htekvwathuwhihsthane nikatv sunatalhki aniyahwski."
cherokee_new_testament/split_audio/matthew_27_28.wav,"tuninhuwehsvnho, kikake kahsalena uninhuwo'e'i."
cherokee_new_testament/split_audio/matthew_27_29.wav,"ale unihsteyonhv alhstulo tsutsayohsti kolhvhthanvhi, unihstulane'i, ale kanhsta akhthihsi ititlv unahsvkalatihsthane'i v ale tanalhinikwanvnehe ale anatehohtihske'i v hi'a naniwehske'i; itsvyolika, tsakvwiyhi anitsuhsi unatselika."
cherokee_new_testament/split_audio/matthew_27_30.wav,tunalitsikwenho ale uniyv'ele kanhstakuale unihskwalvnihsthane'i.
cherokee_new_testament/split_audio/matthew_27_31.wav,"unatehohthanonvno uninhuwehse kahsalena, ale uwahsv tsunhuwe tuninhuwo'e'i; ale unatvtiyi wunhthinvhsthane'i."
cherokee_new_testament/split_audio/matthew_27_32.wav,uninukotsvnho uniwhahthvhe ahskaya hsalini ehi sawani tsutoitv v nahski kvhska'ihstaki nunvnele uwenvhstiyi tsutanhahwatv.
cherokee_new_testament/split_audio/matthew_27_33.wav,"wuniluhtsvno kolikata tuto'vi, nahski uhskwalukohi tsikathka,"
cherokee_new_testament/split_audio/matthew_27_34.wav,"tsunitsoyhsti utithahsti ataka ahsuyi uninenhele'i, unelhthanvnho vlha yutulvhe utithahstiyi."
cherokee_new_testament/split_audio/matthew_27_35.wav,"unatvnenho ale tuniyatholhe tsunhuwo anahsahstihske'iav nahskino utohiyunhe atolehohski tsunetse'i, hi'a tsinuwese'ihv tikwanhuwo tuniyatholhki, ale akwanhuwo' unahsahsthanvki."
cherokee_new_testament/split_audio/matthew_27_36.wav,unanvnenho ale uniyawihse'i
cherokee_new_testament/split_audio/matthew_27_37.wav,"uniyalvnenho kalvltitlv ulhstathv'i iyuhsti kehsv ulhiyilitehv'i, hi'a nikvnhe kowhele'i; hi'ayo tsihsa ukvwiyuhi anitsuhsi unatselika."
cherokee_new_testament/split_audio/matthew_27_38.wav,"nahskwono itsulaha tekekatvne anithali ahninohskihski, sakwo akhthihsi ititlv, sonho akhskani ititlv."
cherokee_new_testament/split_audio/matthew_27_39.wav,"na'vnho anilohski kakvwahsotlvhte'i v ale tanalhstvnhehe'i,"
cherokee_new_testament/split_audio/matthew_27_40.wav,"hi'a naniwehske'i; uthvna-tikalawiihstiyi' hiyohstihski, tso'ikwonho ika hihyelitohi hanhehskehski, halhstelv tsvhsv; iyunho nihi unelhanvhi uwetsi kehsehsti, tatanhahwahstv ehatlohi."
cherokee_new_testament/split_audio/matthew_27_41.wav,nahskwonho nunikvwiyuhsv atsilvanelhohi' ale tinowhelihski ale tinilawiki aniyhelihskv'i hi'a naniwehske'i;
cherokee_new_testament/split_audio/matthew_27_42.wav,"anihso'i tahstelihskvki, uwahsvhskini vlha yvkvlhstelv. iyunho ukvwiyuhi ihsil unatseli kehsehsti, nhahkwo tatanhahwahstv ehatlo'ahi i khilanho tayeto'iyunhi."
cherokee_new_testament/split_audio/matthew_27_43.wav,"unelhanvhi ulhskahstohtvki i nhahkwo wuhstelv iyunho ulvkwtehsti; hiayhenho tsinikawehskvki, unelhanvhi etota."
cherokee_new_testament/split_audio/matthew_27_44.wav,aninohskihskinho nahski itsulaha tikekatvnvhi nahskwo kakvwahsotlvte'i.
cherokee_new_testament/split_audio/matthew_27_45.wav,nhahkwonho ika utalenvtv tso'ine iyulhilotv khalawatihsv iyahsthi uhsvhiyeyi ititlv uhlsihvhsvki nikhv nahski katohi.
cherokee_new_testament/split_audio/matthew_27_46.wav,"tso'inenho iyulhilot iyv khathawatihsv uhsvhiyeyi ititlv tsihsa unhetse ahstaya, hia nuwehse'i; ila, ila, lama hsakwatanihs nahski hi'a nuhsti katkv'i, unelhanvhi akwatselika v unelnvhi akwatselika, katonho ihskwvhtetsvkwo?"
cherokee_new_testament/split_audio/matthew_27_47.wav,"ikatvnho nnhhantni naski' unahtkan, ilaya' ayanha hiaha hntvni. u-na-dv-ne-i."
cherokee_new_testament/split_audio/matthew_27_48.wav,"kilakwonho iyvtv ahsiyvwi tuhskwalhthane'ivv ale wunehse tuwoli, ale tsunitsoyahsti ukhali'ihsthane'i i kanstohinho uwekwatthanv wunvnhele nahski utithahsti."
cherokee_new_testament/split_audio/matthew_27_49.wav,"ikatvnho hi'a nuniwese'i; unelaki, itatolehohi, tsikon ilaya takaluhtsi tayuhstelvhil."
cherokee_new_testament/split_audio/matthew_27_50.wav,tsihsanho tha'line ahstaya unhetsv te'uyohse utanhto.
cherokee_new_testament/split_audio/matthew_27_51.wav,"khvniykwonho anhuwo ayehtoltv uthvna-tikalawi'ihstiyi tulhstluyhe'iav kalvlati tsulenvhe elati wuhskwatihsthane'i v ale katohi ulhihthelvnhe'i, ale nvya tunalhstluyhe'i."
cherokee_new_testament/split_audio/matthew_27_52.wav,"tatselihstvnho tulihstu'ihse'i i ale unitsathi unatanhthi unilhinvtsvhi unatitanese'i,"
cherokee_new_testament/split_audio/matthew_27_53.wav,ale tatselihstv tuninukotse tsulenhvhi nikehse'i v ale kalvkwtiyu katuhv uniyvlhe'i v ale unitsathe khvnikehsv nitunatvnhele'i.
cherokee_new_testament/split_audio/matthew_27_54.wav,"nhahkwonho ahskohitskwi titathinhitohi ale nahski na itsulaha tsihsa kvwayahwski, unatolehohsv katoh alhthelvhvhskv'i, ale nahski nulhsthanitolv'i, utsathe unihskale'i, hia nuniwehse'i; utohiyuhiya unelhanvhi uwetsi kehse hi'a."
cherokee_new_testament/split_audio/matthew_27_55.wav,"nanhhanho anitona'e unitsathe anikeyhv ke iyvtv totinikhanhe'i, nahski tsihsa kelili nvtkvwahstawatvtv kvwahstelhitolvhi,"
cherokee_new_testament/split_audio/matthew_27_56.wav,"nanhhuntsy mehli mkteli ehi'ehi ahle meli tsimi le tso'si nihtsi, ale tsekwiti tsuwetsi unitsi. u-ni-tsi."
cherokee_new_testament/split_audio/matthew_27_57.wav,"uhsvnho nulhsthanv uluhtse' uwenhahi ahskaya alimatiyi ehi tsowa tsuto'itv, nahskwo nahski tsihsa uhstawatitohi kehshe'i;"
cherokee_new_testament/split_audio/matthew_27_58.wav,"kwaletiyi uwenvhsei, tsihsa ayelv'i wuthayolhe'i. nhahkwonho kwaleti unetse ayelv'i tsuniyohihsehtiyi."
cherokee_new_testament/split_audio/matthew_27_59.wav,tsowanho ayelv unehshv uwetsanulothane kataha nikehsvna anhuwo unekv;
cherokee_new_testament/split_audio/matthew_27_60.wav,"ale unvne uwahsv utseli itse titanihsohtiyi, nahski uyohi uthalehsv'i; ekwanho nvya kalohihstiyi atselihstv wuwehsakwalelhv utanvhse'i."
cherokee_new_testament/split_audio/matthew_27_61.wav,nanhahnho ikvyititlv titanihsohtiyi tunolhe meli makiteli ehi ale so'i meli.
cherokee_new_testament/split_audio/matthew_27_62.wav,"ale ukitsvtv, atvnv'ihstohtiyi ika ulohsonhvhi, nunikvwiyuhsv atsilv-anelhohi ale anikwalihsi tekvwalawitse kwaleti,"
cherokee_new_testament/split_audio/matthew_27_63.wav,"hi'a nuniwehse'i; tsakvwiyuhi, okanvhtha nahski na atalonuhehski, ahsikwo tsikvnhvki, hi'a tsinuwehsvki i tso'inekwo ika totvkaleni."
cherokee_new_testament/split_audio/matthew_27_64.wav,"nahsk iyuhsti hinheki ahstaya iyunvnhtiyi atselihstv'i tso'ine ika ikohitv, kvwhstawatitohihyenho' svnoyi yani'luhki yikvwanohski v hianho yinitaniwehsi yvwi; tsuyohuhsv' to'ulenhv; onhiyinho unatlonuhelhv'i utli uyo'iyu yiki ehskakwo ikvyiyi."
cherokee_new_testament/split_audio/matthew_27_65.wav,kwalehti hi'a ntuwehsele'i; aniyahwski tetsikhahasi itsena nahstayv iketsvnhti kehe winitsvka.
cherokee_new_testament/split_audio/matthew_27_66.wav,"howanho unenvhse ahstayiyu winunvnele atselihstvi, uniyelvhthane nvyohi, ale tunikhanhe anikhthitihski."
