path,sentence
training_data/processed/conrad_wavs/wwacc_0004-WWConvoCherokee-02-000015875.wav,Gá:gō nà:sgi?
training_data/processed/conrad_wavs/wwacc_0005-WWConvoCherokee-02-000021415.wav,Ja:li Táɂlidí:hihi
training_data/processed/conrad_wavs/wwacc_0006-WWConvoCherokee-02-000027895.wav,Ja:ni u:du:ji.
training_data/processed/conrad_wavs/wwacc_0007-WWConvoCherokee-02-000034235.wav,Ǔ:ha ǔ:tana adladí:tlaɂi.
training_data/processed/conrad_wavs/wwacc_0008-WWConvoCherokee-02-000042115.wav,diga:dú:hv̋ dayé:si ge:líɂa.
training_data/processed/conrad_wavs/wwacc_0009-WWConvoCherokee-02-000049935.wav,Ha:dlv Ja:ni na:gwu?
training_data/processed/conrad_wavs/wwacc_0010-WWConvoCherokee-02-000055825.wav,Daligwa ge:líɂa
training_data/processed/conrad_wavs/wwacc_0011-WWConvoCherokee-02-000059735.wav,we:dó:ha. Ja:li nahna sgwu dayé:si.
training_data/processed/conrad_wavs/wwacc_0012-WWConvoCherokee-02-000069795.wav,Ja:ni Táɂldí:hihi ő:sda asgaya.
training_data/processed/conrad_wavs/wwacc_0013-WWConvoCherokee-02-000077915.wav,u:do:hiyű.
training_data/processed/conrad_wavs/wwacc_0014-WWConvoCherokee-02-000081245.wav,Ja:li ő:sda na:sgwu.
training_data/processed/conrad_wavs/wwacc_0015-WWConvoCherokee-02-000086915.wav,Ja:nisgo ǔ:ha adladí:tlaɂi na:sgwu?
training_data/processed/conrad_wavs/wwacc_0016-WWConvoCherokee-02-000092845.wav,v:v. ǔ:ha.
training_data/processed/conrad_wavs/wwacc_0017-WWConvoCherokee-02-000097895.wav,Ja:lisgo uwǎ:sa
training_data/processed/conrad_wavs/wwacc_0018-WWConvoCherokee-02-000101525.wav,eha Ja:ni u:du:ji?
training_data/processed/conrad_wavs/wwacc_0019-WWConvoCherokee-02-000106935.wav,u:do:hiyű. uwǎ:sagwu.
training_data/processed/conrad_wavs/wwacc_0021-WWConvoCherokee-03-000005145.wav,Kò:hi̋ i:ga Joɂi:ne̋ i:ga.
training_data/processed/conrad_wavs/wwacc_0022-WWConvoCherokee-03-000010495.wav,aga:sga ale u:nǐ:jati yv:wi diga:dú:hv̋ dvne:si
training_data/processed/conrad_wavs/wwacc_0023-WWConvoCherokee-03-000019645.wav,dodidánaɂnv ale Ja:ni Táɂldí:hihi na:sgwu daye:si adláditlaɂíɂi.
training_data/processed/conrad_wavs/wwacc_0024-WWConvoCherokee-03-000037675.wav,ge:sa ge:salíni udu:li ale goɂi
training_data/processed/conrad_wavs/wwacc_0025-WWConvoCherokee-03-000044655.wav,ale yígi ije ahtlv́di.
training_data/processed/conrad_wavs/wwacc_0026-WWConvoCherokee-03-000055355.wav,ju:dósgwu dvné:si. nvdigáhlsdohdi dunadu:li di:je dihnuwo
training_data/processed/conrad_wavs/wwacc_0027-WWConvoCherokee-03-000064885.wav,ale juwo:dű
training_data/processed/conrad_wavs/wwacc_0028-WWConvoCherokee-03-000069925.wav,digatvdi
training_data/processed/conrad_wavs/wwacc_0029-WWConvoCherokee-03-000076665.wav,nani:ɂv unilv́kwdi unedasdi diga:dú:hv̋.
training_data/processed/conrad_wavs/wwacc_0030-WWConvoCherokee-03-000084135.wav,u:do:hiyű.
training_data/processed/conrad_wavs/wwacc_0031-WWConvoCherokee-03-000087575.wav,na:sgwu
training_data/processed/conrad_wavs/wwacc_0033-WWConvoCherokee-03-000100405.wav,uwe:nvsdi diga:dú:hv̋. ge:líɂa.
training_data/processed/conrad_wavs/wwacc_0034-WWConvoCherokee-03-000107755.wav,Ja:ni ju:do ge:líɂa dunadu:li di:je dihnuwo
training_data/processed/conrad_wavs/wwacc_0035-WWConvoCherokee-03-000116575.wav,ale yíg go:hű:sdi.
training_data/processed/conrad_wavs/wwacc_0036-WWConvoCherokee-03-000122245.wav,ale u:do:hiyű juwodu digatvdi
training_data/processed/conrad_wavs/wwacc_0037-WWConvoCherokee-03-000127615.wav,du:níha
training_data/processed/conrad_wavs/wwacc_0038-WWConvoCherokee-03-000129845.wav,didánaɂnv́:ɂi.
training_data/processed/conrad_wavs/wwacc_0039-WWConvoCherokee-03-000134135.wav,"nahna a:se dvnè:si Kò:hi̋ i:ga,"
training_data/processed/conrad_wavs/wwacc_0040-WWConvoCherokee-03-000142835.wav,wanédohnv ge:salíni junidlisdíɂi.
training_data/processed/conrad_wavs/wwacc_0042-WWConvoCherokee-04-000007535.wav,O:síyo.
training_data/processed/conrad_wavs/wwacc_0043-WWConvoCherokee-04-000010015.wav,ayv Ja:ni Táɂlidí:hihi.
training_data/processed/conrad_wavs/wwacc_0044-WWConvoCherokee-04-000013835.wav,O:síyo. Wi:li uwódige:i digwadóɂida. Tò:hi̋ju?
training_data/processed/conrad_wavs/wwacc_0045-WWConvoCherokee-04-000021615.wav,O:sǐ:gwu.
training_data/processed/conrad_wavs/wwacc_0046-WWConvoCherokee-04-000023785.wav,U:do:hiyű Uwo:dű:hi i:ga i:gi.
training_data/processed/conrad_wavs/wwacc_0047-WWConvoCherokee-04-000029645.wav,"v:v, ő:sda i:ga."
training_data/processed/conrad_wavs/wwacc_0048-WWConvoCherokee-04-000034955.wav,vginohise:lv:gi nihi jalagi hiwò:nǐ:sgv́ɂi.
training_data/processed/conrad_wavs/wwacc_0049-WWConvoCherokee-04-000043595.wav,vtla. utlíɂigái yijiwóniha.
training_data/processed/conrad_wavs/wwacc_0050-WWConvoCherokee-04-000049045.wav,Jiyó:wanega hye:no. Jiyó:wanega hye:no. A:sehno gayó:hli ijiwóniha.
training_data/processed/conrad_wavs/wwacc_0051-WWConvoCherokee-04-000060405.wav,u:do:hiyű o:si:gwu hiwóniha.
training_data/processed/conrad_wavs/wwacc_0053-WWConvoCherokee-04-000070075.wav,dayv́hvsgisgo nasgwu Jalagi gawóniha?
training_data/processed/conrad_wavs/wwacc_0054-WWConvoCherokee-04-000078045.wav,nvhgiha ikane:jv kané:goɂi
training_data/processed/conrad_wavs/wwacc_0055-WWConvoCherokee-04-000084095.wav,"“o:siyo,"
training_data/processed/conrad_wavs/wwacc_0056-WWConvoCherokee-04-000086335.wav,"howa,"
training_data/processed/conrad_wavs/wwacc_0057-WWConvoCherokee-04-000089065.wav,"he:sdi, ale “v́:tla”. Yó:wanega."
training_data/processed/conrad_wavs/wwacc_0059-WWConvoCherokee-04-000102725.wav,"osdi. osdiwóniha, a:sehno íɂagilv́kwdi"
training_data/processed/conrad_wavs/wwacc_0060-WWConvoCherokee-04-000112315.wav,Jalagi agiwonihisdíɂi.
training_data/processed/conrad_wavs/wwacc_0062-WWConvoCherokee-05-000007325.wav,Ja:ni jaha:sgo adladítlaɂi?
training_data/processed/conrad_wavs/wwacc_0063-WWConvoCherokee-05-000012465.wav,v:v
training_data/processed/conrad_wavs/wwacc_0064-WWConvoCherokee-05-000014515.wav,"uwéti agiha,"
training_data/processed/conrad_wavs/wwacc_0065-WWConvoCherokee-05-000021595.wav,gesalinísgo jadlí:sdi?
training_data/processed/conrad_wavs/wwacc_0066-WWConvoCherokee-05-000026225.wav,v:ɂv aginegísv svhi.
training_data/processed/conrad_wavs/wwacc_0067-WWConvoCherokee-05-000034445.wav,diga:dú:hv̋ ine:na.
training_data/processed/conrad_wavs/wwacc_0068-WWConvoCherokee-05-000041325.wav,hisgi dagi:kaha diniyóhli junala
training_data/processed/conrad_wavs/wwacc_0069-WWConvoCherokee-05-000049655.wav,junalasulo
training_data/processed/conrad_wavs/wwacc_0070-WWConvoCherokee-05-000052675.wav,yidunínaɂa ale uhsdíɂi
training_data/processed/conrad_wavs/wwacc_0071-WWConvoCherokee-05-000058395.wav,"tlasgwu yu:ne unv:di,"
training_data/processed/conrad_wavs/wwacc_0072-WWConvoCherokee-05-000065945.wav,Howa. Ine:na.
training_data/processed/conrad_wavs/wwacc_0073-WWConvoCherokee-05-000069825.wav,tla jő:sda yida
training_data/processed/conrad_wavs/wwacc_0074-WWConvoCherokee-05-000074405.wav,tla jő:sda yidagínaɂa digwahnuwo
training_data/processed/conrad_wavs/wwacc_0075-WWConvoCherokee-05-000080235.wav,"agwadu:li digine:sdiɂi,"
training_data/processed/conrad_wavs/wwacc_0076-WWConvoCherokee-05-000086385.wav,agwadu:lísgwu ije
training_data/processed/conrad_wavs/wwacc_0077-WWConvoCherokee-05-000092615.wav,galo:gwe agihdíɂi.
training_data/processed/conrad_wavs/wwacc_0078-WWConvoCherokee-05-000098105.wav,hiɂano
training_data/processed/conrad_wavs/wwacc_0079-WWConvoCherokee-05-000101045.wav,jagwv:ya tla o:sda yigi.
training_data/processed/conrad_wavs/wwacc_0080-WWConvoCherokee-05-000107825.wav,kola igáɂi adé:la dejaha?
training_data/processed/conrad_wavs/wwacc_0081-WWConvoCherokee-05-000115735.wav,sgigatdu yade:lv́ɂi.
training_data/processed/conrad_wavs/wwacc_0104-WWConvoCherokee-07-000006705.wav,"lì:si deɂu:dó:ɂa agisdà:yv̌:hv:sgi,"
training_data/processed/conrad_wavs/wwacc_0105-WWConvoCherokee-07-000012835.wav,Galigwǒ:gi di:ni:yő:hli dò:gini:káha. Jalagi ogili
training_data/processed/conrad_wavs/wwacc_0107-WWConvoCherokee-07-000029265.wav,"ale À:gwadu:lí di:ni:yő:hl jalagi ù:ni go:lǐ:yê:di̋:ɂi, a:sé:hno hla"
training_data/processed/conrad_wavs/wwacc_0108-WWConvoCherokee-07-000037755.wav,yù:nadu:líha ù:nigo:lǐ:yê:di̋:ɂi. De:sdi.
training_data/processed/conrad_wavs/wwacc_0112-WWConvoCherokee-07-000064555.wav,"sv̀:gi Ǐ:náge̋ e,"
training_data/processed/conrad_wavs/wwacc_0113-WWConvoCherokee-07-000067815.wav,"tö:ka, dö:ka, ja:niɂ"
training_data/processed/conrad_wavs/wwacc_0116-WWConvoCherokee-07-000082225.wav,"Sa:mi, halisdv:hlù:ga; jv̌:sagwu halsdě:la."
training_data/processed/conrad_wavs/wwacc_0117-WWConvoCherokee-07-000091085.wav,"Dè:jiyó:si:sgé:sdi, i:jalsdà:yv:hv̀:gagwu."
training_data/processed/conrad_wavs/wwacc_0119-WWConvoCherokee-08-000006895.wav,Gadō ű:sdi?
training_data/processed/conrad_wavs/wwacc_0120-WWConvoCherokee-08-000009995.wav,Jitǎ:ga. wahyóɂi
training_data/processed/conrad_wavs/wwacc_0122-WWConvoCherokee-08-000020405.wav,chuně:la Jitǎ:ga dò:ji dò:jihlv̋:gi.
training_data/processed/conrad_wavs/wwacc_0123-WWConvoCherokee-08-000027005.wav,ù:nadu:lǐ:sgv̌:hno Ǐ:gá:da
training_data/processed/conrad_wavs/wwacc_0124-WWConvoCherokee-08-000030995.wav,Jitǎ:ga dige:gi:nv̀:néhdi̋:ɂi.
training_data/processed/conrad_wavs/wwacc_0125-WWConvoCherokee-08-000036625.wav,Á:ma eskv́hsi.
training_data/processed/conrad_wavs/wwacc_0126-WWConvoCherokee-08-000040565.wav,Ji:sdu wahya agino:hisě:lv́:gi Ǐ:náge̋ E̋:hi.
training_data/processed/conrad_wavs/wwacc_0127-WWConvoCherokee-08-000047295.wav,Sv̀:gi Ě:ha U:sdi̋ Ama Aye̋:hli u:tanő:ɂi
training_data/processed/conrad_wavs/wwacc_0128-WWConvoCherokee-08-000059395.wav,amage̋:ɂi eskiné:hv̌:si
training_data/processed/conrad_wavs/wwacc_0129-WWConvoCherokee-08-000064775.wav,wado.
training_data/processed/conrad_wavs/wwacc_0131-WWConvoCherokee-08-000071475.wav,Kǎ:hwi?
training_data/processed/conrad_wavs/wwacc_0132-WWConvoCherokee-08-000074235.wav,hla. Ǔ:gáma À:gwadu:líha
training_data/processed/conrad_wavs/wwacc_0133-WWConvoCherokee-08-000079745.wav,Gadòhno hla yisgine:né:ha amage̋ɂi gaji:ne:néhdi̋:ɂi
training_data/processed/conrad_wavs/wwacc_0134-WWConvoCherokee-08-000087815.wav,a:niwahya Suná:le̋?
training_data/processed/conrad_wavs/wwacc_0135-WWConvoCherokee-08-000091405.wav,ji:sdu u:do:hiyű jalv́kwdane:ha amage̋:ɂi.
training_data/processed/conrad_wavs/wwacc_0137-WWConvoCherokee-08-000108185.wav,hwě:dô:lv̌:hv?
training_data/processed/conrad_wavs/wwacc_0138-WWConvoCherokee-08-000111375.wav,Hwě:dô:lv̌:ɂi
training_data/processed/conrad_wavs/wwacc_0140-WWConvoCherokee-09-000005865.wav,jimi
training_data/processed/conrad_wavs/wwacc_0141-WWConvoCherokee-09-000007755.wav,"Sv̌:kta tigi, disgiwi̋:dv:si"
training_data/processed/conrad_wavs/wwacc_0142-WWConvoCherokee-09-000012375.wav,"lu:si:li witiɂv́si,"
training_data/processed/conrad_wavs/wwacc_0143-WWConvoCherokee-09-000017585.wav,hwě:dô:hv̋:hno Kalsě:ji
training_data/processed/conrad_wavs/wwacc_0145-WWConvoCherokee-09-000025395.wav,dő:ju?
training_data/processed/conrad_wavs/wwacc_0146-WWConvoCherokee-09-000028045.wav,dige:lísdgi dodagó:tlv:ni.
training_data/processed/conrad_wavs/wwacc_0147-WWConvoCherokee-09-000033165.wav,"ka wi:li,"
training_data/processed/conrad_wavs/wwacc_0148-WWConvoCherokee-09-000035595.wav,A̋ɂda witiya
training_data/processed/conrad_wavs/wwacc_0149-WWConvoCherokee-09-000038085.wav,À:yo:dǎ:hlahv̋ tidí:ga
training_data/processed/conrad_wavs/wwacc_0150-WWConvoCherokee-09-000043095.wav,U:ka:hyő:dv̋:ɂi.
training_data/processed/conrad_wavs/wwacc_0151-WWConvoCherokee-09-000046995.wav,Ye:li̋:gwu
training_data/processed/conrad_wavs/wwacc_0152-WWConvoCherokee-09-000049975.wav,yaga:na
training_data/processed/conrad_wavs/wwacc_0153-WWConvoCherokee-09-000052235.wav,"Kò:hi̋ Usv̋:ɂi,"
training_data/processed/conrad_wavs/wwacc_0155-WWConvoCherokee-09-000058945.wav,À:si:ni je:nv́dagwu Ate:lǐ:do eskv́:si.
training_data/processed/conrad_wavs/wwacc_0157-WWConvoCherokee-09-000077645.wav,U:do:hiyű tsgwi̋:sdi À:giha digilv̌:hwísdahdi.
training_data/processed/conrad_wavs/wwacc_0158-WWConvoCherokee-09-000084915.wav,À:si Ju:ni:là:wisdi
training_data/processed/conrad_wavs/wwacc_0159-WWConvoCherokee-09-000088605.wav,nige:nv̋:da Kò:hi̋ Usv̋:ɂi.
training_data/processed/conrad_wavs/wwacc_0160-WWConvoCherokee-09-000095955.wav,tu:tagi Niga̋:da na digo:hwe:li. Ga:sgilv̋ distlv́ɂvsi
training_data/processed/conrad_wavs/wwacc_0161-WWConvoCherokee-09-000106905.wav,udő:ju wē:g
training_data/processed/conrad_wavs/wwacc_0163-WWConvoCherokee-10-000008195.wav,O:síyo dewidv.
training_data/processed/conrad_wavs/wwacc_0164-WWConvoCherokee-10-000012765.wav,ehiyv̌:ha Jǒ:hlê:sdi.
training_data/processed/conrad_wavs/wwacc_0166-WWConvoCherokee-10-000024055.wav,to:juwi? hla uhli I:ga go:hű:sdi.
training_data/processed/conrad_wavs/wwacc_0167-WWConvoCherokee-10-000029975.wav,Gadò hè:lî:sgé:ɂi?
training_data/processed/conrad_wavs/wwacc_0168-WWConvoCherokee-10-000034475.wav,gvyanv:hoga.
training_data/processed/conrad_wavs/wwacc_0170-WWConvoCherokee-10-000051615.wav,Kalsě:ji nù:lsdâ:hnehaɂi.
training_data/processed/conrad_wavs/wwacc_0171-WWConvoCherokee-10-000056325.wav,"hv̀:, na V̀:sgigí?"
training_data/processed/conrad_wavs/wwacc_0172-WWConvoCherokee-10-000061245.wav,"v:v,"
training_data/processed/conrad_wavs/wwacc_0173-WWConvoCherokee-10-000063885.wav,usv:hiye̋:yi ji:gè:sé:sdi yido:sgína:ti:nò:ga
training_data/processed/conrad_wavs/wwacc_0174-WWConvoCherokee-10-000071165.wav,jò:giné:nv̀:sv̋:ɂi.
training_data/processed/conrad_wavs/wwacc_0175-WWConvoCherokee-10-000076545.wav,howa:gwu
training_data/processed/conrad_wavs/wwacc_0177-WWConvoCherokee-10-000081305.wav,inè:na
training_data/processed/conrad_wavs/wwacc_0178-WWConvoCherokee-10-000085415.wav,nagwúna gè:sv̌:ɂi Gadō u:sdi Ù:danhta jado:da?
training_data/processed/conrad_wavs/wwacc_0179-WWConvoCherokee-10-000094815.wav,"tsgwi̋:sdi uhlv́gv:gi Usv̋:ɂi ji:gè:sv̌:gi,"
training_data/processed/conrad_wavs/wwacc_0180-WWConvoCherokee-10-000101635.wav,usdǐ:kadv Ó:si Kò:hi̋ Suná:le̋ɂi.
training_data/processed/conrad_wavs/wwacc_0181-WWConvoCherokee-10-000108475.wav,"widilúhjv̌:ɂi gáɂnakti̋:ɂi wisdiyv́hlv:ha,"
training_data/processed/conrad_wavs/wwacc_0182-WWConvoCherokee-10-000116405.wav,ayvhno Nv:wô:ti Dida:náɂnv̋:i dagè:si.
training_data/processed/conrad_wavs/wwacc_0183-WWConvoCherokee-10-000124125.wav,nahna wigé:dó:hé:sdi Sà:gwű ji:gè:sé:sdi.
training_data/processed/conrad_wavs/wwacc_0184-WWConvoCherokee-10-000130395.wav,"v:v,"
training_data/processed/conrad_wavs/wwacc_0185-WWConvoCherokee-10-000133315.wav,ye:li̋:gwudv
training_data/processed/conrad_wavs/wwacc_0186-WWConvoCherokee-10-000136615.wav,o:gini:sgwádv̋ gè:sé:sdi nà:hiyű:ɂi.
training_data/processed/conrad_wavs/wwacc_0187-WWConvoCherokee-10-000142855.wav,"howa,"
training_data/processed/conrad_wavs/wwacc_0188-WWConvoCherokee-10-000144405.wav,nà:hiyű ijilúhjvha dosdv́yanv:hohlv:ɂi.
training_data/processed/conrad_wavs/wwacc_0190-WWConvoCherokee-10-000161825.wav,Gaɂdō atdi Kalisě:ji Nù:lsdâ:hneha. Ayó:negvɂdi?
training_data/processed/conrad_wavs/durbin-feeling-tones_0005-df-tones_enhanced-017955.wav,Achű:ja
training_data/processed/conrad_wavs/durbin-feeling-tones_0006-df-tones_enhanced-020425.wav,Achű:ja
training_data/processed/conrad_wavs/durbin-feeling-tones_0008-df-tones_enhanced-024925.wav,A̋ɂda
training_data/processed/conrad_wavs/durbin-feeling-tones_0009-df-tones_enhanced-027045.wav,A̋ɂda
training_data/processed/conrad_wavs/durbin-feeling-tones_0011-df-tones_enhanced-031805.wav,Ő:sda
training_data/processed/conrad_wavs/durbin-feeling-tones_0012-df-tones_enhanced-034275.wav,Ő:sda
training_data/processed/conrad_wavs/durbin-feeling-tones_0014-df-tones_enhanced-038835.wav,U:hye̋:hi
training_data/processed/conrad_wavs/durbin-feeling-tones_0015-df-tones_enhanced-041605.wav,U:hye̋:hi
training_data/processed/conrad_wavs/durbin-feeling-tones_0017-df-tones_enhanced-047305.wav,U:hyv̋:dla
training_data/processed/conrad_wavs/durbin-feeling-tones_0018-df-tones_enhanced-050375.wav,U:hyv̋:dla
training_data/processed/conrad_wavs/durbin-feeling-tones_0020-df-tones_enhanced-056005.wav,Wá:so:hla
training_data/processed/conrad_wavs/durbin-feeling-tones_0021-df-tones_enhanced-058605.wav,Wá:so:hla
training_data/processed/conrad_wavs/durbin-feeling-tones_0023-df-tones_enhanced-063595.wav,Wané:ɂi
training_data/processed/conrad_wavs/durbin-feeling-tones_0024-df-tones_enhanced-066285.wav,Wané:ɂi
training_data/processed/conrad_wavs/durbin-feeling-tones_0026-df-tones_enhanced-072225.wav,Wá:le:la
training_data/processed/conrad_wavs/durbin-feeling-tones_0027-df-tones_enhanced-074995.wav,Wá:le:la
training_data/processed/conrad_wavs/durbin-feeling-tones_0029-df-tones_enhanced-080375.wav,Gv:hna
training_data/processed/conrad_wavs/durbin-feeling-tones_0030-df-tones_enhanced-082955.wav,Gv:hna
training_data/processed/conrad_wavs/durbin-feeling-tones_0032-df-tones_enhanced-087795.wav,Jí:sgwa
training_data/processed/conrad_wavs/durbin-feeling-tones_0033-df-tones_enhanced-090395.wav,Jí:sgwa
training_data/processed/conrad_wavs/durbin-feeling-tones_0035-df-tones_enhanced-095015.wav,Ada:geyhdi
training_data/processed/conrad_wavs/durbin-feeling-tones_0036-df-tones_enhanced-098145.wav,Ada:geyhdi
training_data/processed/conrad_wavs/durbin-feeling-tones_0038-df-tones_enhanced-103365.wav,Ada
training_data/processed/conrad_wavs/durbin-feeling-tones_0039-df-tones_enhanced-105605.wav,Ada
training_data/processed/conrad_wavs/durbin-feeling-tones_0041-df-tones_enhanced-110185.wav,Adanhdo
training_data/processed/conrad_wavs/durbin-feeling-tones_0042-df-tones_enhanced-112655.wav,Adanhdo
training_data/processed/conrad_wavs/durbin-feeling-tones_0044-df-tones_enhanced-118675.wav,Chino:sga
training_data/processed/conrad_wavs/durbin-feeling-tones_0045-df-tones_enhanced-121415.wav,Chino:sga
training_data/processed/conrad_wavs/durbin-feeling-tones_0047-df-tones_enhanced-127845.wav,Chuhga
training_data/processed/conrad_wavs/durbin-feeling-tones_0048-df-tones_enhanced-130005.wav,Chuhga
training_data/processed/conrad_wavs/durbin-feeling-tones_0050-df-tones_enhanced-134425.wav,Da:hnawa
training_data/processed/conrad_wavs/durbin-feeling-tones_0051-df-tones_enhanced-137115.wav,Da:hnawa
training_data/processed/conrad_wavs/durbin-feeling-tones_0053-df-tones_enhanced-142055.wav,Chaně:la
training_data/processed/conrad_wavs/durbin-feeling-tones_0054-df-tones_enhanced-144615.wav,Chaně:la
training_data/processed/conrad_wavs/durbin-feeling-tones_0056-df-tones_enhanced-150015.wav,Nǔ:na
training_data/processed/conrad_wavs/durbin-feeling-tones_0057-df-tones_enhanced-152595.wav,Nǔ:na
training_data/processed/conrad_wavs/durbin-feeling-tones_0059-df-tones_enhanced-157755.wav,Sě:lu
training_data/processed/conrad_wavs/durbin-feeling-tones_0060-df-tones_enhanced-160555.wav,Sě:lu
training_data/processed/conrad_wavs/durbin-feeling-tones_0062-df-tones_enhanced-166345.wav,O:gala:hǒ:ma
training_data/processed/conrad_wavs/durbin-feeling-tones_0063-df-tones_enhanced-169495.wav,O:gala:hǒ:ma
training_data/processed/conrad_wavs/durbin-feeling-tones_0065-df-tones_enhanced-174995.wav,Salǒ:li.
training_data/processed/conrad_wavs/durbin-feeling-tones_0066-df-tones_enhanced-177515.wav,Salǒ:li.
training_data/processed/conrad_wavs/durbin-feeling-tones_0068-df-tones_enhanced-190135.wav,Nv:wô:ti
training_data/processed/conrad_wavs/durbin-feeling-tones_0070-df-tones_enhanced-196215.wav,Kanawô:ga
training_data/processed/conrad_wavs/durbin-feeling-tones_0071-df-tones_enhanced-198655.wav,Kanawô:ga
training_data/processed/conrad_wavs/durbin-feeling-tones_0073-df-tones_enhanced-203745.wav,Kiyû:ga
training_data/processed/conrad_wavs/durbin-feeling-tones_0074-df-tones_enhanced-206235.wav,Kiyû:ga
training_data/processed/conrad_wavs/durbin-feeling-tones_0076-df-tones_enhanced-211835.wav,Ada:dǒ:lî:sdi
training_data/processed/conrad_wavs/durbin-feeling-tones_0077-df-tones_enhanced-215335.wav,Ada:dǒ:lî:sdi
training_data/processed/conrad_wavs/durbin-feeling-tones_0079-df-tones_enhanced-221845.wav,Jǐ:sgwô:gwo
training_data/processed/conrad_wavs/durbin-feeling-tones_0080-df-tones_enhanced-224805.wav,Jǐ:sgwô:gwo
training_data/processed/conrad_wavs/durbin-feeling-tones_0082-df-tones_enhanced-231015.wav,Kaně:sdâ:hlahv̋:ɂi
training_data/processed/conrad_wavs/durbin-feeling-tones_0083-df-tones_enhanced-234265.wav,Kaně:sdâ:hlahv̋:ɂi
training_data/processed/conrad_wavs/durbin-feeling-tones_0085-df-tones_enhanced-241355.wav,Ganè:ga
training_data/processed/conrad_wavs/durbin-feeling-tones_0086-df-tones_enhanced-243815.wav,Ganè:ga
training_data/processed/conrad_wavs/durbin-feeling-tones_0088-df-tones_enhanced-248805.wav,Nv̀:ya
training_data/processed/conrad_wavs/durbin-feeling-tones_0089-df-tones_enhanced-251015.wav,Nv̀:ya
training_data/processed/conrad_wavs/durbin-feeling-tones_0091-df-tones_enhanced-255615.wav,Hlawò:tu
training_data/processed/conrad_wavs/durbin-feeling-tones_0092-df-tones_enhanced-258745.wav,Hlawò:tu
training_data/processed/conrad_wavs/durbin-feeling-tones_0094-df-tones_enhanced-263495.wav,Wajì:la
training_data/processed/conrad_wavs/durbin-feeling-tones_0095-df-tones_enhanced-266045.wav,Wajì:la
training_data/processed/conrad_wavs/durbin-feeling-tones_0097-df-tones_enhanced-271505.wav,Hè:sdi
training_data/processed/conrad_wavs/durbin-feeling-tones_0098-df-tones_enhanced-273805.wav,Hè:sdi
training_data/processed/conrad_wavs/durbin-feeling-tones_0099-df-tones_enhanced-276465.wav,Hlè:sdi
training_data/processed/conrad_wavs/durbin-feeling-tones_0100-df-tones_enhanced-278675.wav,Hlè:sdi
training_data/processed/conrad_wavs/durbin-feeling-tones_0102-df-tones_enhanced-283095.wav,Gù:gu
training_data/processed/conrad_wavs/durbin-feeling-tones_0103-df-tones_enhanced-285645.wav,Gù:gu
training_data/processed/conrad_wavs/durbin-feeling-tones_0105-df-tones_enhanced-290465.wav,À:da:náɂnv̋:ɂi
training_data/processed/conrad_wavs/durbin-feeling-tones_0106-df-tones_enhanced-293585.wav,À:da:náɂnv̋:ɂi
training_data/processed/conrad_wavs/durbin-feeling-tones_0108-df-tones_enhanced-299005.wav,À:da:ně:lv̋:ɂi
training_data/processed/conrad_wavs/durbin-feeling-tones_0109-df-tones_enhanced-302115.wav,À:da:ně:lv̋:ɂi
training_data/processed/conrad_wavs/durbin-feeling-tones_0111-df-tones_enhanced-308035.wav,Gà:na̋:li
training_data/processed/conrad_wavs/durbin-feeling-tones_0112-df-tones_enhanced-310745.wav,Gà:na̋:li
training_data/processed/conrad_wavs/durbin-feeling-tones_0114-df-tones_enhanced-316425.wav,Nǔ:dále̋:ɂi
training_data/processed/conrad_wavs/durbin-feeling-tones_0115-df-tones_enhanced-319205.wav,Nǔ:dále̋:ɂi
training_data/processed/conrad_wavs/durbin-feeling-tones_0117-df-tones_enhanced-326705.wav,Ù:wé:yv̋:ɂi
training_data/processed/conrad_wavs/durbin-feeling-tones_0118-df-tones_enhanced-329555.wav,Ù:wé:yv̋:ɂi
training_data/processed/conrad_wavs/durbin-feeling-tones_0120-df-tones_enhanced-335265.wav,Gǒ:tv̋:ɂi
training_data/processed/conrad_wavs/durbin-feeling-tones_0121-df-tones_enhanced-337935.wav,Gǒ:tv̋:ɂi
training_data/processed/conrad_wavs/durbin-feeling-tones_0123-df-tones_enhanced-347665.wav,àgiyvwhahtv:hv̌:ɂi
training_data/processed/conrad_wavs/durbin-feeling-tones_0124-df-tones_enhanced-350995.wav,àgiyvwhahtv:hv̌:ɂi
training_data/processed/conrad_wavs/durbin-feeling-tones_0125-df-tones_enhanced-355125.wav,ùwhtó:saɂdv̌ɂi
training_data/processed/conrad_wavs/durbin-feeling-tones_0126-df-tones_enhanced-358215.wav,ùwhtó:saɂdv̌ɂi
training_data/processed/conrad_wavs/durbin-feeling-tones_0127-df-tones_enhanced-363955.wav,à:ni:hwahtíha
training_data/processed/conrad_wavs/durbin-feeling-tones_0128-df-tones_enhanced-367835.wav,à:ni:hwahtíha
training_data/processed/conrad_wavs/durbin-feeling-tones_0129-df-tones_enhanced-374155.wav,hwî:yaníha
training_data/processed/conrad_wavs/durbin-feeling-tones_0130-df-tones_enhanced-376955.wav,hwî:yaníha
training_data/processed/conrad_wavs/durbin-feeling-tones_0131-df-tones_enhanced-386455.wav,agwada:sdá:yhdi
training_data/processed/conrad_wavs/durbin-feeling-tones_0132-df-tones_enhanced-390225.wav,agwada:sdá:yhdi
training_data/processed/conrad_wavs/durbin-feeling-tones_0133-df-tones_enhanced-393765.wav,wùyhdi
training_data/processed/conrad_wavs/durbin-feeling-tones_0134-df-tones_enhanced-396475.wav,wùyhdi
training_data/processed/conrad_wavs/durbin-feeling-tones_0136-df-tones_enhanced-410265.wav,ì:ni:hyv:kwidv́ɂvsga
training_data/processed/conrad_wavs/durbin-feeling-tones_0137-df-tones_enhanced-413525.wav,ì:ni:hyv:kwidv́ɂvsga
training_data/processed/conrad_wavs/durbin-feeling-tones_0138-df-tones_enhanced-419135.wav,sdi:hyǒ:híha
training_data/processed/conrad_wavs/durbin-feeling-tones_0140-df-tones_enhanced-428925.wav,dé:da:hltawó:ɂa
training_data/processed/conrad_wavs/durbin-feeling-tones_0141-df-tones_enhanced-432145.wav,dé:da:hltawó:ɂa
training_data/processed/conrad_wavs/durbin-feeling-tones_0142-df-tones_enhanced-438105.wav,agwv:sgahldi
training_data/processed/conrad_wavs/durbin-feeling-tones_0143-df-tones_enhanced-441215.wav,agwv:sgahldi
training_data/processed/conrad_wavs/durbin-feeling-tones_0144-df-tones_enhanced-445845.wav,chanohlvɂi
training_data/processed/conrad_wavs/durbin-feeling-tones_0145-df-tones_enhanced-448835.wav,chanohlvɂi
training_data/processed/conrad_wavs/durbin-feeling-tones_0146-df-tones_enhanced-452635.wav,janǒ:hlv́ɂi
training_data/processed/conrad_wavs/durbin-feeling-tones_0147-df-tones_enhanced-455785.wav,janǒ:hlv́ɂi
training_data/processed/conrad_wavs/durbin-feeling-tones_0148-df-tones_enhanced-461065.wav,hinhjǒ:híha
training_data/processed/conrad_wavs/durbin-feeling-tones_0149-df-tones_enhanced-464355.wav,hinhjǒ:híha
training_data/processed/conrad_wavs/durbin-feeling-tones_0153-df-tones_enhanced-480275.wav,wijì:yanhti
training_data/processed/conrad_wavs/durbin-feeling-tones_0154-df-tones_enhanced-486685.wav,è:nà:tihnǒ:híha
training_data/processed/conrad_wavs/durbin-feeling-tones_0155-df-tones_enhanced-490575.wav,è:nà:tihnǒ:híha
training_data/processed/conrad_wavs/durbin-feeling-tones_0156-df-tones_enhanced-496185.wav,gahnǐ:dô:ha
training_data/processed/conrad_wavs/durbin-feeling-tones_0157-df-tones_enhanced-499025.wav,gahnǐ:dô:ha
training_data/processed/conrad_wavs/cno_About.wav,gv:wa:tú:hwidv
training_data/processed/conrad_wavs/cno_Acorn.wav,gu:le
training_data/processed/conrad_wavs/cno_Performed.wav,nu:dvnelv̌
training_data/processed/conrad_wavs/cno_Wizard.wav,adv̀:ně:li̋:sgi
training_data/processed/conrad_wavs/cno_Commence.wav,a:lenhdi
training_data/processed/conrad_wavs/cno_Adam.wav,Ǎ:dáwi
training_data/processed/conrad_wavs/cno_Snake.wav,ǐ:nádv
training_data/processed/conrad_wavs/cno_Adjourned.wav,dù:ni:ye:li:sv̌
training_data/processed/conrad_wavs/cno_Adult.wav,ǔ:tana
training_data/processed/conrad_wavs/cno_Publish.wav,diganǒ:jahldi
training_data/processed/conrad_wavs/cno_Agreed.wav,dù:dani:lv́:jv̌
training_data/processed/conrad_wavs/cno_Agriculture.wav,digalo:gò:di
training_data/processed/conrad_wavs/cno_Tornado.wav,u:no:le
training_data/processed/conrad_wavs/cno_Usual.wav,u:hlő:yi
training_data/processed/conrad_wavs/cno_Alive.wav,gv:hnő:dv
training_data/processed/conrad_wavs/cno_Whole.wav,niga̋:dv
training_data/processed/conrad_wavs/cno_Lecture.wav,digò:sǐ:sóhdi
training_data/processed/conrad_wavs/cno_Pot.wav,ju:là:sgi
training_data/processed/conrad_wavs/cno_Almanac.wav,nvdodisesdi
training_data/processed/conrad_wavs/cno_Lone.wav,ù:hwasv́
training_data/processed/conrad_wavs/cno_Already.wav,gá:yu:la
training_data/processed/conrad_wavs/cno_Permanently.wav,nigǒ:hí:lv̋:ɂi
training_data/processed/conrad_wavs/cno_Or.wav,ale
training_data/processed/conrad_wavs/cno_Annum.wav,su:de:tiyv̋:dv
training_data/processed/conrad_wavs/cno_Another.wav,nǔ:dále̋
training_data/processed/conrad_wavs/cno_Ant.wav,do:sv̌:dáɂli
training_data/processed/conrad_wavs/cno_Rooms.wav,dě:kánv́:su:lv̋
training_data/processed/conrad_wavs/cno_Apple.wav,sv̌:kta
training_data/processed/conrad_wavs/cno_Apron.wav,adlè:sado
training_data/processed/conrad_wavs/cno_Numerate.wav,di:sésdi
training_data/processed/conrad_wavs/cno_Arm.wav,kano:ge̋:ni
training_data/processed/conrad_wavs/cno_Arose.wav,dù:le:hnv̌
training_data/processed/conrad_wavs/cno_Arrivals.wav,ù:lúhjv̌:ɂi
training_data/processed/conrad_wavs/cno_Arrive.wav,ù:lúhjv̌
training_data/processed/conrad_wavs/cno_Comes.wav,gáɂluhga
training_data/processed/conrad_wavs/cno_Selfish.wav,u:da:lv̋:kwdi
training_data/processed/conrad_wavs/cno_Arrow.wav,gá:hlida
training_data/processed/conrad_wavs/cno_Ash.wav,kò:sdu
training_data/processed/conrad_wavs/cno_Ashamed.wav,à:de:hǒ:sga
training_data/processed/conrad_wavs/cno_Asked.wav,u:datv́:dv:hnv̌
training_data/processed/conrad_wavs/cno_Asks.wav,à:tv̌:dv́:hvsga
training_data/processed/conrad_wavs/cno_Association.wav,ù:nalí:gò:sv̌
training_data/processed/conrad_wavs/cno_At_first.wav,igv:yi̋:ɂi
training_data/processed/conrad_wavs/cno_At_request_of.wav,u:htayóseɂlv̌
training_data/processed/conrad_wavs/cno_While.wav,nà:hiyű:ɂi
training_data/processed/conrad_wavs/cno_Attorneys.wav,di:natiyǒ:hihi
training_data/processed/conrad_wavs/cno_August.wav,Gaɂlo:hni
training_data/processed/conrad_wavs/cno_Street.wav,galanv:dv̋
training_data/processed/conrad_wavs/cno_Flinch.wav,dù:danv̌:dî:stanv̌
training_data/processed/conrad_wavs/cno_Hew.wav,galùysdi
training_data/processed/conrad_wavs/cno_Babies.wav,tsu:nsdi:ɂi
training_data/processed/conrad_wavs/cno_Back.wav,ga:sohi̋
training_data/processed/conrad_wavs/cno_Bad.wav,u:yő:ɂi
training_data/processed/conrad_wavs/cno_Baseball.wav,a:lsga:hldi
training_data/processed/conrad_wavs/cno_Bank.wav,adělju:niyhdi̋
training_data/processed/conrad_wavs/cno_Baptist.wav,Di:da:wő:sgi
training_data/processed/conrad_wavs/cno_Immerse.wav,di:dawò:sdi̋
training_data/processed/conrad_wavs/cno_Barber.wav,di:da:sdo:ye̋:sgi
training_data/processed/conrad_wavs/cno_Naked.wav,u:yě:hlv:ha
training_data/processed/conrad_wavs/cno_Bark.wav,ù:hyalv̌
training_data/processed/conrad_wavs/cno_Keg.wav,sv:do:ni
training_data/processed/conrad_wavs/cno_Tubes.wav,ju:sv:dő:ni
training_data/processed/conrad_wavs/cno_Bottom.wav,hawi̋:ni
training_data/processed/conrad_wavs/cno_Shy.wav,u:dehǒ:sati
training_data/processed/conrad_wavs/cno_Bowl.wav,ádlì:sdohdi
training_data/processed/conrad_wavs/cno_Basket.wav,talǔ:ja
training_data/processed/conrad_wavs/cno_Pond.wav,v:dali
training_data/processed/conrad_wavs/cno_Pretty.wav,uwo:dű:hi
training_data/processed/conrad_wavs/cno_Beauty.wav,u:wo:du
training_data/processed/conrad_wavs/cno_Beaver.wav,do:ya
training_data/processed/conrad_wavs/cno_Became.wav,à:daně:dlí:yv̀:sdi
training_data/processed/conrad_wavs/cno_Bed.wav,gani:hli
training_data/processed/conrad_wavs/cno_Bedrock.wav,nv̀:yő:hi
training_data/processed/conrad_wavs/cno_Syrup.wav,wá:du:lí:si
training_data/processed/conrad_wavs/cno_Begun.wav,ù:le:nv:hv̌
training_data/processed/conrad_wavs/cno_Belief.wav,ù:wo:hiyú:sv̌
training_data/processed/conrad_wavs/cno_Believes.wav,ù:wo:hiyúha
training_data/processed/conrad_wavs/cno_Bell.wav,u:halv:ni
training_data/processed/conrad_wavs/cno_Beloved.wav,ada:geyhdi
training_data/processed/conrad_wavs/cno_Belt.wav,adà:dlǒ:sdi
training_data/processed/conrad_wavs/cno_Provision.wav,alsděhldohdi
training_data/processed/conrad_wavs/cno_Berry.wav,udata:nvhi
training_data/processed/conrad_wavs/cno_Large.wav,e̋:gwa
training_data/processed/conrad_wavs/cno_Bigamy.wav,ada:hyo:néhdi
training_data/processed/conrad_wavs/cno_Bile.wav,dalo:ni
training_data/processed/conrad_wavs/cno_Billiard.wav,digada:yosdi
training_data/processed/conrad_wavs/cno_Bird.wav,jí:sgwa
training_data/processed/conrad_wavs/cno_Born.wav,ude:nv
training_data/processed/conrad_wavs/cno_Mark.wav,udo:we:lv
training_data/processed/conrad_wavs/cno_Black.wav,gv̌:hnáge̋
training_data/processed/conrad_wavs/cno_Typewriter.wav,digo:hwě:lò:di
training_data/processed/conrad_wavs/cno_Blacksnake.wav,gaɂlè:gi
training_data/processed/conrad_wavs/cno_Blanket.wav,u:ne:gv:ha̋
training_data/processed/conrad_wavs/cno_Sap.wav,atasgi:sgv
training_data/processed/conrad_wavs/cno_Sympathize.wav,ada:dǒ:lî:sdi
training_data/processed/conrad_wavs/cno_Blew.wav,ù:jó:tahv̌
training_data/processed/conrad_wavs/cno_Blind.wav,di:ke̋:wi
training_data/processed/conrad_wavs/cno_Bloat.wav,uwǒ:tidv
training_data/processed/conrad_wavs/cno_Blue.wav,sako:nige
training_data/processed/conrad_wavs/cno_Bluebird.wav,tsa:gwo:lde
training_data/processed/conrad_wavs/cno_Dull.wav,go:sdì:yű:hli
training_data/processed/conrad_wavs/cno_Shame.wav,à:de:hǒ:hísdi
training_data/processed/conrad_wavs/cno_Yacht.wav,jǐ:yu
training_data/processed/conrad_wavs/cno_Body.wav,aye:lv̋
training_data/processed/conrad_wavs/cno_Crown.wav,alsdu:lo
training_data/processed/conrad_wavs/cno_Book.wav,go:hwe:li
training_data/processed/conrad_wavs/cno_Books.wav,digo:hwe:li
training_data/processed/conrad_wavs/cno_Bored.wav,ù:tale:sv̌
training_data/processed/conrad_wavs/cno_Chest.wav,gane:ji̋
training_data/processed/conrad_wavs/cno_Tick.wav,gù:gu
training_data/processed/conrad_wavs/cno_Bound.wav,wà:ktv̌
training_data/processed/conrad_wavs/cno_Range.wav,à:sdanv:hnv̋
training_data/processed/conrad_wavs/cno_Bow.wav,gahljaɂdi
training_data/processed/conrad_wavs/cno_Trunk.wav,kanè:sáɂi
training_data/processed/conrad_wavs/cno_Boxes.wav,dikanè:sái
training_data/processed/conrad_wavs/cno_Lad.wav,achű:ja
training_data/processed/conrad_wavs/cno_Boys.wav,ani:chű:ja
training_data/processed/conrad_wavs/cno_Brain.wav,u:nv̌:jí:da
training_data/processed/conrad_wavs/cno_Brake.wav,ganv̀:hlǒ:sdi
training_data/processed/conrad_wavs/cno_Brave.wav,ju:lichv̌:yà:sdi
training_data/processed/conrad_wavs/cno_Breaks.wav,júlsgwalida
training_data/processed/conrad_wavs/cno_Trousers.wav,dì:su:lo
training_data/processed/conrad_wavs/cno_Briar.wav,kanu:ga:li
training_data/processed/conrad_wavs/cno_Bridge.wav,à:svhdlv̋:ɂi
training_data/processed/conrad_wavs/cno_Bridle.wav,tsu:tana:lo
training_data/processed/conrad_wavs/cno_Short.wav,di:disgwala̋:ɂi
training_data/processed/conrad_wavs/cno_Fetch.wav,à:yóhisdí
training_data/processed/conrad_wavs/cno_English.wav,Gili:si
training_data/processed/conrad_wavs/cno_Wide.wav,ayaté:na
training_data/processed/conrad_wavs/cno_Broke.wav,júlsgwalidv
training_data/processed/conrad_wavs/cno_Sweep.wav,gv:no:sásdi
training_data/processed/conrad_wavs/cno_Stepbrother.wav,di:nada:hnv̋:hli
training_data/processed/conrad_wavs/cno_Brown.wav,wo:dige
training_data/processed/conrad_wavs/cno_Given.wav,à:da:ně:lv̋
training_data/processed/conrad_wavs/cno_Built.wav,ù:hné:sge:hv̌
training_data/processed/conrad_wavs/cno_Lead.wav,gáɂni
training_data/processed/conrad_wavs/cno_Bullfrog.wav,kanu:nu
training_data/processed/conrad_wavs/cno_House.wav,gahljǒ:de
training_data/processed/conrad_wavs/cno_Dresser.wav,dì:sě:hísdi̋
training_data/processed/conrad_wavs/cno_Burglar.wav,gano:sgi̋:sgi
training_data/processed/conrad_wavs/cno_Burial.wav,di:da:nǐ:sóhdi̋
training_data/processed/conrad_wavs/cno_Tomb.wav,gani:sahv
training_data/processed/conrad_wavs/cno_Yard.wav,su:hli:lő:dv
training_data/processed/conrad_wavs/cno_Work.wav,digalv:hwisdandi
training_data/processed/conrad_wavs/cno_Established.wav,go:hlv:hnv̋
training_data/processed/conrad_wavs/cno_Elephant.wav,kama:ma
training_data/processed/conrad_wavs/cno_Snap.wav,akaně:sdi
training_data/processed/conrad_wavs/cno_Buttons.wav,digatdi
training_data/processed/conrad_wavs/cno_Buzzard.wav,su:li
training_data/processed/conrad_wavs/cno_Called.wav,ù:hyanv:hv̌
training_data/processed/conrad_wavs/cno_Camel.wav,kě:míli
training_data/processed/conrad_wavs/cno_Stop.wav,à:le:hwisdóhdí
training_data/processed/conrad_wavs/cno_Drawn.wav,à:sě:sv̋:da
training_data/processed/conrad_wavs/cno_Leprosy.wav,ada:hye̋:sgi
training_data/processed/conrad_wavs/cno_Carcass.wav,uliwo:tsvhi
training_data/processed/conrad_wavs/cno_Wild.wav,gé:hyahtahi
training_data/processed/conrad_wavs/cno_Carpenter.wav,di:hnè:sge̋:sgi
training_data/processed/conrad_wavs/cno_Carries.wav,à:hwi:dí
training_data/processed/conrad_wavs/cno_Cash.wav,áde:lv̋
training_data/processed/conrad_wavs/cno_Cat.wav,wě:sa
training_data/processed/conrad_wavs/cno_Catfish.wav,ju:lì:sdana:li
training_data/processed/conrad_wavs/cno_Cow.wav,wahga
training_data/processed/conrad_wavs/cno_Cavern.wav,ù:sdâ:galv̋
training_data/processed/conrad_wavs/cno_Cedar.wav,ajina
training_data/processed/conrad_wavs/cno_Holiday.wav,unade:tiyisgv
training_data/processed/conrad_wavs/cno_Cent.wav,iyádánhtéhdi
training_data/processed/conrad_wavs/cno_Very.wav,u:do:hiyű
training_data/processed/conrad_wavs/cno_Chain.wav,u:nada:dè:sv̋:da
training_data/processed/conrad_wavs/cno_Table.wav,ga:sgilo
training_data/processed/conrad_wavs/cno_Chairman.wav,ju:dǎ:tihnaɂi
training_data/processed/conrad_wavs/cno_Tables.wav,diga:sgilo
training_data/processed/conrad_wavs/cno_Chamber.wav,u:níhyvsdi
training_data/processed/conrad_wavs/cno_Change.wav,junsdi
training_data/processed/conrad_wavs/cno_Charge.wav,dà:gv:wahldí
training_data/processed/conrad_wavs/cno_Confer.wav,a:hlinohéhdi
training_data/processed/conrad_wavs/cno_Chicken.wav,jitǎ:ga
training_data/processed/conrad_wavs/cno_President.wav,u:gv:wiyu:hi
training_data/processed/conrad_wavs/cno_Young.wav,ayo:hli
training_data/processed/conrad_wavs/cno_Picked.wav,ù:su:yé:sv̌
training_data/processed/conrad_wavs/cno_Christmas.wav,Dà:ni:sdayo:hihv̋
training_data/processed/conrad_wavs/cno_Church.wav,digalà:wisdi̋
training_data/processed/conrad_wavs/cno_Churches.wav,ju:ni:là:wisdi
training_data/processed/conrad_wavs/cno_Cigar.wav,gő:ksdi
training_data/processed/conrad_wavs/cno_Circus.wav,anadv̀:né̋:li̋:sgi
training_data/processed/conrad_wavs/cno_City.wav,ga:dú:hv̋:ɂi
training_data/processed/conrad_wavs/cno_Clay.wav,gadagwa:li
training_data/processed/conrad_wavs/cno_Sanitary.wav,u:danv:galv̋:da
training_data/processed/conrad_wavs/cno_Clipping.wav,di:gv:halv̋:da
training_data/processed/conrad_wavs/cno_Watch.wav,wǎ:ji
training_data/processed/conrad_wavs/cno_Cloud.wav,u:lo:gilv
training_data/processed/conrad_wavs/cno_Cloudy.wav,u:lò:gí:li
training_data/processed/conrad_wavs/cno_Jacket.wav,ga:sale:na
training_data/processed/conrad_wavs/cno_Coffee.wav,kǎ:hwi
training_data/processed/conrad_wavs/cno_Row.wav,ù:danv:hnv̋
training_data/processed/conrad_wavs/cno_Columns.wav,dù:danv:hnv̋
training_data/processed/conrad_wavs/cno_Comb.wav,ahltawó:sdi
training_data/processed/conrad_wavs/cno_Comments.wav,kané:ɂisdíha
training_data/processed/conrad_wavs/cno_Write.wav,di:digo:hwě:lò:di
training_data/processed/conrad_wavs/cno_Faithful.wav,ù:wo:hiyú
training_data/processed/conrad_wavs/cno_Permanent.wav,nigǒ:hí:lv̋
training_data/processed/conrad_wavs/cno_Contemplate.wav,à:danhté
training_data/processed/conrad_wavs/cno_Contest.wav,adago:nado:di
training_data/processed/conrad_wavs/cno_Proves.wav,go:hiyhdi
training_data/processed/conrad_wavs/cno_Maize.wav,sě:lu
training_data/processed/conrad_wavs/cno_Nook.wav,ù:hnv́:si:yv̋
training_data/processed/conrad_wavs/cno_Cotton.wav,u:tsiɂlv
training_data/processed/conrad_wavs/cno_Flap.wav,gù:hlv́:di
training_data/processed/conrad_wavs/cno_Crawfish.wav,jí:sdv:na
training_data/processed/conrad_wavs/cno_Make.wav,gó:hlvhdi
training_data/processed/conrad_wavs/cno_Dozen.wav,tala:du
training_data/processed/conrad_wavs/cno_Crow.wav,kó:ga
training_data/processed/conrad_wavs/cno_Tap.wav,akǔ:gi̋:sdi
training_data/processed/conrad_wavs/cno_Cups.wav,di:kǔ:gi̋:sdi
training_data/processed/conrad_wavs/cno_Curtains.wav,di:hydo:ldv:di
training_data/processed/conrad_wavs/cno_Wet.wav,gà:du:li̋:da
training_data/processed/conrad_wavs/cno_Deaf.wav,ju:liɂe̋:na
training_data/processed/conrad_wavs/cno_Die.wav,ayo:hu:hisdi
training_data/processed/conrad_wavs/cno_December.wav,V̌:sgíhyi
training_data/processed/conrad_wavs/cno_Decided.wav,dù:wu:ktánv́
training_data/processed/conrad_wavs/cno_Utter.wav,kané:ɂisdí
training_data/processed/conrad_wavs/cno_Refuse.wav,à:da:hyâ:sdi
training_data/processed/conrad_wavs/cno_Defense.wav,ulsdehldi
training_data/processed/conrad_wavs/cno_Mush.wav,waníge̋
training_data/processed/conrad_wavs/cno_Sweet.wav,u:gana̋:sdv
training_data/processed/conrad_wavs/cno_Gifts.wav,di:dǎ:hnehdi
training_data/processed/conrad_wavs/cno_Treat.wav,adǎ:hnehdi
training_data/processed/conrad_wavs/cno_Desert.wav,i:nage
training_data/processed/conrad_wavs/cno_Desires.wav,ù:du:líha
training_data/processed/conrad_wavs/cno_Desirous.wav,ù:du:lǐ:sgó
training_data/processed/conrad_wavs/cno_Dew.wav,ù:hí:satv̌
training_data/processed/conrad_wavs/cno_Puzzle.wav,u:jő:sdi
training_data/processed/conrad_wavs/cno_Meal.wav,álsdàyhdi
training_data/processed/conrad_wavs/cno_Unclean.wav,ga:hdaha
training_data/processed/conrad_wavs/cno_Disappoint.wav,u:lǐ:dâ:sdohdi
training_data/processed/conrad_wavs/cno_Disease.wav,v:hyǔ:gi
training_data/processed/conrad_wavs/cno_Plates.wav,di:te:lǐ:do
training_data/processed/conrad_wavs/cno_Surgeon.wav,gaɂnakdi
training_data/processed/conrad_wavs/cno_Doctors.wav,ani:gáɂnakti
training_data/processed/conrad_wavs/cno_Does.wav,na:dvne
training_data/processed/conrad_wavs/cno_Dog.wav,gi:hli
training_data/processed/conrad_wavs/cno_Dollar.wav,u:hnő:sda
training_data/processed/conrad_wavs/cno_Doors.wav,di:sdù:di
training_data/processed/conrad_wavs/cno_Way.wav,galohisdi
training_data/processed/conrad_wavs/cno_Low.wav,e:ladi
training_data/processed/conrad_wavs/cno_Skirt.wav,à:sano
training_data/processed/conrad_wavs/cno_Dresses.wav,dì:sano
training_data/processed/conrad_wavs/cno_Drew.wav,ú:se:sv:hv̌
training_data/processed/conrad_wavs/cno_Drink.wav,adǐ:tasdi
training_data/processed/conrad_wavs/cno_Drum.wav,ahu:li
training_data/processed/conrad_wavs/cno_Drunk.wav,ù:di:tahv̌
training_data/processed/conrad_wavs/cno_Duck.wav,kawǒ:nu
training_data/processed/conrad_wavs/cno_Dust.wav,kò:sdu:ha̋
training_data/processed/conrad_wavs/cno_Persons.wav,ani:siyv:wi:ha
training_data/processed/conrad_wavs/cno_Ear.wav,gaɂle̋:ni
training_data/processed/conrad_wavs/cno_First.wav,igv̌:yi
training_data/processed/conrad_wavs/cno_Ears.wav,digaɂle̋:ni
training_data/processed/conrad_wavs/cno_World.wav,e:lohi
training_data/processed/conrad_wavs/cno_Sunrise.wav,ka:lvgv
training_data/processed/conrad_wavs/cno_Watermelon.wav,gv:gì:sdi
training_data/processed/conrad_wavs/cno_Eats.wav,ǔ:hnígì:sdi
training_data/processed/conrad_wavs/cno_Edge.wav,asdv:ɂi
training_data/processed/conrad_wavs/cno_School.wav,di:delkwasdi
training_data/processed/conrad_wavs/cno_Tutor.wav,di:de:hyǒ:hvsgi
training_data/processed/conrad_wavs/cno_Outcome.wav,nigalsdohdi
training_data/processed/conrad_wavs/cno_Result.wav,nù:lsta:nv̌
training_data/processed/conrad_wavs/cno_Son.wav,uwě:ji
training_data/processed/conrad_wavs/cno_Sons.wav,juwě:ji
training_data/processed/conrad_wavs/cno_Eight.wav,chuně:la
training_data/processed/conrad_wavs/cno_Eighty.wav,ne:lsgo:hi
training_data/processed/conrad_wavs/cno_Elbow.wav,akiyu:sge̋:ni
training_data/processed/conrad_wavs/cno_Electric.wav,anà:ga:lǐ:sgi
training_data/processed/conrad_wavs/cno_Element.wav,su:dale̋:gi
training_data/processed/conrad_wavs/cno_Vacant.wav,ǔ:sihwa
training_data/processed/conrad_wavs/cno_Enclosure.wav,à:sǒ:hyv̋:ɂi
training_data/processed/conrad_wavs/cno_Meet.wav,di:dlo:hisdi̋
training_data/processed/conrad_wavs/cno_End.wav,u:hlisdv
training_data/processed/conrad_wavs/cno_Entry.wav,ayv:sdi
training_data/processed/conrad_wavs/cno_Ticket.wav,àyv:sdóhdi̋
training_data/processed/conrad_wavs/cno_Important.wav,ulsge̋:dv
training_data/processed/conrad_wavs/cno_Sacred.wav,galvkwdi
training_data/processed/conrad_wavs/cno_Eternal.wav,i:gohi:dv
training_data/processed/conrad_wavs/cno_Everlasting.wav,ǐ:gó:hi̋:da
training_data/processed/conrad_wavs/cno_Evening.wav,sv:hiye̋:yi
training_data/processed/conrad_wavs/cno_Exciting.wav,usgase:d
training_data/processed/conrad_wavs/cno_Expired.wav,ùlsgwádv̌
training_data/processed/conrad_wavs/cno_Explains.wav,de:gô:si:sí
training_data/processed/conrad_wavs/cno_Extended.wav,kane:gwo:dv
training_data/processed/conrad_wavs/cno_Teachers.wav,di:nade:hyǒ:hvsgi
training_data/processed/conrad_wavs/cno_Fail.wav,u:nú:lvɂhnv̌
training_data/processed/conrad_wavs/cno_Farmer.wav,digalo:gi̋:sgi
training_data/processed/conrad_wavs/cno_Farmers.wav,di:ni:lo:gi̋:sgi
training_data/processed/conrad_wavs/cno_Fat.wav,galijó:hida
training_data/processed/conrad_wavs/cno_Tallow.wav,galijó:hidv
training_data/processed/conrad_wavs/cno_Quill.wav,ugi:da:hli
training_data/processed/conrad_wavs/cno_February.wav,Ka:gaɂli
training_data/processed/conrad_wavs/cno_Guilt.wav,ù:sganv̂:jv̌
training_data/processed/conrad_wavs/cno_Touched.wav,ù:sv:hnílv́
training_data/processed/conrad_wavs/cno_Mare.wav,agǐ:si
training_data/processed/conrad_wavs/cno_Wall.wav,à:sǒ:hyv̋
training_data/processed/conrad_wavs/cno_Meager.wav,ga:yo:hli
training_data/processed/conrad_wavs/cno_Scoundrel.wav,u:ne:gú:jidv
training_data/processed/conrad_wavs/cno_Horror.wav,gánayè:gi
training_data/processed/conrad_wavs/cno_Full.wav,kali
training_data/processed/conrad_wavs/cno_Finger.wav,gá:ye:saɂdv̋
training_data/processed/conrad_wavs/cno_Fingers.wav,de:gâ:ye:sáɂdv̋
training_data/processed/conrad_wavs/cno_Fish.wav,ajaɂdi
training_data/processed/conrad_wavs/cno_Five.wav,hisgi
training_data/processed/conrad_wavs/cno_Flag.wav,ga:dati
training_data/processed/conrad_wavs/cno_Side.wav,asgwa:ge̋:ni
training_data/processed/conrad_wavs/cno_Reverse.wav,atsvstdi
training_data/processed/conrad_wavs/cno_Seed.wav,u:kta
training_data/processed/conrad_wavs/cno_Fled.wav,ù:lití:sv̌
training_data/processed/conrad_wavs/cno_Flew.wav,u:hlawí:dvhv̌
training_data/processed/conrad_wavs/cno_Flint.wav,dawǐ:sgála
training_data/processed/conrad_wavs/cno_Pitch.wav,à:dǐ:nv̂:di
training_data/processed/conrad_wavs/cno_Roses.wav,ani:ji:lv̋:sgi
training_data/processed/conrad_wavs/cno_Rose.wav,aji:lv̋:sgi
training_data/processed/conrad_wavs/cno_Fog.wav,ù:kvhadv̌
training_data/processed/conrad_wavs/cno_Foggy.wav,ù:kvháda
training_data/processed/conrad_wavs/cno_Straw.wav,kanè:sga
training_data/processed/conrad_wavs/cno_Follows.wav,à:sdâ:wadé:ga
training_data/processed/conrad_wavs/cno_Fool.wav,nu:dánhtv̋:na
training_data/processed/conrad_wavs/cno_Fools.wav,nǔ:nádanhtv̋:na
training_data/processed/conrad_wavs/cno_Forced.wav,ù:wa:sadô:hyv̌
training_data/processed/conrad_wavs/cno_Forgot.wav,ù:wa:kewsv̌
training_data/processed/conrad_wavs/cno_Nail.wav,yv:gi
training_data/processed/conrad_wavs/cno_Forty.wav,nv:ksgo:hi
training_data/processed/conrad_wavs/cno_Four.wav,nvhgi
training_data/processed/conrad_wavs/cno_Four_in_hand.wav,a:hyadlv̋:di
training_data/processed/conrad_wavs/cno_Fourth.wav,Nvhgi:ne̋
training_data/processed/conrad_wavs/cno_Lean.wav,u:le:ső:dv
training_data/processed/conrad_wavs/cno_Frame.wav,galv́:dohdi
training_data/processed/conrad_wavs/cno_Frames.wav,digalv́:dohdi
training_data/processed/conrad_wavs/cno_Frequent.wav,iyú:da̋:li
training_data/processed/conrad_wavs/cno_Fresh.wav,ije̋:ɂi
training_data/processed/conrad_wavs/cno_Toad.wav,waló:si
training_data/processed/conrad_wavs/cno_Frown.wav,ù:dané:go:yú
training_data/processed/conrad_wavs/cno_Ice.wav,u:ně:sdála
training_data/processed/conrad_wavs/cno_Measure.wav,ahli:lő:sdi
training_data/processed/conrad_wavs/cno_Gain.wav,u:hnehgwoɂísdi
training_data/processed/conrad_wavs/cno_Room.wav,kanv́:su:lv̋
training_data/processed/conrad_wavs/cno_Yards.wav,iyú:hli:lő:dv
training_data/processed/conrad_wavs/cno_Garbage.wav,uyo
training_data/processed/conrad_wavs/cno_Gave.wav,u:da:hnelv̌
training_data/processed/conrad_wavs/cno_Tame.wav,u:da̋nhti
training_data/processed/conrad_wavs/cno_Girl.wav,age:hyű:ja
training_data/processed/conrad_wavs/cno_Welcome.wav,u:li:he:lísdi
training_data/processed/conrad_wavs/cno_Glass.wav,ada:kéhdi
training_data/processed/conrad_wavs/cno_Glasses.wav,di:da:kéhdi
training_data/processed/conrad_wavs/cno_Sullen.wav,ù:hi:sóhdi
training_data/processed/conrad_wavs/cno_Glove.wav,aliyè:su:lo
training_data/processed/conrad_wavs/cno_Goat.wav,u:ksò:ja:ne̋:dv
training_data/processed/conrad_wavs/cno_Lord.wav,une:hlanv:hi
training_data/processed/conrad_wavs/cno_Goes.wav,é:gó:ɂi
training_data/processed/conrad_wavs/cno_Sailed.wav,ù:hnigî:sv̌
training_data/processed/conrad_wavs/cno_Swan.wav,sa:sa
training_data/processed/conrad_wavs/cno_Grandfather.wav,u:dù:du
training_data/processed/conrad_wavs/cno_Grandmother.wav,u:lí:si
training_data/processed/conrad_wavs/cno_Grape.wav,telv́la:di
training_data/processed/conrad_wavs/cno_Grave.wav,gani:sahv:ɂi
training_data/processed/conrad_wavs/cno_Green.wav,ijéɂiyű:sdi
training_data/processed/conrad_wavs/cno_Grown.wav,ù:tvsv̌
training_data/processed/conrad_wavs/cno_Grinder.wav,asdò:sgi̋
training_data/processed/conrad_wavs/cno_Grits.wav,ně:gwadv
training_data/processed/conrad_wavs/cno_Soil.wav,ga:dő:hi
training_data/processed/conrad_wavs/cno_Groundhog.wav,o:ganv
training_data/processed/conrad_wavs/cno_Grows.wav,à:tvsga
training_data/processed/conrad_wavs/cno_Guard.wav,à:ktǐ:ya
training_data/processed/conrad_wavs/cno_Guitar.wav,dikano:gi̋:sdi
training_data/processed/conrad_wavs/cno_Gun.wav,galò:gwe
training_data/processed/conrad_wavs/cno_Guns.wav,digalò:gwe
training_data/processed/conrad_wavs/cno_Had.wav,à:hye:hv̌
training_data/processed/conrad_wavs/cno_Hand.wav,uwò:ye̋:ni
training_data/processed/conrad_wavs/cno_Handy.wav,ahi̋:dv
training_data/processed/conrad_wavs/cno_Hang.wav,gadv:di
training_data/processed/conrad_wavs/cno_Iron.wav,talu:gì:sgi
training_data/processed/conrad_wavs/cno_Have.wav,ǔ:ha
training_data/processed/conrad_wavs/cno_Quick.wav,u:hlisda
training_data/processed/conrad_wavs/cno_Having.wav,ù:hv̌:ɂi
training_data/processed/conrad_wavs/cno_Hawk.wav,tawǒ:di
training_data/processed/conrad_wavs/cno_Head.wav,askő:li
training_data/processed/conrad_wavs/cno_Hear.wav,à:tv:gí
training_data/processed/conrad_wavs/cno_Spirit.wav,adanhdo
training_data/processed/conrad_wavs/cno_Heathen.wav,ané:hyahtahi
training_data/processed/conrad_wavs/cno_Heavy.wav,ga:ge̋:dv
training_data/processed/conrad_wavs/cno_Heel.wav,gà:di:ge̋:ni
training_data/processed/conrad_wavs/cno_Hell.wav,jv:sgi:no
training_data/processed/conrad_wavs/cno_Helping.wav,àlsde:líha
training_data/processed/conrad_wavs/cno_Here.wav,áhani
training_data/processed/conrad_wavs/cno_Hickory.wav,wané:ɂi
training_data/processed/conrad_wavs/cno_Upland.wav,gadű:si
training_data/processed/conrad_wavs/cno_Hip.wav,a:kasge̋:ni
training_data/processed/conrad_wavs/cno_His.wav,u:je:li
training_data/processed/conrad_wavs/cno_Hoe.wav,galo:gò:di
training_data/processed/conrad_wavs/cno_Hog.wav,sihgwa
training_data/processed/conrad_wavs/cno_Hole.wav,à:tale:sv̋
training_data/processed/conrad_wavs/cno_Hollow.wav,u:sv:dő:ni
training_data/processed/conrad_wavs/cno_Hominy.wav,ganohe:na
training_data/processed/conrad_wavs/cno_Truth.wav,dù:yu:kdv̋
training_data/processed/conrad_wavs/cno_Hoof.wav,u:là:sihde̋:ni
training_data/processed/conrad_wavs/cno_Hook.wav,súhdi
training_data/processed/conrad_wavs/cno_Round.wav,gǎ:ságwalv̋
training_data/processed/conrad_wavs/cno_Horn.wav,u:hyǒ:na
training_data/processed/conrad_wavs/cno_Horse.wav,sǒ:gwíli
training_data/processed/conrad_wavs/cno_Hot.wav,udile:gi
training_data/processed/conrad_wavs/cno_Hotel.wav,ju:ni:sv:sdi̋
training_data/processed/conrad_wavs/cno_Huckleberry.wav,kuwa:ya
training_data/processed/conrad_wavs/cno_People.wav,yv:wi
training_data/processed/conrad_wavs/cno_Hunch.wav,ù:wo:tisv̌
training_data/processed/conrad_wavs/cno_Hungry.wav,ù:yó:si
training_data/processed/conrad_wavs/cno_Hunter.wav,gano:hali:dő:hi
training_data/processed/conrad_wavs/cno_Rascal.wav,u:dlǒ:nà:sdi
training_data/processed/conrad_wavs/cno_Me.wav,ayv
training_data/processed/conrad_wavs/cno_Scheme.wav,adǎnhtehdi
training_data/processed/conrad_wavs/cno_Increases.wav,kanehgwó:ɂa
training_data/processed/conrad_wavs/cno_Indian.wav,ayv:wiya
training_data/processed/conrad_wavs/cno_Interest.wav,ù:hnehgwó:jv̌
training_data/processed/conrad_wavs/cno_Phone.wav,di:hlinohe:hdi
training_data/processed/conrad_wavs/cno_Prison.wav,di:da:sdù:di̋
training_data/processed/conrad_wavs/cno_Jaw.wav,ayuke:ni
training_data/processed/conrad_wavs/cno_Jesus.wav,Jǐ:sa
training_data/processed/conrad_wavs/cno_Job.wav,ju:lv̌:hwísdà:nehdi
training_data/processed/conrad_wavs/cno_Judge.wav,digu:kdi̋:sgi
training_data/processed/conrad_wavs/cno_Judges.wav,di:nu:kdi̋:sgi
training_data/processed/conrad_wavs/cno_Pool.wav,ganehv
training_data/processed/conrad_wavs/cno_July.wav,guyegwo:ni
training_data/processed/conrad_wavs/cno_Jumped.wav,dùhltadǐ:nv̂:sv̌
training_data/processed/conrad_wavs/cno_Jumper.wav,dihltade̋:gi
training_data/processed/conrad_wavs/cno_Junction.wav,ju:dlo:hisdi
training_data/processed/conrad_wavs/cno_June.wav,De:halǔ:yi
training_data/processed/conrad_wavs/cno_Junk.wav,uwe̋:ti
training_data/processed/conrad_wavs/cno_Jury.wav,anisu:li
training_data/processed/conrad_wavs/cno_Keeper.wav,ù:kse:sdi
training_data/processed/conrad_wavs/cno_Key.wav,sduɂí:sdi
training_data/processed/conrad_wavs/cno_Keys.wav,di:sduɂí:sdi
training_data/processed/conrad_wavs/cno_Various.wav,ju:dale:hnv̋:da
training_data/processed/conrad_wavs/cno_Kitchen.wav,adasda:hydi
training_data/processed/conrad_wavs/cno_Knife.wav,haye:lasdi
training_data/processed/conrad_wavs/cno_Knows.wav,à:ktaha
training_data/processed/conrad_wavs/cno_Worker.wav,ju:lv̌:hwísdà:ne̋:hi
training_data/processed/conrad_wavs/cno_Lace.wav,agate:na
training_data/processed/conrad_wavs/cno_Lap.wav,diganv̀:sge̋:ni
training_data/processed/conrad_wavs/cno_Lawn.wav,o:hni
training_data/processed/conrad_wavs/cno_Lawyer.wav,di:tiyǒ:hihi
training_data/processed/conrad_wavs/cno_Rack.wav,áhlohdi
training_data/processed/conrad_wavs/cno_Learned.wav,ù:de:hlohgwáɂv̌
training_data/processed/conrad_wavs/cno_Leather.wav,ganò:ji
training_data/processed/conrad_wavs/cno_Leaves.wav,ju:galǒ:ga
training_data/processed/conrad_wavs/cno_Sends.wav,à:danv̌:sga
training_data/processed/conrad_wavs/cno_Left.wav,aksgani
training_data/processed/conrad_wavs/cno_Leg.wav,ganv̀:sge̋:ni
training_data/processed/conrad_wavs/cno_Likes.wav,ù:lv̌:kwdi
training_data/processed/conrad_wavs/cno_Tiger.wav,hlv:daji
training_data/processed/conrad_wavs/cno_Liver.wav,uwe:la
training_data/processed/conrad_wavs/cno_Load.wav,akali:ɂi
training_data/processed/conrad_wavs/cno_Terrapin.wav,da:gsi
training_data/processed/conrad_wavs/cno_Locust.wav,v:le
training_data/processed/conrad_wavs/cno_Long.wav,ganv:hi̋:da
training_data/processed/conrad_wavs/cno_Look.wav,hakta
training_data/processed/conrad_wavs/cno_Looked.wav,ù:ktahnv̌
training_data/processed/conrad_wavs/cno_Looks.wav,à:ktiha
training_data/processed/conrad_wavs/cno_Loss.wav,ù:yo:hǔ:sé:lv̌
training_data/processed/conrad_wavs/cno_Louse.wav,tina
training_data/processed/conrad_wavs/cno_Lovely.wav,u:geyhdi
training_data/processed/conrad_wavs/cno_Loves.wav,ji:ge:yú:ɂa
training_data/processed/conrad_wavs/cno_Lumber.wav,ju:hyahtě:na
training_data/processed/conrad_wavs/cno_Luncheon.wav,alsdàyhdi̋:ɂi
training_data/processed/conrad_wavs/cno_Lung.wav,juwe:la
training_data/processed/conrad_wavs/cno_Sire.wav,asgaya
training_data/processed/conrad_wavs/cno_Managed.wav,u:da:hnte:hlv̌
training_data/processed/conrad_wavs/cno_Marble.wav,gada:yosdi
training_data/processed/conrad_wavs/cno_Sheriff.wav,di:da:nǐ:yi̋:sgi
training_data/processed/conrad_wavs/cno_Martin.wav,dlù:dlu
training_data/processed/conrad_wavs/cno_Maximum.wav,galv̌:ládige̋
training_data/processed/conrad_wavs/cno_Stream.wav,ù:wé:yv̋:ɂi
training_data/processed/conrad_wavs/cno_Meat.wav,hawi:ya
training_data/processed/conrad_wavs/cno_Meddle.wav,a:de:hyto:hdi
training_data/processed/conrad_wavs/cno_Medicine.wav,nv:wô:ti
training_data/processed/conrad_wavs/cno_Meetings.wav,dà:nadlo:sga
training_data/processed/conrad_wavs/cno_Odor.wav,gawsv̀:gi
training_data/processed/conrad_wavs/cno_Member.wav,geɂla
training_data/processed/conrad_wavs/cno_Men.wav,ani:sgaya
training_data/processed/conrad_wavs/cno_Store.wav,à:da:náɂnv̋
training_data/processed/conrad_wavs/cno_Merchant.wav,u:dǎ:naɂni
training_data/processed/conrad_wavs/cno_Meridian.wav,à:sdanv:hnv̋:ɂi
training_data/processed/conrad_wavs/cno_Met.wav,dù:nadlo:sv̌
training_data/processed/conrad_wavs/cno_Rat.wav,tsi:sde:tsi
training_data/processed/conrad_wavs/cno_Mills.wav,di:sdò:sgi̋
training_data/processed/conrad_wavs/cno_Priest.wav,ahljadő:hvsgi
training_data/processed/conrad_wavs/cno_Minute.wav,iyátahwò:stanv̋
training_data/processed/conrad_wavs/cno_Sight.wav,agǒwhtvhdi
training_data/processed/conrad_wavs/cno_Mire.wav,hlawò:tű:hi
training_data/processed/conrad_wavs/cno_Mitten.wav,di:liyè:su:lo
training_data/processed/conrad_wavs/cno_Money.wav,adě:la
training_data/processed/conrad_wavs/cno_Months.wav,i:yanv:da
training_data/processed/conrad_wavs/cno_Sick.wav,u:dlv̋:gi
training_data/processed/conrad_wavs/cno_Morning.wav,suná:le̋:ɂi
training_data/processed/conrad_wavs/cno_Mosquito.wav,do:sa
training_data/processed/conrad_wavs/cno_Mother.wav,uni:tsi
training_data/processed/conrad_wavs/cno_Mountain.wav,ò:dalv̋
training_data/processed/conrad_wavs/cno_Mountains.wav,dò:dalv̋
training_data/processed/conrad_wavs/cno_Mouth.wav,ahő:li
training_data/processed/conrad_wavs/cno_Moving.wav,à:dáɂnv
training_data/processed/conrad_wavs/cno_Much.wav,ǔ:jati
training_data/processed/conrad_wavs/cno_Mulberry.wav,kuwa
training_data/processed/conrad_wavs/cno_Mushroom.wav,dawó:li
training_data/processed/conrad_wavs/cno_Shotgun.wav,u:sv:de̋:na
training_data/processed/conrad_wavs/cno_Name.wav,dù:dó:ɂv̌
training_data/processed/conrad_wavs/cno_Ugly.wav,uɂné:gihldi
training_data/processed/conrad_wavs/cno_New.wav,ije̋
training_data/processed/conrad_wavs/cno_Other.wav,sóɂi
training_data/processed/conrad_wavs/cno_Night.wav,sv:nǒ:yi
training_data/processed/conrad_wavs/cno_Quinine.wav,sóhně:la
training_data/processed/conrad_wavs/cno_Noodle.wav,digalv̀:nv:hi
training_data/processed/conrad_wavs/cno_Noticed.wav,ù:de:loho:sv̌
training_data/processed/conrad_wavs/cno_Noun.wav,dù:dó:ɂv̌:ɂi
training_data/processed/conrad_wavs/cno_November.wav,Nv:dadě:gwa
training_data/processed/conrad_wavs/cno_Number.wav,di:di:sésdi
training_data/processed/conrad_wavs/cno_Nut.wav,sohi
training_data/processed/conrad_wavs/cno_Oak.wav,tsu:sga
training_data/processed/conrad_wavs/cno_Objects.wav,dà:ktǐ:lê:ga
training_data/processed/conrad_wavs/cno_Seldom.wav,iyú:da:li:ha̋
training_data/processed/conrad_wavs/cno_Oily.wav,goɂi:ha̋
training_data/processed/conrad_wavs/cno_Thousand.wav,agayv̋:li
training_data/processed/conrad_wavs/cno_One.wav,sà:gwű
training_data/processed/conrad_wavs/cno_One's.wav,ani:siyv:wi
training_data/processed/conrad_wavs/cno_Opposed.wav,dù:ktǐ:lv̂:sv̌
training_data/processed/conrad_wavs/cno_Osage.wav,ani:kwa:sa:si
training_data/processed/conrad_wavs/cno_Otter.wav,tsiyɂa
training_data/processed/conrad_wavs/cno_Ourselves.wav,o:gv̌:sa
training_data/processed/conrad_wavs/cno_Outlaw.wav,u:ne:gú:jida
training_data/processed/conrad_wavs/cno_Overflow.wav,ù:no:hǔ:gâ:nv̌
training_data/processed/conrad_wavs/cno_Overnight.wav,su:sv̌:hida
training_data/processed/conrad_wavs/cno_Owl.wav,u:gù:ku
training_data/processed/conrad_wavs/cno_Oyster.wav,dagv̌:na
training_data/processed/conrad_wavs/cno_Painful.wav,ehisdi
training_data/processed/conrad_wavs/cno_Parrot.wav,tsi:sgwa:gawoɂnisgi
training_data/processed/conrad_wavs/cno_Some.wav,ǐ:gá:dv
training_data/processed/conrad_wavs/cno_Parted.wav,dù:nagale:nv:hv̌
training_data/processed/conrad_wavs/cno_Tag.wav,ga:yalv:di
training_data/processed/conrad_wavs/cno_Patrol.wav,ù:ksesdv̌:ɂi
training_data/processed/conrad_wavs/cno_Tests.wav,digadv́:di
training_data/processed/conrad_wavs/cno_Penalty.wav,u:da:sdv̌:dî:sdi
training_data/processed/conrad_wavs/cno_Personal.wav,asiyv̋:wi
training_data/processed/conrad_wavs/cno_Pictures.wav,di:da:hli:lò:stanv̋
training_data/processed/conrad_wavs/cno_Scrap.wav,agv:halv̋:da
training_data/processed/conrad_wavs/cno_Pill.wav,dǐ:kisdi
training_data/processed/conrad_wavs/cno_Pine.wav,nohji
training_data/processed/conrad_wavs/cno_Plate.wav,ate:lǐ:do
training_data/processed/conrad_wavs/cno_Plow.wav,ga:dalú:gò:di
training_data/processed/conrad_wavs/cno_Plum.wav,kwanúnsdi
training_data/processed/conrad_wavs/cno_Pocket.wav,a:dlawáɂdv̋
training_data/processed/conrad_wavs/cno_Pockets.wav,dà:dlǎ:wáɂdv̋
training_data/processed/conrad_wavs/cno_Point.wav,gǒ:sdà:yi
training_data/processed/conrad_wavs/cno_Poison.wav,adǎ:hihi
training_data/processed/conrad_wavs/cno_Popcorn.wav,anhtasgì:sgi
training_data/processed/conrad_wavs/cno_Posse.wav,di:nada:nǐ:yi̋:sgi
training_data/processed/conrad_wavs/cno_Postman.wav,go:hwe:lidi:ga:hnido:hi
training_data/processed/conrad_wavs/cno_Powder.wav,di:di:dawě:lagì:sgi
training_data/processed/conrad_wavs/cno_Presents.wav,a:da:hne:ha
training_data/processed/conrad_wavs/cno_Presidents.wav,u:ni:gv:wiyu:hi
training_data/processed/conrad_wavs/cno_Procession.wav,ahiɂlv̀:sdi̋
training_data/processed/conrad_wavs/cno_Produces.wav,à:tvhisdí
training_data/processed/conrad_wavs/cno_Pulled.wav,ùnsané:sv̌
training_data/processed/conrad_wavs/cno_Scholar.wav,di:delo:gwa:sgi
training_data/processed/conrad_wavs/cno_Quail.wav,gu:hgwe
training_data/processed/conrad_wavs/cno_Quarrel.wav,atiyǒ:sdi
training_data/processed/conrad_wavs/cno_Quit.wav,hlè:sdi
training_data/processed/conrad_wavs/cno_Rabbit.wav,ji:sdu
training_data/processed/conrad_wavs/cno_Radish.wav,ga:ladi:sgi
training_data/processed/conrad_wavs/cno_Rainbow.wav,u:hnvgola:dv
training_data/processed/conrad_wavs/cno_Rained.wav,ù:ga:hnanv́
training_data/processed/conrad_wavs/cno_Raining.wav,à:ga:sga
training_data/processed/conrad_wavs/cno_Shower.wav,a:gasgi
training_data/processed/conrad_wavs/cno_Rattlesnake.wav,u:tso:nadi
training_data/processed/conrad_wavs/cno_Razor.wav,a:lsdo:hydo:hdi
training_data/processed/conrad_wavs/cno_Writer.wav,di:digo:hwe:li:sgi
training_data/processed/conrad_wavs/cno_Red.wav,gǐ:gáge
training_data/processed/conrad_wavs/cno_Refused.wav,ù:dahyilv̌
training_data/processed/conrad_wavs/cno_Republicans.wav,U:ni:hyv̋:dla
training_data/processed/conrad_wavs/cno_Resident.wav,ganě:la
training_data/processed/conrad_wavs/cno_Restaurant.wav,jù:nàlsdàyhdi̋
training_data/processed/conrad_wavs/cno_Retreat.wav,a:sínhvsdi
training_data/processed/conrad_wavs/cno_Returns.wav,ǐ:gáɂluhga
training_data/processed/conrad_wavs/cno_Revenge.wav,adlè:ɂísdi
training_data/processed/conrad_wavs/cno_Revolution.wav,à:dé:yohv̋
training_data/processed/conrad_wavs/cno_Rib.wav,di:diganu:laji
training_data/processed/conrad_wavs/cno_Ribbon.wav,agwe:hlu:sdi
training_data/processed/conrad_wavs/cno_Ride.wav,à:kilv̂:di
training_data/processed/conrad_wavs/cno_Rides.wav,akiɂlvɂv:sga
training_data/processed/conrad_wavs/cno_Rise.wav,ulsaladò:di
training_data/processed/conrad_wavs/cno_River.wav,ù:wé:yv̋
training_data/processed/conrad_wavs/cno_Road.wav,nv:nǒ:hi
training_data/processed/conrad_wavs/cno_Roads.wav,dě:gánv:hnv̋
training_data/processed/conrad_wavs/cno_Stone.wav,nv̀:ya
training_data/processed/conrad_wavs/cno_Rope.wav,sde:yídv
training_data/processed/conrad_wavs/cno_Tar.wav,a:dla
training_data/processed/conrad_wavs/cno_Rot.wav,ù:go:sv̌
training_data/processed/conrad_wavs/cno_Rotten.wav,u:gǒ:sidv
training_data/processed/conrad_wavs/cno_Rushed.wav,u:wa:nv:ɂtsv̌
training_data/processed/conrad_wavs/cno_Rushing.wav,ù:wa:nv́:gv̌
training_data/processed/conrad_wavs/cno_Sunday.wav,Ù:nadǒ:dágwà:sgv̋
training_data/processed/conrad_wavs/cno_Saddle.wav,ga:hyahu:lo
training_data/processed/conrad_wavs/cno_Sag.wav,ù:nǒ:yv̂:jv̌
training_data/processed/conrad_wavs/cno_Walk.wav,á:ɂi:sv̌
training_data/processed/conrad_wavs/cno_Walking.wav,á:ɂi:sv̌:ɂi
training_data/processed/conrad_wavs/cno_Salesman.wav,ganhtani:dő:hi
training_data/processed/conrad_wavs/cno_Salmon.wav,se:mo:ni
training_data/processed/conrad_wavs/cno_Sandy.wav,no:yaha
training_data/processed/conrad_wavs/cno_Sang.wav,dù:hno:gí:sv̌
training_data/processed/conrad_wavs/cno_Saturday.wav,Ù(nā)dǒ:dágwi:de̋:na
training_data/processed/conrad_wavs/cno_Sawdust.wav,ù:sgó:gv̌
training_data/processed/conrad_wavs/cno_Says.wav,à:diha
training_data/processed/conrad_wavs/cno_Scar.wav,une:lv:sv
training_data/processed/conrad_wavs/cno_Score.wav,u:sgwadì:sdi
training_data/processed/conrad_wavs/cno_Stool.wav,gadí
training_data/processed/conrad_wavs/cno_Second.wav,Taɂli:ne̋
training_data/processed/conrad_wavs/cno_Secretary.wav,digo:hwe:li:sgi
training_data/processed/conrad_wavs/cno_Seeking.wav,ù:go:hv̌:ɂi
training_data/processed/conrad_wavs/cno_Sees.wav,à:gowhtí
training_data/processed/conrad_wavs/cno_Seine.wav,aga:yalú:di
training_data/processed/conrad_wavs/cno_Worries.wav,u:danhtehdi
training_data/processed/conrad_wavs/cno_September.wav,Du:lì:sdi
training_data/processed/conrad_wavs/cno_Seven.wav,gahlgwǒ:gi
training_data/processed/conrad_wavs/cno_Seventeen.wav,ga:hlgwadu
training_data/processed/conrad_wavs/cno_Seventh.wav,gahlgwo:gi:ne̋
training_data/processed/conrad_wavs/cno_Seventy.wav,ga:hlkwa:sgo:hi
training_data/processed/conrad_wavs/cno_Shade.wav,ù:dǎ:wádî:sgv̋
training_data/processed/conrad_wavs/cno_Shades.wav,dù:dǎ:wádî:sgv̋
training_data/processed/conrad_wavs/cno_Shadow.wav,ù:dayv:latv̌
training_data/processed/conrad_wavs/cno_Shell.wav,u:hya:sga
training_data/processed/conrad_wavs/cno_Shingle.wav,svdalu:gi
training_data/processed/conrad_wavs/cno_Shoe.wav,alà:sǔ:lo
training_data/processed/conrad_wavs/cno_Shoes.wav,di:là:sǔ:lo
training_data/processed/conrad_wavs/cno_Shoulder.wav,ganv:wő:ɂi
training_data/processed/conrad_wavs/cno_Spade.wav,di:di:kǒ:de̋:sdi
training_data/processed/conrad_wavs/cno_Sides.wav,di:sgwage̋:ni
training_data/processed/conrad_wavs/cno_Sin.wav,asgahni
training_data/processed/conrad_wavs/cno_Song.wav,kano:gi:sdi
training_data/processed/conrad_wavs/cno_Sit.wav,u:wo:hla
training_data/processed/conrad_wavs/cno_Sitting.wav,à:níɂnv̌:ɂi
training_data/processed/conrad_wavs/cno_Six.wav,sǔ:dáli
training_data/processed/conrad_wavs/cno_Sixth.wav,su:dali:ne̋
training_data/processed/conrad_wavs/cno_Sixty.wav,su:da:hlsgo:hi
training_data/processed/conrad_wavs/cno_Size.wav,nikv̋:ɂi
training_data/processed/conrad_wavs/cno_Slack.wav,wa:na
training_data/processed/conrad_wavs/cno_Sled.wav,dida:nsine:gi
training_data/processed/conrad_wavs/cno_Wing.wav,go:hyadv
training_data/processed/conrad_wavs/cno_Slim.wav,galv:do:hli
training_data/processed/conrad_wavs/cno_Snag.wav,u:dlv:dalv̋:da
training_data/processed/conrad_wavs/cno_Sneeze.wav,dù:hyv̌:sdô:hyv̌
training_data/processed/conrad_wavs/cno_Snow.wav,u:na:tsi
training_data/processed/conrad_wavs/cno_Snowed.wav,ù:wu:tahnv̌
training_data/processed/conrad_wavs/cno_Soap.wav,o:hla
training_data/processed/conrad_wavs/cno_Sock.wav,a:lǐ:yo
training_data/processed/conrad_wavs/cno_Socks.wav,di:lǐ:yo
training_data/processed/conrad_wavs/cno_Soft.wav,waníge̋:ɂi
training_data/processed/conrad_wavs/cno_Somebody.wav,kilo:ɂi
training_data/processed/conrad_wavs/cno_Something.wav,go:hű:sdi
training_data/processed/conrad_wavs/cno_Soup.wav,ǔ:gáma
training_data/processed/conrad_wavs/cno_Space.wav,ù:dlanv:dv̌
training_data/processed/conrad_wavs/cno_Spaniard.wav,Asgwa̋:ni
training_data/processed/conrad_wavs/cno_Spear.wav,diga:tísdi
training_data/processed/conrad_wavs/cno_Spirits.wav,di:danhdo
training_data/processed/conrad_wavs/cno_Spoke.wav,ù:hné:jv̌
training_data/processed/conrad_wavs/cno_Spoon.wav,adi:tóhdi
training_data/processed/conrad_wavs/cno_Squirrel.wav,salǒ:li
training_data/processed/conrad_wavs/cno_Stab.wav,di:diga:tísdi
training_data/processed/conrad_wavs/cno_Standing.wav,à:ni:dô:naɂv̌
training_data/processed/conrad_wavs/cno_Star.wav,nokwsi
training_data/processed/conrad_wavs/cno_Starts.wav,à:hnigî:sdi
training_data/processed/conrad_wavs/cno_Started.wav,ù:hnigî:stanv̌
training_data/processed/conrad_wavs/cno_States.wav,kano:héha
training_data/processed/conrad_wavs/cno_Sting.wav,ada:jv̋ysgi
training_data/processed/conrad_wavs/cno_Stole.wav,ù:no:sgí:sv̌
training_data/processed/conrad_wavs/cno_Stopped.wav,ù:le:hwistanv́
training_data/processed/conrad_wavs/cno_Stores.wav,dà:da:náɂnv̋
training_data/processed/conrad_wavs/cno_Stout.wav,u:hlini:gi:dv
training_data/processed/conrad_wavs/cno_Stove.wav,aga:nawo:hisdi̋:ɂ
training_data/processed/conrad_wavs/cno_Straight.wav,ga:chinő:sdv
training_data/processed/conrad_wavs/cno_Strange.wav,ase̋:gi
training_data/processed/conrad_wavs/cno_Strawberry.wav,áɂni
training_data/processed/conrad_wavs/cno_Streets.wav,de:gálanv:dv̋
training_data/processed/conrad_wavs/cno_Waive.wav,dù:yósv̌
training_data/processed/conrad_wavs/cno_Sugar.wav,kalsě:ji
training_data/processed/conrad_wavs/cno_Summer.wav,go:ge̋:yi
training_data/processed/conrad_wavs/cno_West.wav,wu:de:ligv
training_data/processed/conrad_wavs/cno_Supported.wav,ùlsde:lv:hv̌
training_data/processed/conrad_wavs/cno_Surrender.wav,ju:da:yóhísdi
training_data/processed/conrad_wavs/cno_Swim.wav,adawò:sdi̋
training_data/processed/conrad_wavs/cno_Tail.wav,ganí:daɂdv̋
training_data/processed/conrad_wavs/cno_Talks.wav,gawó:ni:sgó
training_data/processed/conrad_wavs/cno_Tardy.wav,u:go:hnǐ:yósdi
training_data/processed/conrad_wavs/cno_Teaches.wav,dà:de:yǒ:hv́sga
training_data/processed/conrad_wavs/cno_Teat.wav,ganv:di̋
training_data/processed/conrad_wavs/cno_Teeth.wav,de:gánhdóhgv̋
training_data/processed/conrad_wavs/cno_Tell.wav,du:hlinohe:hlv̌
training_data/processed/conrad_wavs/cno_Ten.wav,sgǒ:hi
training_data/processed/conrad_wavs/cno_Tenth.wav,sgo:hi:ne̋
training_data/processed/conrad_wavs/cno_Thick.wav,uhage:dv
training_data/processed/conrad_wavs/cno_Thicket.wav,salu:yi
training_data/processed/conrad_wavs/cno_Thin.wav,di:di:ságe̋:ɂi
training_data/processed/conrad_wavs/cno_Thing.wav,iyű:sdi
training_data/processed/conrad_wavs/cno_Third.wav,Joɂi:ne̋
training_data/processed/conrad_wavs/cno_Thirteen.wav,tsogadu
training_data/processed/conrad_wavs/cno_Thorn.wav,ju:jayő:sdi
training_data/processed/conrad_wavs/cno_Thorough.wav,kali̋:ɂi
training_data/processed/conrad_wavs/cno_Three.wav,joɂi
training_data/processed/conrad_wavs/cno_Thrill.wav,ù:li:hě:lî:jv̌
training_data/processed/conrad_wavs/cno_Thrilling.wav,à:li:hě:lî:gó:ɂi
training_data/processed/conrad_wavs/cno_Throat.wav,ahyvhje̋:ni
training_data/processed/conrad_wavs/cno_Thug.wav,di:dá:hihi
training_data/processed/conrad_wavs/cno_Woods.wav,ato:hí
training_data/processed/conrad_wavs/cno_Toe.wav,kanâ:saɂdv̋
training_data/processed/conrad_wavs/cno_We.wav,ǐ:jú:la
training_data/processed/conrad_wavs/cno_Tooth.wav,ganhdóhgv̋
training_data/processed/conrad_wavs/cno_Touches.wav,à:sv:hníɂha
training_data/processed/conrad_wavs/cno_Town.wav,ga:dú:hv̋
training_data/processed/conrad_wavs/cno_Traced.wav,ù:sdâ:wadv́:sv̌
training_data/processed/conrad_wavs/cno_Track.wav,ganv:hnv̋:ɂi
training_data/processed/conrad_wavs/cno_Transpire.wav,u:de:liɂi:sdi
training_data/processed/conrad_wavs/cno_Trap.wav,sadv́:di
training_data/processed/conrad_wavs/cno_Tree.wav,hlgv̋
training_data/processed/conrad_wavs/cno_Trees.wav,děhlgv̋
training_data/processed/conrad_wavs/cno_Tumult.wav,ju:nadale:hnv̋:da
training_data/processed/conrad_wavs/cno_Turned.wav,ù:ktahv́:sv̌
training_data/processed/conrad_wavs/cno_Turns.wav,à:ktahv́:ɂa
training_data/processed/conrad_wavs/cno_Two.wav,táɂli
training_data/processed/conrad_wavs/cno_Type.wav,digá:kohdi
training_data/processed/conrad_wavs/cno_Ulcer.wav,gawo:sgv
training_data/processed/conrad_wavs/cno_Wicked.wav,asgana̋
training_data/processed/conrad_wavs/cno_Uphill.wav,kanalu:sgv̋
training_data/processed/conrad_wavs/cno_Useful.wav,ulsge̋:da
training_data/processed/conrad_wavs/cno_Vacancies.wav,jǔ:sihwa
training_data/processed/conrad_wavs/cno_Vacancy.wav,ù:dlanv:dv̌:ɂi
training_data/processed/conrad_wavs/cno_Valley.wav,ù:kě:dá:li:yv̋
training_data/processed/conrad_wavs/cno_Varied.wav,dù:hli:ló:stanv̌
training_data/processed/conrad_wavs/cno_Wagon.wav,da:gwale:lu
training_data/processed/conrad_wavs/cno_Walks.wav,à:hnigíɂa
training_data/processed/conrad_wavs/cno_Walls.wav,dà:sǒ:hyv̋
training_data/processed/conrad_wavs/cno_Walnut.wav,sě:di
training_data/processed/conrad_wavs/cno_Wasp.wav,kanajì:sdě:ji
training_data/processed/conrad_wavs/cno_Waters.wav,amǎ:yi
training_data/processed/conrad_wavs/cno_Wealthy.wav,uwě:hnaɂi
training_data/processed/conrad_wavs/cno_Weave.wav,gv̋hdi
training_data/processed/conrad_wavs/cno_Weed.wav,ganǔ:lv
training_data/processed/conrad_wavs/cno_Week.wav,su:ndo:dagwasdi
training_data/processed/conrad_wavs/cno_Went.wav,ù:we:nv́:sv̌
training_data/processed/conrad_wavs/cno_Wept.wav,ù:dlo:hyílv̌
training_data/processed/conrad_wavs/cno_Wheat.wav,u:jale̋:sdi
training_data/processed/conrad_wavs/cno_Whet.wav,di:dikdlv́hdi
training_data/processed/conrad_wavs/cno_Whiskey.wav,hwi:sgi
training_data/processed/conrad_wavs/cno_Who.wav,gá:gō
training_data/processed/conrad_wavs/cno_Wife.wav,u:sdà:yv̌hv:sgi
training_data/processed/conrad_wavs/cno_Willing.wav,ù:dv:nv́:ɂi:sdi
training_data/processed/conrad_wavs/cno_Witness.wav,áktahi
training_data/processed/conrad_wavs/cno_Wolf.wav,wahya
training_data/processed/conrad_wavs/cno_Wolves.wav,ani:hwaya
training_data/processed/conrad_wavs/cno_Women.wav,ani:gě:hya
training_data/processed/conrad_wavs/cno_Wrestle.wav,a:hne:sdi
training_data/processed/conrad_wavs/cno_Wrote.wav,ù:wo:hwě:lâ:nv̌
training_data/processed/conrad_wavs/cno_Year.wav,su:de:tiyv̋:da
training_data/processed/conrad_wavs/cno_Yellow.wav,dalo:nige
training_data/processed/conrad_wavs/cno_Yellow_hammer.wav,une:ga:da
training_data/processed/conrad_wavs/cno_Yes.wav,v:v
training_data/processed/conrad_wavs/cno_Yesterday.wav,sv:hi
training_data/processed/conrad_wavs/cno_Your.wav,nihi
training_data/processed/conrad_wavs/cno_Yourself.wav,jv̌:sa
training_data/processed/conrad_wavs/cno_Yourselves.wav,ì:jv̌:sa
training_data/processed/conrad_wavs/walc-1_0002-Chapter_1_1.1_1.1.2-000000355.wav,Jiɂő:li
training_data/processed/conrad_wavs/walc-1_0004-Chapter_1_1.1_1.1.4-000000475.wav,Ahő:li
training_data/processed/conrad_wavs/walc-1_0005-Chapter_1_1.1_1.2.1-000000000.wav,O:síyo
training_data/processed/conrad_wavs/walc-1_0006-Chapter_1_1.1_1.2.1-000001695.wav,Síyo
training_data/processed/conrad_wavs/walc-1_0008-Chapter_1_1.1_Set_A_01_I_am_reading-000000315.wav,Jigo:lǐ:yéɂa
training_data/processed/conrad_wavs/walc-1_0009-Chapter_1_1.1_Set_A_02_You_are_reading-000000405.wav,Higo:lǐ:yéɂa
training_data/processed/conrad_wavs/walc-1_0010-Chapter_1_1.1_Set_A_03_He-She_is_reading-000000000.wav,A:go:lǐ:yéɂa
training_data/processed/conrad_wavs/walc-1_0011-Chapter_1_1.1_Set_A_04_They_are_reading-000000375.wav,À:nigo:lǐ:yéɂa
training_data/processed/conrad_wavs/walc-1_0013-Chapter_1_1.1_Set_A_06_He-She_and_I_are_reading-000000235.wav,Ò:sdigo:lǐ:yéɂa
training_data/processed/conrad_wavs/walc-1_0014-Chapter_1_1.1_Set_A_07_You_two_are_reading-000000765.wav,Sdigo:lǐ:yéɂa
training_data/processed/conrad_wavs/walc-1_0015-Chapter_1_1.1_Set_A_08_All_of_us_are_reading-000000545.wav,Ì:digo:lǐ:yéɂa
training_data/processed/conrad_wavs/walc-1_0016-Chapter_1_1.1_Set_A_09_They_and_I_are_reading-000000415.wav,Ò:jigo:lǐ:yéɂa
training_data/processed/conrad_wavs/walc-1_0018-Chapter_1_1.1_Set_A_11_I_am_diving-000000000.wav,Gade:tv́sga
training_data/processed/conrad_wavs/walc-1_0019-Chapter_1_1.1_Set_A_12_You_are_diving-000000715.wav,Hade:tv́sga
training_data/processed/conrad_wavs/walc-1_0020-Chapter_1_1.1_Set_A_13_He-She_is_diving-000000515.wav,Ade:tv́sga
training_data/processed/conrad_wavs/walc-1_0021-Chapter_1_1.1_Set_A_14_They_are_diving-000000515.wav,À:nade:tv́sga
training_data/processed/conrad_wavs/walc-1_0022-Chapter_1_1.1_Set_A_15_You_and_I_are_diving-000000000.wav,Ì:nade:tv́sga
training_data/processed/conrad_wavs/walc-1_0023-Chapter_1_1.1_Set_A_16_He-She_and_I_are_diving-000000000.wav,Ò:sdade:tv́sga
training_data/processed/conrad_wavs/walc-1_0025-Chapter_1_1.1_Set_A_18_All_of_us_are_diving-000000165.wav,Ì:dade:tv́sga
training_data/processed/conrad_wavs/walc-1_0026-Chapter_1_1.1_Set_A_19_They_and_I_are_diving-000000205.wav,Ò:jade:tv́sga
training_data/processed/conrad_wavs/walc-1_0027-Chapter_1_1.1_Set_A_20_You_all_are_diving-000000245.wav,Ì:jade:tv́sga
training_data/processed/conrad_wavs/walc-1_0028-Chapter_1_1.1_Set_A_21_I_understand-000000000.wav,Go:lì:ga
training_data/processed/conrad_wavs/walc-1_0029-Chapter_1_1.1_Set_A_22_He-she_understands-000000455.wav,Gohlga
training_data/processed/conrad_wavs/walc-1_0031-Chapter_1_1.2_1.2.2-000000000.wav,Agiji
training_data/processed/conrad_wavs/walc-1_0032-Chapter_1_1.2_1.2.3-000000465.wav,Jaji
training_data/processed/conrad_wavs/walc-1_0033-Chapter_1_1.2_1.2.4-000000275.wav,U:ji
training_data/processed/conrad_wavs/walc-1_0034-Chapter_1_1.2_1.2.5-000000785.wav,Sv̌:kta dù:du:líha.
training_data/processed/conrad_wavs/walc-1_0035-Chapter_1_1.2_1.2.6-000000000.wav,Digo:hwe:li de:jigo:lǐ:yéɂa.
training_data/processed/conrad_wavs/walc-1_0036-Chapter_1_1.2_Set_B_01_I_am_hungry-000000000.wav,À:giyó:siha
training_data/processed/conrad_wavs/walc-1_0037-Chapter_1_1.2_Set_B_02_You_are_hungry-000000475.wav,Jayó:siha
training_data/processed/conrad_wavs/walc-1_0038-Chapter_1_1.2_Set_B_03_He-she_is_hungry-000000415.wav,Ù:yó:siha
training_data/processed/conrad_wavs/walc-1_0039-Chapter_1_1.2_Set_B_04_They_are_hungry-000000185.wav,Dù:niyó:siha
training_data/processed/conrad_wavs/walc-1_0040-Chapter_1_1.2_Set_B_05_You_and_I_are_hungry-000000000.wav,De:gíniyó:siha
training_data/processed/conrad_wavs/walc-1_0041-Chapter_1_1.2_Set_B_06_He-she_and_I_are_hungry-000000645.wav,Dò:giniyó:siha
training_data/processed/conrad_wavs/walc-1_0042-Chapter_1_1.2_Set_B_07_You_two_are_hungry-000000495.wav,De:sdiyó:siha
training_data/processed/conrad_wavs/walc-1_0043-Chapter_1_1.2_Set_B_08_All_of_us_are_hungry-000000000.wav,Dè:giyó:siha
training_data/processed/conrad_wavs/walc-1_0044-Chapter_1_1.2_Set_B_09_They_and_I_are_hungry-000000475.wav,Dò:giyó:siha
training_data/processed/conrad_wavs/walc-1_0045-Chapter_1_1.2_Set_B_10_You_all_are_hungry-000000000.wav,Dé:jiyó:siha
training_data/processed/conrad_wavs/walc-1_0046-Chapter_1_1.2_Set_B_11_I_want-000000000.wav,à:gwadu:líha
training_data/processed/conrad_wavs/walc-1_0048-Chapter_1_1.2_Set_B_13_He-she_wants-000000455.wav,ù:du:líha
training_data/processed/conrad_wavs/walc-1_0049-Chapter_1_1.2_Set_B_14_They_want-000000385.wav,ù:nadu:líha
training_data/processed/conrad_wavs/walc-1_0050-Chapter_1_1.2_Set_B_15_You_and_I_want-000000675.wav,Ginadu:líha
training_data/processed/conrad_wavs/walc-1_0051-Chapter_1_1.2_Set_B_16_He-she_and_I_want-000000455.wav,Ò:ginadu:líha
training_data/processed/conrad_wavs/walc-1_0052-Chapter_1_1.2_Set_B_17_You_two_want-000000505.wav,Sdadu:líha
training_data/processed/conrad_wavs/walc-1_0054-Chapter_1_1.2_Set_B_19_They_and_I_want-000000675.wav,Ò:gadu:líha
training_data/processed/conrad_wavs/walc-1_0055-Chapter_1_1.2_Set_B_20_You_all_want-000000585.wav,Ì:jadu:líha
training_data/processed/conrad_wavs/walc-1_0056-Chapter_2_2.1_2.1.1-000000635.wav,Na asgay gawó:niha.
training_data/processed/conrad_wavs/walc-1_0057-Chapter_2_2.1_2.1.10-000000000.wav,Wù:lv̌:kwdv́:ɂi kano:gi̋:sdi káno:gí:ɂa.
training_data/processed/conrad_wavs/walc-1_0058-Chapter_2_2.1_2.1.2-000001355.wav,À:nalì:sdâ:yv:hv́sga.
training_data/processed/conrad_wavs/walc-1_0059-Chapter_2_2.1_2.1.3-000001195.wav,Uwodujvɂi dekáno:gí:ɂa.
training_data/processed/conrad_wavs/walc-1_0060-Chapter_2_2.1_2.1.4-000000345.wav,Go:lì:ga
training_data/processed/conrad_wavs/walc-1_0061-Chapter_2_2.1_2.1.5-000000225.wav,U:nv̌:di gadì:tásga.
training_data/processed/conrad_wavs/walc-1_0062-Chapter_2_2.1_2.1.6-000000865.wav,Na asgaya sda̋:y gawó:niha.
training_data/processed/conrad_wavs/walc-1_0065-Chapter_2_2.1_2.1.9-000000145.wav,Ì:dada:dǒ:lî:sdiha.
training_data/processed/conrad_wavs/walc-1_0066-Chapter_2_2.2_2.2.1-000000455.wav,À:hnigíɂa
training_data/processed/conrad_wavs/walc-1_0067-Chapter_2_2.2_2.2.1-000002355.wav,a:hnigi
training_data/processed/conrad_wavs/walc-1_0068-Chapter_2_2.2_2.2.2-000000715.wav,Galì:sdâ:yv:hv́sga. Galisdà:yv:hv̀:ga.
training_data/processed/conrad_wavs/walc-1_0070-Chapter_2_2.2_2.2.4-000000995.wav,À:gihyóha. Agiyhgā.
training_data/processed/conrad_wavs/walc-1_0071-Chapter_2_2.2_2.2.5-000000445.wav,Hadì:tásga
training_data/processed/conrad_wavs/walc-1_0072-Chapter_2_2.2_2.2.5-000002385.wav,Hadǐ:tā
training_data/processed/conrad_wavs/walc-1_0073-Chapter_2_2.3_2.3.1-000000575.wav,De:higí:ɂa tiga!
training_data/processed/conrad_wavs/walc-1_0074-Chapter_2_2.3_2.3.2-000000135.wav,De:hino:gí:ɂa tihnó:gī!
training_data/processed/conrad_wavs/walc-1_0075-Chapter_2_2.3_2.3.3-000000000.wav,Ő:sda nide:hv́:neha.
training_data/processed/conrad_wavs/walc-1_0076-Chapter_2_2.3_2.3.3-000002995.wav,Ő:sda nitv́:gā!
training_data/processed/conrad_wavs/walc-1_0077-Chapter_2_2.3_2.3.4-000000000.wav,De:sdigo:lǐ:ya. Disdigo:lǐ:yā!
training_data/processed/conrad_wavs/walc-1_0078-Chapter_2_2.3_2.3.5-000000000.wav,De:higa
training_data/processed/conrad_wavs/walc-1_0079-Chapter_2_2.3_2.3.5-000001915.wav,Tiga
training_data/processed/conrad_wavs/walc-1_0080-Chapter_2_2.3_2.3.6-000000000.wav,De:hatv:dâ:sdiha. Tatv:dà:sdā!
training_data/processed/conrad_wavs/walc-1_0081-Chapter_2_2.3_2.3.7-000000000.wav,De:sdino:gí.
training_data/processed/conrad_wavs/walc-1_0082-Chapter_2_2.3_2.3.7-000002095.wav,Disdihnó:gī!
training_data/processed/conrad_wavs/walc-1_0083-Chapter_2_2.3_2.3_Listen_Imperative-000000000.wav,Hatv:dà:sdā. Ì:jatv:dà:sdā. Sdatv:dà:sdā.
training_data/processed/conrad_wavs/walc-1_0084-Chapter_2_2.3_2.3_Listen_Present-000000000.wav,Hatv:dâ:sdiha. Ì:jatv:dâ:sdiha. Sdatv:dâ:sdiha.
training_data/processed/conrad_wavs/walc-1_0085-Chapter_2_2.3_2.3_Read_Imperative-000000000.wav,Tigo:lǐ:yā. Dijigo:lǐ:yā. Disdigo:lǐ:yā.
training_data/processed/conrad_wavs/walc-1_0086-Chapter_2_2.3_2.3_Read_Present-000000000.wav,De:higo:lǐ:yéɂa. Dé:jigo:lǐ:yéɂa. De:sdigo:lǐ:yéɂa.
training_data/processed/conrad_wavs/walc-1_0087-Chapter_2_2.3_2.3_Speak_Imperative-000000000.wav,Hiwò:nǐ:hī. Ì:jiwò:nǐ:hī. Sdiwò:nǐ:hī.
training_data/processed/conrad_wavs/walc-1_0088-Chapter_2_2.3_2.3_Speak_Present-000000000.wav,Hiwó:niha. Ì:jiwó:niha. Sdiwó:niha.
training_data/processed/conrad_wavs/walc-1_0089-Chapter_2_2.3_2.3_Write_Imperative-000000000.wav,Hohwelvgā. Ì:johwelvgā. Sdohwelvgā.
training_data/processed/conrad_wavs/walc-1_0090-Chapter_2_2.3_2.3_Write_Present-000000185.wav,Hohweliɂa. Ì:johweli. Sdohweliɂa.
training_data/processed/conrad_wavs/walc-1_0091-Chapter_2_2.4_2.4.1-000000000.wav,Gawó:niha
training_data/processed/conrad_wavs/walc-1_0092-Chapter_2_2.4_2.4.1-000001905.wav,Gawó:ni:sgó:ɂi
training_data/processed/conrad_wavs/walc-1_0093-Chapter_2_2.4_2.4.2-000000000.wav,Gadè:lohgwáɂa
training_data/processed/conrad_wavs/walc-1_0094-Chapter_2_2.4_2.4.2-000002455.wav,Gadehlo:hgwâ:sgó:ɂi
training_data/processed/conrad_wavs/walc-1_0095-Chapter_2_2.4_2.4.3-000000000.wav,À:nigo:lǐ:yéɂa
training_data/processed/conrad_wavs/walc-1_0096-Chapter_2_2.4_2.4.3-000002775.wav,À:nigo:lǐ:yê:sgó:ɂi
training_data/processed/conrad_wavs/walc-1_0097-Chapter_2_2.4_2.4.4-000000000.wav,Ì:jadu:líha
training_data/processed/conrad_wavs/walc-1_0098-Chapter_2_2.4_2.4.4-000002365.wav,Ì:jadu:lǐ:sgóɂi
training_data/processed/conrad_wavs/walc-1_0099-Chapter_2_2.4_2.4.5-000000000.wav,Ò:sdv:hnisdíha.
training_data/processed/conrad_wavs/walc-1_0100-Chapter_2_2.4_2.4.5-000002165.wav,Ò:sdv:hnisdǐ:sgóɂi.
training_data/processed/conrad_wavs/walc-1_0101-Chapter_2_2.5_2.5.1-000000000.wav,Gawó:ni:sgó:ɂi
training_data/processed/conrad_wavs/walc-1_0102-Chapter_2_2.5_2.5.1-000003445.wav,Gawó:ni:sgesdi
training_data/processed/conrad_wavs/walc-1_0103-Chapter_2_2.5_2.5.10-000000000.wav,"E:lí:si jitǎ:ga gv:jahlv́sgesdi, ale"
training_data/processed/conrad_wavs/walc-1_0104-Chapter_2_2.5_2.5.10-000005735.wav,e:ji dahyahkě:tsgesdi nǔ:na.
training_data/processed/conrad_wavs/walc-1_0105-Chapter_2_2.5_2.5.11-000000000.wav,Ju:nadale:hnv̋:da digawasvgi
training_data/processed/conrad_wavs/walc-1_0106-Chapter_2_2.5_2.5.11-000004145.wav,dasu:yv́:sgesdi e:lí:si.
training_data/processed/conrad_wavs/walc-1_0107-Chapter_2_2.5_2.5.12-000000000.wav,Ganvdadî:sgesdi yà:gwadvnedii à:gwada:sdàyhdi.
training_data/processed/conrad_wavs/walc-1_0108-Chapter_2_2.5_2.5.2-000000000.wav,Gadelo:hgwâ:sgó:ɂi
training_data/processed/conrad_wavs/walc-1_0109-Chapter_2_2.5_2.5.2-000002795.wav,Gadelo:hgwâ:sgesdi
training_data/processed/conrad_wavs/walc-1_0110-Chapter_2_2.5_2.5.3-000000000.wav,À:nigo:lǐ:yê:sgó:ɂi
training_data/processed/conrad_wavs/walc-1_0111-Chapter_2_2.5_2.5.3-000003065.wav,À:nigo:lǐ:yê:sgesdi
training_data/processed/conrad_wavs/walc-1_0112-Chapter_2_2.5_2.5.4-000000000.wav,Ì:janhtó:ɂi
training_data/processed/conrad_wavs/walc-1_0113-Chapter_2_2.5_2.5.4-000002245.wav,Ì:janhté:sdi
training_data/processed/conrad_wavs/walc-1_0114-Chapter_2_2.5_2.5.5-000000000.wav,Ò:sdv:hnisdǐ:sgó.
training_data/processed/conrad_wavs/walc-1_0115-Chapter_2_2.5_2.5.5-000002245.wav,Ò:sdv:hnisdǐ:sgesdi.
training_data/processed/conrad_wavs/walc-1_0116-Chapter_2_2.5_2.5.6-000000000.wav,"Kò:hi̋ sv:hiye̋:yi, ò:jada:sdâ:yv:hvsgesdi."
training_data/processed/conrad_wavs/walc-1_0117-Chapter_2_2.5_2.5.7-000000000.wav,"Igv̌:yiɂhno, sv̀:gi ale unvgu:hǐ:sdí:sgi dejigv:halǐ:sgesdi."
training_data/processed/conrad_wavs/walc-1_0118-Chapter_2_2.5_2.5.8-000000435.wav,Ő:sda
training_data/processed/conrad_wavs/walc-1_0119-Chapter_2_2.5_2.5.8-000002095.wav,nigvnehesdi sugeda.
training_data/processed/conrad_wavs/walc-1_0120-Chapter_2_2.5_2.5.9-000000000.wav,Ǔ:gáma ò:jadvnvɂisdisgesdi.
training_data/processed/conrad_wavs/walc-1_0121-Chapter_2_2.6_2.6.1-000000000.wav,Gawó:niha. Uwonisvɂi.
training_data/processed/conrad_wavs/walc-1_0122-Chapter_2_2.6_2.6.2-000000000.wav,Analì:sdâ:yv:hv́sga. Ù:nalsdayvhnvɂi.
training_data/processed/conrad_wavs/walc-1_0123-Chapter_2_2.6_2.6.3-000000000.wav,Sdigo:lǐ:yéɂa. Sdigoliyeɂvɂi.
training_data/processed/conrad_wavs/walc-1_0124-Chapter_2_2.6_2.6.4-000000000.wav,Go:lì:ga.
training_data/processed/conrad_wavs/walc-1_0125-Chapter_2_2.6_2.6.4-000001585.wav,Ù:wohljv̌:ɂi
training_data/processed/conrad_wavs/walc-1_0126-Chapter_2_2.6_2.6.5-000000175.wav,Hihno:héha. Jahno:hě:hlv́:ɂi.
training_data/processed/conrad_wavs/walc-1_0127-Chapter_2_2.6_2.6.6-000000000.wav,"Wahya Ù:yo:hlě:ɂi, À:dǐ:sgv̌ɂi."
training_data/processed/conrad_wavs/walc-1_0128-Chapter_2_2.6_2.6.7-000000135.wav,Gadō u:sdi
training_data/processed/conrad_wavs/walc-1_0129-Chapter_2_2.6_2.6.7-000002205.wav,jatv:gâ:ně:ɂi?
training_data/processed/conrad_wavs/walc-1_0130-Chapter_2_2.6_2.6.8-000000000.wav,"Ő:sda dú:nane:lǒ:hnv́,"
training_data/processed/conrad_wavs/walc-1_0131-Chapter_2_2.6_2.6.8-000003475.wav,jadǐ:sgv̌ɂi.
training_data/processed/conrad_wavs/walc-1_0132-Chapter_2_2.6_2.6.9-000000375.wav,Gagáɂnaktiju wijě:dô:lě̌:ɂi?
training_data/processed/conrad_wavs/walc-1_0133-Chapter_2_2.6_2.6_This_morning_I_ate_a_lot-000000000.wav,"Kò:hí Saná:le̋, Ǔ:gò:di à:gwalsdâ:yv:hnv̌:ɂi."
training_data/processed/conrad_wavs/walc-1_0134-Chapter_3_3.1_3.1.1-000000000.wav,Gadò hà:dǐ:sgó hiɂa?
training_data/processed/conrad_wavs/walc-1_0137-Chapter_3_3.1_3.1.3-000000255.wav,Sǐ:gwu jinihiwī.
training_data/processed/conrad_wavs/walc-1_0138-Chapter_3_3.1_3.1.4-000000000.wav,Gadò hada?
training_data/processed/conrad_wavs/walc-1_0139-Chapter_3_3.1_3.1.5-000000465.wav,Ga:janű:lige̋ hniwī.
training_data/processed/conrad_wavs/walc-1_0140-Chapter_3_3.1_3.1.6-000000265.wav,Gadò ù:yelv hiɂa?
training_data/processed/conrad_wavs/walc-1_0141-Chapter_3_3.1_3.1.7-000000345.wav,Gadō u:sdi?
training_data/processed/conrad_wavs/walc-1_0142-Chapter_3_3.1_3.1.8-000000495.wav,U:sganő:lige̋ hniwī.
training_data/processed/conrad_wavs/walc-1_0143-Chapter_3_3.1_3.1.9-000000000.wav,Dò:gi?
training_data/processed/conrad_wavs/walc-1_0144-Chapter_3_3.2_3.2.1-000000435.wav,O:síyo
training_data/processed/conrad_wavs/walc-1_0145-Chapter_3_3.2_3.2.1-000002365.wav,Síyo
training_data/processed/conrad_wavs/walc-1_0146-Chapter_3_3.2_3.2.10-000000000.wav,Ha:dlv disdé:gv̌ɂi?
training_data/processed/conrad_wavs/walc-1_0147-Chapter_3_3.2_3.2.11-000000000.wav,Digé:gv̌ɂi.
training_data/processed/conrad_wavs/walc-1_0148-Chapter_3_3.2_3.2.12-000000000.wav,Hila̋ ija:de:tiyv̋:da.
training_data/processed/conrad_wavs/walc-1_0149-Chapter_3_3.2_3.2.13-000000235.wav,Yagwa:de:tiyv̋:da.
training_data/processed/conrad_wavs/walc-1_0150-Chapter_3_3.2_3.2.14-000000000.wav,Ha:dlv hině:la?
training_data/processed/conrad_wavs/walc-1_0151-Chapter_3_3.2_3.2.15-000000000.wav,Jině:la.
training_data/processed/conrad_wavs/walc-1_0152-Chapter_3_3.2_3.2.16-000000000.wav,dò:nada:go:hv:ɂi.
training_data/processed/conrad_wavs/walc-1_0153-Chapter_3_3.2_3.2.17-000000000.wav,dò:dada:go:hv:ɂi
training_data/processed/conrad_wavs/walc-1_0154-Chapter_3_3.2_3.2.18-000000000.wav,Táɂli:ne̋ dò:nada:go:hv:ɂi.
training_data/processed/conrad_wavs/walc-1_0155-Chapter_3_3.2_3.2.19-000000000.wav,Howagwu.
training_data/processed/conrad_wavs/walc-1_0156-Chapter_3_3.2_3.2.2-000000000.wav,Tò:hi̋ju?
training_data/processed/conrad_wavs/walc-1_0157-Chapter_3_3.2_3.2.2-000002105.wav,O:síju? O:síju nijadvhnadé:ga?
training_data/processed/conrad_wavs/walc-1_0158-Chapter_3_3.2_3.2.20-000000195.wav,Howa
training_data/processed/conrad_wavs/walc-1_0159-Chapter_3_3.2_3.2.21-000000185.wav,Hawa
training_data/processed/conrad_wavs/walc-1_0160-Chapter_3_3.2_3.2.3-000000795.wav,Ő:sda nà:gwadvhnadé:ga.
training_data/processed/conrad_wavs/walc-1_0161-Chapter_3_3.2_3.2.4-000000225.wav,Gadò dejadó:ɂa?
training_data/processed/conrad_wavs/walc-1_0162-Chapter_3_3.2_3.2.5-000000575.wav,Dà:gwadó:ɂa.
training_data/processed/conrad_wavs/walc-1_0163-Chapter_3_3.2_3.2.6-000000000.wav,Ő:sda
training_data/processed/conrad_wavs/walc-1_0164-Chapter_3_3.2_3.2.7-000000000.wav,Osíwu
training_data/processed/conrad_wavs/walc-1_0165-Chapter_3_3.2_3.2.8-000000205.wav,Ha:dlv té:gv̌ɂi?
training_data/processed/conrad_wavs/walc-1_0167-Chapter_3_3.3_3.3.1-000000000.wav,Gadō u:sdi ì:dino:hé kò:hi i:ga?
training_data/processed/conrad_wavs/walc-1_0168-Chapter_3_3.3_3.3.10-000000000.wav,Hiɂa ì:jigo:lǐ:yā.
training_data/processed/conrad_wavs/walc-1_0169-Chapter_3_3.3_3.3.11-000000000.wav,Gadō u:sdi adi hiɂa?
training_data/processed/conrad_wavs/walc-1_0171-Chapter_3_3.3_3.3.13-000000385.wav,Ő:sda nijadv̀:gā.
training_data/processed/conrad_wavs/walc-1_0172-Chapter_3_3.3_3.3.14-000000000.wav,Ahi̋:daju go:hlísdi?
training_data/processed/conrad_wavs/walc-1_0173-Chapter_3_3.3_3.3.15-000000000.wav,Ì:johlgaɂju?
training_data/processed/conrad_wavs/walc-1_0174-Chapter_3_3.3_3.3.16-000000165.wav,Gadō u:sdi ì:janhta?
training_data/processed/conrad_wavs/walc-1_0175-Chapter_3_3.3_3.3.2-000000000.wav,A:se go:hű:sdi gv:yatv̌:tdi
training_data/processed/conrad_wavs/walc-1_0176-Chapter_3_3.3_3.3.3-000000000.wav,E:li̋:gwus yigv:yà:tv:dv:hv̀:ga?
training_data/processed/conrad_wavs/walc-1_0177-Chapter_3_3.3_3.3.4-000000595.wav,Áhani!
training_data/processed/conrad_wavs/walc-1_0178-Chapter_3_3.3_3.3.5-000000000.wav,Sgwé:hyo:hv̀:ga
training_data/processed/conrad_wavs/walc-1_0179-Chapter_3_3.3_3.3.5-000002695.wav,Disgwé:hyo:hv̀:gā
training_data/processed/conrad_wavs/walc-1_0180-Chapter_3_3.3_3.3.6-000000475.wav,Gadō ű:sdi à:de:hlohgwà:sdi kò:hi̋ iga?
training_data/processed/conrad_wavs/walc-1_0181-Chapter_3_3.3_3.3.7-000000000.wav,Ù:ganhdáɂdv̋ ì:dihílv́.
training_data/processed/conrad_wavs/walc-1_0182-Chapter_3_3.3_3.3.8-000000165.wav,Hohlgiju?
training_data/processed/conrad_wavs/walc-1_0183-Chapter_3_3.3_3.3.9-000000000.wav,V̀:hla áhani ye:dó:ha
training_data/processed/conrad_wavs/walc-1_0184-Chapter_3_3.4_3.4.1-000000000.wav,Nihinà?
training_data/processed/conrad_wavs/walc-1_0185-Chapter_3_3.4_3.4.10-000000165.wav,Ha:dlv?
training_data/processed/conrad_wavs/walc-1_0186-Chapter_3_3.4_3.4.11-000000135.wav,Hila iyv̋?
training_data/processed/conrad_wavs/walc-1_0187-Chapter_3_3.4_3.4.12-000000000.wav,Gadō gà:lsta:nv̌sga?
training_data/processed/conrad_wavs/walc-1_0188-Chapter_3_3.4_3.4.13-000000000.wav,Gá:gō unhta?
training_data/processed/conrad_wavs/walc-1_0189-Chapter_3_3.4_3.4.14-000000000.wav,Gá:gō sdà:hlino:hé:ha?
training_data/processed/conrad_wavs/walc-1_0190-Chapter_3_3.4_3.4.15-000000185.wav,Gadō u:sdi jadu:líha?
training_data/processed/conrad_wavs/walc-1_0191-Chapter_3_3.4_3.4.16-000000000.wav,Gadō u:sdi de:jaksesdi?
training_data/processed/conrad_wavs/walc-1_0192-Chapter_3_3.4_3.4.17-000000345.wav,Hilâ:yv̋ wigvwahtv:hǐ:dâ:sdi jadu:líɂa?
training_data/processed/conrad_wavs/walc-1_0193-Chapter_3_3.4_3.4.18-000000195.wav,Gadò À:dv́:neha?
training_data/processed/conrad_wavs/walc-1_0194-Chapter_3_3.4_3.4.19-000000355.wav,Gadò À:diha?
training_data/processed/conrad_wavs/walc-1_0195-Chapter_3_3.4_3.4.2-000000665.wav,Nihina:hv́?
training_data/processed/conrad_wavs/walc-1_0196-Chapter_3_3.4_3.4.20-000000305.wav,Ha:dlv hé:ga?
training_data/processed/conrad_wavs/walc-1_0197-Chapter_3_3.4_3.4.21-000000000.wav,Ha:dlv da:nadè:lohgwáɂa?
training_data/processed/conrad_wavs/walc-1_0198-Chapter_3_3.4_3.4.22-000000000.wav,Ha:dlv dejalv̌:hwísdà:neha?
training_data/processed/conrad_wavs/walc-1_0199-Chapter_3_3.4_3.4.3-000000000.wav,Gawó:ni:sgó:hv́?
training_data/processed/conrad_wavs/walc-1_0200-Chapter_3_3.4_3.4.4-000000485.wav,À:ga:sgajú?
training_data/processed/conrad_wavs/walc-1_0201-Chapter_3_3.4_3.4.5-000000515.wav,Kǎ:hwi jadu:líɂa?
training_data/processed/conrad_wavs/walc-1_0202-Chapter_3_3.4_3.4.6-000000000.wav,"Gawó:nihaju, De:káno:gí:ɂke?"
training_data/processed/conrad_wavs/walc-1_0203-Chapter_3_3.4_3.4.7-000000245.wav,Gadò?
training_data/processed/conrad_wavs/walc-1_0204-Chapter_3_3.4_3.4.8-000000000.wav,Gadō ű:sdi?
training_data/processed/conrad_wavs/walc-1_0205-Chapter_3_3.4_3.4.9-000000000.wav,Gá:gō?
training_data/processed/conrad_wavs/walc-1_0206-Chapter_3_3.5_3.5.1-000000000.wav,"O:síyo,"
training_data/processed/conrad_wavs/walc-1_0207-Chapter_3_3.5_3.5.1-000002145.wav,"jalagi Gv̋:hdi Mè:li Dà:gwadó:ɂa,"
training_data/processed/conrad_wavs/walc-1_0209-Chapter_3_3.5_3.5.1-000008185.wav,Dà:gwadó
training_data/processed/conrad_wavs/walc-1_0210-Chapter_3_3.5_3.5.1-000009705.wav,Yó:ne:ga Gv̋:hdi. Táɂlsgǒ:hi
training_data/processed/conrad_wavs/walc-1_0211-Chapter_3_3.5_3.5.1-000013205.wav,"Gahlgwǒ:gi iyagwade:tiyv̋:da. Nǎ:gwu na jigi Tvlsi Jině:la A:sé:hno gò:di Ganv:hi̋:da,"
training_data/processed/conrad_wavs/walc-1_0212-Chapter_3_3.5_3.5.1-000022565.wav,Oklahoma
training_data/processed/conrad_wavs/walc-1_0213-Chapter_3_3.5_3.5.1-000024365.wav,Digé:gv̌ɂi.
training_data/processed/conrad_wavs/walc-1_0214-Chapter_3_3.5_3.5.1-000026665.wav,Jalagi degadè:lohgwáɂa alesgwu dijalagi degadè:lohgwáɂa digigo:lǐ:yê:di̋
training_data/processed/conrad_wavs/walc-1_0216-Chapter_3_3.5_3.5.1-000042505.wav,yà:gwadǔ:la
training_data/processed/conrad_wavs/walc-1_0217-Chapter_3_3.5_3.5.1-000044545.wav,degade:hlohgwáɂohnv̌:ɂi.
training_data/processed/conrad_wavs/walc-1_0218-Chapter_3_3.5_3.5.2-000000465.wav,Degade:hlohgwáɂohnv̌:ɂi
training_data/processed/conrad_wavs/walc-1_0219-Chapter_3_3.5_3.5.3-000000000.wav,Dijalagi
training_data/processed/conrad_wavs/walc-1_0220-Chapter_3_3.5_3.5.4-000000395.wav,Alesgwu
training_data/processed/conrad_wavs/walc-1_0221-Chapter_3_3.6_3.6.1-000000000.wav,Gawó:ni:sgí Sà:gwű:
training_data/processed/conrad_wavs/walc-1_0222-Chapter_3_3.6_3.6.1-000003265.wav,Síyo
training_data/processed/conrad_wavs/walc-1_0223-Chapter_3_3.6_3.6.10-000000000.wav,Gawó:ni:sgí Táɂli: Ő:sda jidenádò:hlgi.
training_data/processed/conrad_wavs/walc-1_0224-Chapter_3_3.6_3.6.11-000000000.wav,U:hlő:yigwu.
training_data/processed/conrad_wavs/walc-1_0225-Chapter_3_3.6_3.6.12-000000000.wav,Nihihnò
training_data/processed/conrad_wavs/walc-1_0226-Chapter_3_3.6_3.6.13-000000135.wav,Daligwa
training_data/processed/conrad_wavs/walc-1_0227-Chapter_3_3.6_3.6.14-000000000.wav,Dlaygó:ɂi
training_data/processed/conrad_wavs/walc-1_0228-Chapter_3_3.6_3.6.15-000000000.wav,Ő:sda jidenádò:hlgi
training_data/processed/conrad_wavs/walc-1_0229-Chapter_3_3.6_3.6.2-000000000.wav,"Gawó:ni:sgí Táɂli O:síyo, Tò:hi̋:ju?"
training_data/processed/conrad_wavs/walc-1_0230-Chapter_3_3.6_3.6.3-000000000.wav,Gawó:ni:sgí Sà:gwű: O:sǐ:gwu
training_data/processed/conrad_wavs/walc-1_0231-Chapter_3_3.6_3.6.3-000005035.wav,nagwadvhnadé:ga nihinahv?
training_data/processed/conrad_wavs/walc-1_0232-Chapter_3_3.6_3.6.4-000000000.wav,Gawó:ni:sgí Táɂli: U:hlő:yigwu.
training_data/processed/conrad_wavs/walc-1_0233-Chapter_3_3.6_3.6.5-000000000.wav,Gawó:ni:sgí Sà:gwű: Gadò dejadó:ɂa?
training_data/processed/conrad_wavs/walc-1_0234-Chapter_3_3.6_3.6.6-000000000.wav,Gawó:ni:sgí Táɂli: Liwi Dà:gwadó nihina?
training_data/processed/conrad_wavs/walc-1_0235-Chapter_3_3.6_3.6.7-000000000.wav,Gawó:ni:sgí Sà:gwű:
training_data/processed/conrad_wavs/walc-1_0236-Chapter_3_3.6_3.6.7-000003255.wav,Mè:li Dà:gwadó:ɂa. Ha:dlv té:gv́ɂi?
training_data/processed/conrad_wavs/walc-1_0237-Chapter_3_3.6_3.6.8-000000000.wav,"Gawó:ni:sgí Táɂli: Daligwa digé:gv́ɂi, Nihinahv?"
training_data/processed/conrad_wavs/walc-1_0238-Chapter_3_3.6_3.6.9-000000000.wav,Gawó:ni:sgí Sà:gwű: Dlaygó:ɂi.
training_data/processed/conrad_wavs/walc-1_0239-Chapter_4_4.1_4.1.1-000000175.wav,Sà:gwű.
training_data/processed/conrad_wavs/walc-1_0240-Chapter_4_4.1_4.1.10-000000000.wav,Sgǒ:hi.
training_data/processed/conrad_wavs/walc-1_0241-Chapter_4_4.1_4.1.11-000000205.wav,sa:ɂdu.
training_data/processed/conrad_wavs/walc-1_0242-Chapter_4_4.1_4.1.12-000000325.wav,taɂldu
training_data/processed/conrad_wavs/walc-1_0243-Chapter_4_4.1_4.1.13-000000000.wav,joɂga:ɂdu
training_data/processed/conrad_wavs/walc-1_0244-Chapter_4_4.1_4.1.14-000000000.wav,niga:ɂdu
training_data/processed/conrad_wavs/walc-1_0245-Chapter_4_4.1_4.1.15-000000275.wav,sgiga:ɂdu
training_data/processed/conrad_wavs/walc-1_0246-Chapter_4_4.1_4.1.16-000000195.wav,da:la:du
training_data/processed/conrad_wavs/walc-1_0247-Chapter_4_4.1_4.1.17-000000000.wav,gahlgwǎ:du
training_data/processed/conrad_wavs/walc-1_0248-Chapter_4_4.1_4.1.19-000000000.wav,sóhněla:du
training_data/processed/conrad_wavs/walc-1_0249-Chapter_4_4.1_4.1.2-000000000.wav,Táɂli
training_data/processed/conrad_wavs/walc-1_0250-Chapter_4_4.1_4.1.20-000000000.wav,táɂlsgǒ:hi
training_data/processed/conrad_wavs/walc-1_0251-Chapter_4_4.1_4.1.21-000000000.wav,táɂlsgǒ:hi Sà:gwű
training_data/processed/conrad_wavs/walc-1_0252-Chapter_4_4.1_4.1.22-000000000.wav,táɂlsgǒ:hi Táɂli
training_data/processed/conrad_wavs/walc-1_0253-Chapter_4_4.1_4.1.23-000000000.wav,táɂlsgǒ:hi joɂi
training_data/processed/conrad_wavs/walc-1_0254-Chapter_4_4.1_4.1.24-000000000.wav,táɂlsgǒ:hi nvhgi
training_data/processed/conrad_wavs/walc-1_0255-Chapter_4_4.1_4.1.25-000000000.wav,táɂlsgǒ:hi hisgi
training_data/processed/conrad_wavs/walc-1_0256-Chapter_4_4.1_4.1.26-000000285.wav,táɂlsgǒ:hi Sǔ:dáli
training_data/processed/conrad_wavs/walc-1_0257-Chapter_4_4.1_4.1.27-000000205.wav,táɂlsgǒ:hi gahlgwǒ:gi
training_data/processed/conrad_wavs/walc-1_0258-Chapter_4_4.1_4.1.28-000000000.wav,táɂlsgǒ:hi chaně:la
training_data/processed/conrad_wavs/walc-1_0259-Chapter_4_4.1_4.1.29-000000000.wav,táɂlsgǒ:hi sóhně:la
training_data/processed/conrad_wavs/walc-1_0260-Chapter_4_4.1_4.1.3-000000000.wav,Joɂi
training_data/processed/conrad_wavs/walc-1_0261-Chapter_4_4.1_4.1.30-000000315.wav,joɂsgǒ:hi
training_data/processed/conrad_wavs/walc-1_0262-Chapter_4_4.1_4.1.31-000000245.wav,nvksgǒ:hi
training_data/processed/conrad_wavs/walc-1_0263-Chapter_4_4.1_4.1.32-000000000.wav,hiksgǒ:hi
training_data/processed/conrad_wavs/walc-1_0264-Chapter_4_4.1_4.1.33-000000000.wav,sǔ:dálsgǒ:hi
training_data/processed/conrad_wavs/walc-1_0265-Chapter_4_4.1_4.1.34-000000000.wav,gahlgwǎ:sgǒ:hi
training_data/processed/conrad_wavs/walc-1_0266-Chapter_4_4.1_4.1.35-000000135.wav,nélsgǒ:hi
training_data/processed/conrad_wavs/walc-1_0267-Chapter_4_4.1_4.1.36-000000755.wav,sóhnélsgǒ:hi
training_data/processed/conrad_wavs/walc-1_0268-Chapter_4_4.1_4.1.37-000000885.wav,sgǒ:hítsgwa
training_data/processed/conrad_wavs/walc-1_0269-Chapter_4_4.1_4.1.4-000000000.wav,Nvhgi
training_data/processed/conrad_wavs/walc-1_0270-Chapter_4_4.1_4.1.5-000000000.wav,Hisgi
training_data/processed/conrad_wavs/walc-1_0271-Chapter_4_4.1_4.1.6-000000445.wav,Sǔ:dáli
training_data/processed/conrad_wavs/walc-1_0272-Chapter_4_4.1_4.1.7-000000000.wav,gahlgwǒ:gi
training_data/processed/conrad_wavs/walc-1_0273-Chapter_4_4.1_4.1.8-000000165.wav,chaně:la
training_data/processed/conrad_wavs/walc-1_0274-Chapter_4_4.1_4.1.9-000000145.wav,sóhně:la
training_data/processed/conrad_wavs/walc-1_0275-Chapter_4_4.2_4.2.1-000000000.wav,Sà:gwú:hi:ne̋. Agv̌:yi.
training_data/processed/conrad_wavs/walc-1_0277-Chapter_4_4.2_4.2.11-000000135.wav,sa:ɂdusi:ne̋
training_data/processed/conrad_wavs/walc-1_0278-Chapter_4_4.2_4.2.12-000000285.wav,taɂldusi:ne̋
training_data/processed/conrad_wavs/walc-1_0279-Chapter_4_4.2_4.2.13-000000000.wav,joɂga:ɂdusi:ne̋
training_data/processed/conrad_wavs/walc-1_0280-Chapter_4_4.2_4.2.14-000000000.wav,niga:ɂdusi:ne̋
training_data/processed/conrad_wavs/walc-1_0281-Chapter_4_4.2_4.2.15-000000000.wav,sgiga:ɂdusi:ne̋
training_data/processed/conrad_wavs/walc-1_0282-Chapter_4_4.2_4.2.16-000000000.wav,da:la:dusi:ne̋
training_data/processed/conrad_wavs/walc-1_0283-Chapter_4_4.2_4.2.17-000000295.wav,gahlgwǎ:dusi:ne̋
training_data/processed/conrad_wavs/walc-1_0284-Chapter_4_4.2_4.2.18-000000000.wav,ně:la:dusi:ne̋
training_data/processed/conrad_wavs/walc-1_0285-Chapter_4_4.2_4.2.19-000000000.wav,sóhněla:dusi:ne̋
training_data/processed/conrad_wavs/walc-1_0286-Chapter_4_4.2_4.2.2-000000000.wav,Táɂline̋
training_data/processed/conrad_wavs/walc-1_0287-Chapter_4_4.2_4.2.20-000000000.wav,táɂlsgǒ:hine̋
training_data/processed/conrad_wavs/walc-1_0288-Chapter_4_4.2_4.2.21-000000000.wav,táɂlsgǒ:hi Sà:gwú:hi:ne̋:ɂi
training_data/processed/conrad_wavs/walc-1_0289-Chapter_4_4.2_4.2.22-000000295.wav,joɂsgǒ:hine̋
training_data/processed/conrad_wavs/walc-1_0290-Chapter_4_4.2_4.2.3-000000000.wav,Joɂine̋
training_data/processed/conrad_wavs/walc-1_0291-Chapter_4_4.2_4.2.4-000000195.wav,nvhgine̋
training_data/processed/conrad_wavs/walc-1_0292-Chapter_4_4.2_4.2.5-000000000.wav,hisgine̋
training_data/processed/conrad_wavs/walc-1_0293-Chapter_4_4.2_4.2.6-000000175.wav,sǔ:dáline̋
training_data/processed/conrad_wavs/walc-1_0294-Chapter_4_4.2_4.2.7-000000000.wav,gahlgwǒ:gine̋
training_data/processed/conrad_wavs/walc-1_0295-Chapter_4_4.2_4.2.8-000000255.wav,chaně:line̋
training_data/processed/conrad_wavs/walc-1_0296-Chapter_4_4.2_4.2.9-000000205.wav,sóhně:line̋
training_data/processed/conrad_wavs/walc-1_0297-Chapter_4_4.3_4.3.1-000000000.wav,hila̋ àhlíɂilǐsv?
training_data/processed/conrad_wavs/walc-1_0298-Chapter_4_4.3_4.3.10-000000000.wav,Iyaséhlv
training_data/processed/conrad_wavs/walc-1_0299-Chapter_4_4.3_4.3.11-000000000.wav,u:da:lǔ:la̋
training_data/processed/conrad_wavs/walc-1_0300-Chapter_4_4.3_4.3.12-000000000.wav,u:lo:sv̋:sdi
training_data/processed/conrad_wavs/walc-1_0301-Chapter_4_4.3_4.3.13-000000000.wav,Hilâ:yv̋ dvdale:nv:hi?
training_data/processed/conrad_wavs/walc-1_0302-Chapter_4_4.3_4.3.14-000000000.wav,Hilâ:yv̋ dvlsgwadí?
training_data/processed/conrad_wavs/walc-1_0303-Chapter_4_4.3_4.3.15-000000475.wav,sgiga:ɂdu Iyátahwò:stanv̋ u:da:lǔ:la̋
training_data/processed/conrad_wavs/walc-1_0304-Chapter_4_4.3_4.3.15-000005165.wav,Sgǒ:hi
training_data/processed/conrad_wavs/walc-1_0305-Chapter_4_4.3_4.3.16-000000145.wav,sgiga:ɂdu Iyátahwò:stanv̋
training_data/processed/conrad_wavs/walc-1_0306-Chapter_4_4.3_4.3.16-000003415.wav,u:lo:sv̋:sdi Sgǒ:hi
training_data/processed/conrad_wavs/walc-1_0307-Chapter_4_4.3_4.3.17-000000000.wav,Sà:gwű aye̋:hli
training_data/processed/conrad_wavs/walc-1_0308-Chapter_4_4.3_4.3.2-000000000.wav,Hila̋ Iyúwa:hnilv̋?
training_data/processed/conrad_wavs/walc-1_0309-Chapter_4_4.3_4.3.3-000000000.wav,Hila̋ àhlíɂili?
training_data/processed/conrad_wavs/walc-1_0310-Chapter_4_4.3_4.3.4-000000475.wav,Hilâ:yv̋ té:si?
training_data/processed/conrad_wavs/walc-1_0311-Chapter_4_4.3_4.3.5-000000215.wav,chaně:la Iyúwa:hnilv̋.
training_data/processed/conrad_wavs/walc-1_0312-Chapter_4_4.3_4.3.6-000000175.wav,chaně:la àhlíɂili.
training_data/processed/conrad_wavs/walc-1_0313-Chapter_4_4.3_4.3.7-000000000.wav,Sú:hli:lő:da
training_data/processed/conrad_wavs/walc-1_0314-Chapter_4_4.3_4.3.8-000000000.wav,Iyú:hli:lő:da
training_data/processed/conrad_wavs/walc-1_0315-Chapter_4_4.3_4.3.9-000000000.wav,Iyátahwò:stanv̋
training_data/processed/conrad_wavs/walc-1_0316-Chapter_4_4.4_4.4.1-000000000.wav,Adě:la
training_data/processed/conrad_wavs/walc-1_0317-Chapter_4_4.4_4.4.10-000000000.wav,Hila̋ Ju:gv:wahldóhdi?
training_data/processed/conrad_wavs/walc-1_0318-Chapter_4_4.4_4.4.11-000000000.wav,Taɂlsgo Adě:la Ju:gv:wahldóhdi.
training_data/processed/conrad_wavs/walc-1_0319-Chapter_4_4.4_4.4.12-000000000.wav,Dajahwasis?
training_data/processed/conrad_wavs/walc-1_0320-Chapter_4_4.4_4.4.13-000000000.wav,Gadō u:sdi
training_data/processed/conrad_wavs/walc-1_0321-Chapter_4_4.4_4.4.13-000002225.wav,jadu:lí jahwáhísdi?
training_data/processed/conrad_wavs/walc-1_0322-Chapter_4_4.4_4.4.14-000000000.wav,Hila̋ yǐ:ga̋?
training_data/processed/conrad_wavs/walc-1_0323-Chapter_4_4.4_4.4.14-000002555.wav,dejadu:líɂa?
training_data/processed/conrad_wavs/walc-1_0324-Chapter_4_4.4_4.4.15-000000000.wav,Hisgi yǐ:ga̋ dà:gwadu:líha.
training_data/processed/conrad_wavs/walc-1_0325-Chapter_4_4.4_4.4.16-000000000.wav,Dà:sehíha
training_data/processed/conrad_wavs/walc-1_0326-Chapter_4_4.4_4.4.17-000000000.wav,Taséga!
training_data/processed/conrad_wavs/walc-1_0327-Chapter_4_4.4_4.4.18-000000000.wav,E:li̋:gwuju yisgwà:tolsda?
training_data/processed/conrad_wavs/walc-1_0328-Chapter_4_4.4_4.4.19-000000000.wav,E:li̋:gwudv Adě:la yidegvyà:tolsda.
training_data/processed/conrad_wavs/walc-1_0329-Chapter_4_4.4_4.4.2-000000000.wav,U:hnő:sda
training_data/processed/conrad_wavs/walc-1_0330-Chapter_4_4.4_4.4.20-000000000.wav,Adě:la degvyà:tolsdíɂa.
training_data/processed/conrad_wavs/walc-1_0331-Chapter_4_4.4_4.4.3-000000000.wav,Gi:nű:tdi
training_data/processed/conrad_wavs/walc-1_0333-Chapter_4_4.4_4.4.5-000000000.wav,Hisgi Iyádánhtéhdi
training_data/processed/conrad_wavs/walc-1_0334-Chapter_4_4.4_4.4.6-000000295.wav,Sgǒ:hi Iyádánhtéhdi
training_data/processed/conrad_wavs/walc-1_0335-Chapter_4_4.4_4.4.7-000000000.wav,aye̋:hli
training_data/processed/conrad_wavs/walc-1_0336-Chapter_4_4.4_4.4.8-000000000.wav,Hiksgohi Adě:lv
training_data/processed/conrad_wavs/walc-1_0337-Chapter_4_4.4_4.4.9-000000000.wav,À:kiwásga.
training_data/processed/conrad_wavs/walc-1_0338-Chapter_4_4.4_4.4_Buy_Future-000000000.wav,Dvkihwasi. Dajahwasi. Dayù:hwasi. Dayù:nihwasi. Dà:gihwasi.
training_data/processed/conrad_wavs/walc-1_0339-Chapter_4_4.4_4.4_Buy_Present-000000000.wav,Akihwasgā. Jahwasgā. ù:hwasgā. ù:nihwasgā. Ì:gihwasgā.
training_data/processed/conrad_wavs/walc-1_0340-Chapter_4_4.4_4.4_Buy_Remote_Past-000000000.wav,Akihwasv̌:ɂi. Jahwasv̌:ɂi. ù:hwasv̌:ɂi. ù:nihwasv̌:ɂi. Ì:gihwasv̌:ɂi.
training_data/processed/conrad_wavs/walc-1_0341-Chapter_4_4.4_4.4_Count_Present-000000000.wav,De:gâ:sehíha. Dehâ:sehíha. Dâ:sehíha. Da:nâ:sehíha. Dè:dâ:sehíha.
training_data/processed/conrad_wavs/walc-1_0342-Chapter_4_4.4_4.4_Count_Recent_Past-000000000.wav,Degaségā. Dehaségā. Daségā. Da:naségā. Dè:daségā.
training_data/processed/conrad_wavs/walc-1_0343-Chapter_4_4.4_4.4_Count_Remote_Past-000000000.wav,Daksehlv́:ɂi. Dehasehlv́:ɂi. Dù:sehlv́:ɂi. Dù:nasehlv́:ɂi. Dè:gasehlv́:ɂi.
training_data/processed/conrad_wavs/walc-1_0344-Chapter_4_4.5_4.5.1-000000415.wav,Gasò:gwalv
training_data/processed/conrad_wavs/walc-1_0345-Chapter_4_4.5_4.5.10-000000000.wav,gahlgwǒ:gi Jù:hnv́:si:yi̋
training_data/processed/conrad_wavs/walc-1_0346-Chapter_4_4.5_4.5.11-000000000.wav,chaně:la Jù:hnv́:si:yi̋
training_data/processed/conrad_wavs/walc-1_0347-Chapter_4_4.5_4.5.12-000000000.wav,sóhně:la Jù:hnv́:si:yi̋
training_data/processed/conrad_wavs/walc-1_0348-Chapter_4_4.5_4.5.13-000000185.wav,Sgǒ:hi Jù:hnv́:si:yi̋
training_data/processed/conrad_wavs/walc-1_0349-Chapter_4_4.5_4.5.2-000000000.wav,Gasò:gwalv Ganv:hi̋:da
training_data/processed/conrad_wavs/walc-1_0350-Chapter_4_4.5_4.5.3-000000000.wav,Joɂi Jù:hnv́:si:yi̋
training_data/processed/conrad_wavs/walc-1_0351-Chapter_4_4.5_4.5.4-000000000.wav,Nvhgi Jù:hnv́:si:yi̋
training_data/processed/conrad_wavs/walc-1_0352-Chapter_4_4.5_4.5.5-000000205.wav,Ganv:hi̋:da
training_data/processed/conrad_wavs/walc-1_0353-Chapter_4_4.5_4.5.5-000001865.wav,nvhgi Jù:hnv́:si:yi̋
training_data/processed/conrad_wavs/walc-1_0354-Chapter_4_4.5_4.5.6-000000000.wav,Gǒ:sdà:yi
training_data/processed/conrad_wavs/walc-1_0355-Chapter_4_4.5_4.5.7-000000000.wav,Hisgi Jù:hnv́:si:yi̋
training_data/processed/conrad_wavs/walc-1_0356-Chapter_4_4.5_4.5.8-000000000.wav,Nokwsi
training_data/processed/conrad_wavs/walc-1_0357-Chapter_4_4.5_4.5.9-000000165.wav,Sǔ:dáli Jù:hnv́:si:yi̋
training_data/processed/conrad_wavs/walc-1_0358-Chapter_4_4.6_4.6.1-000000000.wav,u:nadǒ:dágwohnv̋:ɂi
training_data/processed/conrad_wavs/walc-1_0359-Chapter_4_4.6_4.6.2-000000000.wav,Taɂli:ne̋ i:ga
training_data/processed/conrad_wavs/walc-1_0360-Chapter_4_4.6_4.6.3-000000000.wav,Joɂi:ne̋ i:ga
training_data/processed/conrad_wavs/walc-1_0361-Chapter_4_4.6_4.6.4-000000000.wav,Nvhgi:ne̋ iɂga
training_data/processed/conrad_wavs/walc-1_0362-Chapter_4_4.6_4.6.5-000000255.wav,Junhgi:lő:sdi
training_data/processed/conrad_wavs/walc-1_0363-Chapter_4_4.6_4.6.6-000000000.wav,ùnādǒ:dágwi:de̋:na
training_data/processed/conrad_wavs/walc-1_0364-Chapter_4_4.6_4.6.7-000000000.wav,ù:nadǒ:dágwà:sgv̋:ɂi
training_data/processed/conrad_wavs/walc-1_0365-Chapter_4_4.7_4.7.1-000000000.wav,Kò:hi̋ I:ga
training_data/processed/conrad_wavs/walc-1_0366-Chapter_4_4.7_4.7.10-000000000.wav,I:ga
training_data/processed/conrad_wavs/walc-1_0367-Chapter_4_4.7_4.7.2-000000000.wav,Saná:le̋ iyv̋
training_data/processed/conrad_wavs/walc-1_0368-Chapter_4_4.7_4.7.3-000000595.wav,Saná:le̋ Dí:dla
training_data/processed/conrad_wavs/walc-1_0369-Chapter_4_4.7_4.7.4-000000000.wav,Sv:hi
training_data/processed/conrad_wavs/walc-1_0370-Chapter_4_4.7_4.7.5-000000000.wav,U:gitsde̋:yi
training_data/processed/conrad_wavs/walc-1_0371-Chapter_4_4.7_4.7.6-000000165.wav,Sv:hiye̋ Dí:dla
training_data/processed/conrad_wavs/walc-1_0372-Chapter_4_4.7_4.7.7-000000000.wav,Sv:hiye̋:yi
training_data/processed/conrad_wavs/walc-1_0373-Chapter_4_4.7_4.7.8-000000000.wav,Usv̋
training_data/processed/conrad_wavs/walc-1_0374-Chapter_4_4.7_4.7.9-000000145.wav,Sv:nǒ:yi
training_data/processed/conrad_wavs/walc-1_0375-Chapter_4_4.8_4.8.1-000000000.wav,U:no:lv̀:tani
training_data/processed/conrad_wavs/walc-1_0376-Chapter_4_4.8_4.8.10-000000000.wav,Dù:ninhdi
training_data/processed/conrad_wavs/walc-1_0377-Chapter_4_4.8_4.8.11-000000000.wav,Nv:dadě:gwa
training_data/processed/conrad_wavs/walc-1_0378-Chapter_4_4.8_4.8.12-000000000.wav,V̌:sgíhyi
training_data/processed/conrad_wavs/walc-1_0379-Chapter_4_4.8_4.8.13-000000405.wav,"Kò:hi̋ i:ga, Anv:hyi táɂlsgǒ:hine̋ɂi."
training_data/processed/conrad_wavs/walc-1_0380-Chapter_4_4.8_4.8.14-000000000.wav,"Svhi jigè:sv̌, v̀:sgiyi hisgine̋."
training_data/processed/conrad_wavs/walc-1_0381-Chapter_4_4.8_4.8.2-000000000.wav,Ka:gaɂli
training_data/processed/conrad_wavs/walc-1_0382-Chapter_4_4.8_4.8.3-000000255.wav,Anv:hyi
training_data/processed/conrad_wavs/walc-1_0383-Chapter_4_4.8_4.8.4-000000000.wav,Kawo:hni
training_data/processed/conrad_wavs/walc-1_0384-Chapter_4_4.8_4.8.5-000000000.wav,À:nasgv:ti
training_data/processed/conrad_wavs/walc-1_0385-Chapter_4_4.8_4.8.6-000000000.wav,De:halǔ:yi
training_data/processed/conrad_wavs/walc-1_0387-Chapter_4_4.8_4.8.8-000000000.wav,Gaɂlo:hni
training_data/processed/conrad_wavs/walc-1_0388-Chapter_4_4.8_4.8.9-000000000.wav,Du:lì:sdi
training_data/processed/conrad_wavs/walc-1_0389-Chapter_4_4.9_4.9.1-000000245.wav,Gő:la
training_data/processed/conrad_wavs/walc-1_0390-Chapter_4_4.9_4.9.2-000000000.wav,Go:ge̋:yi
training_data/processed/conrad_wavs/walc-1_0391-Chapter_4_4.9_4.9.3-000000000.wav,Go:gi. Go:ga.
training_data/processed/conrad_wavs/walc-1_0392-Chapter_4_4.9_4.9.4-000000000.wav,U:la:gǒ:hv:sdi
training_data/processed/conrad_wavs/walc-1_0393-Chapter_4_4.9_4.9.5-000000000.wav,"Gő:la Yinù:lsta:na,"
training_data/processed/conrad_wavs/walc-1_0394-Chapter_4_4.9_4.9.5-000002815.wav,Ahyv:dladi:sgó:ɂi
training_data/processed/conrad_wavs/walc-1_0395-Chapter_4_4.9_4.9.6-000000405.wav,"Jí:sgwa da:nino:gí:ɂa Kò:hi̋ Saná:le̋, Go:ge̋:yiɂdv Nigalsti:ha!"
training_data/processed/conrad_wavs/walc-1_0397-Chapter_4_4.9_4.9.8-000000000.wav,Gadò tadv́:ne:li Kò:hi̋ Go:gi?
training_data/processed/conrad_wavs/walc-1_0398-Chapter_5_5.1_5.1.1-000000000.wav,yv:wi
training_data/processed/conrad_wavs/walc-1_0399-Chapter_5_5.1_5.1.10-000000000.wav,Ahljadő:hvsgi
training_data/processed/conrad_wavs/walc-1_0400-Chapter_5_5.1_5.1.11-000000000.wav,À:lsgí:sgi
training_data/processed/conrad_wavs/walc-1_0401-Chapter_5_5.1_5.1.12-000000000.wav,Di:da:hnv:wi̋:sgi
training_data/processed/conrad_wavs/walc-1_0402-Chapter_5_5.1_5.1.13-000000000.wav,U:gv:wiyu:hi
training_data/processed/conrad_wavs/walc-1_0403-Chapter_5_5.1_5.1.14-000000000.wav,Di:da:nǐ:yi̋:sgi
training_data/processed/conrad_wavs/walc-1_0404-Chapter_5_5.1_5.1.15-000000000.wav,Áyosgi
training_data/processed/conrad_wavs/walc-1_0405-Chapter_5_5.1_5.1.16-000000135.wav,Digo:hwě:lî:sgi
training_data/processed/conrad_wavs/walc-1_0406-Chapter_5_5.1_5.1.17-000000000.wav,Adě:la À:ktǐ:ya
training_data/processed/conrad_wavs/walc-1_0407-Chapter_5_5.1_5.1.18-000000000.wav,dinehldǐ:sgi̋:gi
training_data/processed/conrad_wavs/walc-1_0409-Chapter_5_5.1_5.1.2-000000000.wav,Ani:yv:wi
training_data/processed/conrad_wavs/walc-1_0410-Chapter_5_5.1_5.1.20-000000000.wav,Ju:lv̌:hwísdà:ne̋
training_data/processed/conrad_wavs/walc-1_0411-Chapter_5_5.1_5.1.21-000000000.wav,Adě:la Ù:kse:sdi
training_data/processed/conrad_wavs/walc-1_0412-Chapter_5_5.1_5.1.22-000000135.wav,Dikdladì:sgi
training_data/processed/conrad_wavs/walc-1_0413-Chapter_5_5.1_5.1.23-000000000.wav,À:da:náɂnv̋
training_data/processed/conrad_wavs/walc-1_0416-Chapter_5_5.1_5.1.25-000000000.wav,Agáɂnakti
training_data/processed/conrad_wavs/walc-1_0417-Chapter_5_5.1_5.1.25-000002185.wav,Jigáɂnakti. À:nigáɂnakti.
training_data/processed/conrad_wavs/walc-1_0418-Chapter_5_5.1_5.1.25-000005495.wav,Higáɂnakti
training_data/processed/conrad_wavs/walc-1_0419-Chapter_5_5.1_5.1.26-000000000.wav,Ayv:wi
training_data/processed/conrad_wavs/walc-1_0420-Chapter_5_5.1_5.1.26-000001825.wav,Jiyv:wi. Hiyv:wi. À:niyv:wi.
training_data/processed/conrad_wavs/walc-1_0421-Chapter_5_5.1_5.1.27-000000000.wav,U:gv:wiyu:hi. À:gigv:wiyu:hi. Jagv:wiyu:hi. U:nigv:wiyu:hi.
training_data/processed/conrad_wavs/walc-1_0422-Chapter_5_5.1_5.1.3-000000000.wav,Di:de:hyǒ:hvsgi
training_data/processed/conrad_wavs/walc-1_0423-Chapter_5_5.1_5.1.4-000000000.wav,gáɂnakti
training_data/processed/conrad_wavs/walc-1_0424-Chapter_5_5.1_5.1.5-000000000.wav,Ju:ni:dlv̀:gi̋ diktǐ:ya.
training_data/processed/conrad_wavs/walc-1_0425-Chapter_5_5.1_5.1.6-000000000.wav,À:dv́:ne:lǐ:sgi
training_data/processed/conrad_wavs/walc-1_0426-Chapter_5_5.1_5.1.7-000000385.wav,Dikáno:gí:sgi
training_data/processed/conrad_wavs/walc-1_0427-Chapter_5_5.1_5.1.8-000000000.wav,Di:dě:hlo:gwà:sgi
training_data/processed/conrad_wavs/walc-1_0428-Chapter_5_5.1_5.1.9-000000000.wav,Di:tiyǒ:hi
training_data/processed/conrad_wavs/walc-1_0429-Chapter_5_5.2_5.2.1-000000000.wav,Sida:ně:lv̋
training_data/processed/conrad_wavs/walc-1_0430-Chapter_5_5.2_5.2.10-000000575.wav,Jo:sdada:hnv̋:hli
training_data/processed/conrad_wavs/walc-1_0431-Chapter_5_5.2_5.2.11-000000000.wav,Jo:sdada:lv̋:ɂi
training_data/processed/conrad_wavs/walc-1_0435-Chapter_5_5.2_5.2.15-000000355.wav,Taɂline̋ è:ji
training_data/processed/conrad_wavs/walc-1_0436-Chapter_5_5.2_5.2.16-000000000.wav,e:nǐ:si
training_data/processed/conrad_wavs/walc-1_0438-Chapter_5_5.2_5.2.3-000000455.wav,E:do:da
training_data/processed/conrad_wavs/walc-1_0439-Chapter_5_5.2_5.2.4-000000000.wav,è:ji
training_data/processed/conrad_wavs/walc-1_0440-Chapter_5_5.2_5.2.5-000000000.wav,È:hlogi
training_data/processed/conrad_wavs/walc-1_0441-Chapter_5_5.2_5.2.6-000000295.wav,È:du:ji
training_data/processed/conrad_wavs/walc-1_0442-Chapter_5_5.2_5.2.7-000000135.wav,e:lí:si
training_data/processed/conrad_wavs/walc-1_0443-Chapter_5_5.2_5.2.8-000000000.wav,È:dù:da
training_data/processed/conrad_wavs/walc-1_0448-Chapter_5_5.3_5.3.3-000000825.wav,à:nijí:sgwa
training_data/processed/conrad_wavs/walc-1_0450-Chapter_5_5.3_5.3.5-000000145.wav,à:niwahya
training_data/processed/conrad_wavs/walc-1_0455-Chapter_5_5.4_5.4.1-000000000.wav,Dihnawò:sdi
training_data/processed/conrad_wavs/walc-1_0456-Chapter_5_5.4_5.4.10-000000235.wav,Adà:dlǒ:sdi
training_data/processed/conrad_wavs/walc-1_0460-Chapter_5_5.4_5.4.14-000000000.wav,Ani:sgaya ale Ani:gě:hya à:najanv:sga.
training_data/processed/conrad_wavs/walc-1_0462-Chapter_5_5.4_5.4.16-000000000.wav,"Gahljǒ:de Ù:yv:hlv̌:ɂi, Ù:lsgwé:tuhgí:sv̌:no."
training_data/processed/conrad_wavs/walc-1_0463-Chapter_5_5.4_5.4.17-000000000.wav,Hadà:dlǒ:ga
training_data/processed/conrad_wavs/walc-1_0464-Chapter_5_5.4_5.4.18-000000145.wav,Analà:sgali̋:sgi dù:nalsdu:lo
training_data/processed/conrad_wavs/walc-1_0466-Chapter_5_5.4_5.4.2-000000000.wav,À:su:lo
training_data/processed/conrad_wavs/walc-1_0467-Chapter_5_5.4_5.4.3-000000235.wav,dilà:sǔ:lo
training_data/processed/conrad_wavs/walc-1_0468-Chapter_5_5.4_5.4.4-000000575.wav,Ahnawo
training_data/processed/conrad_wavs/walc-1_0469-Chapter_5_5.4_5.4.5-000000545.wav,Di:lǐ:yo
training_data/processed/conrad_wavs/walc-1_0470-Chapter_5_5.4_5.4.6-000000000.wav,Átihldi
training_data/processed/conrad_wavs/walc-1_0471-Chapter_5_5.4_5.4.7-000000595.wav,Alsgwè:tuwo
training_data/processed/conrad_wavs/walc-1_0472-Chapter_5_5.4_5.4.8-000000215.wav,Alsdu:lo
training_data/processed/conrad_wavs/walc-1_0473-Chapter_5_5.4_5.4.9-000000345.wav,À:sano
training_data/processed/conrad_wavs/walc-1_0479-Chapter_5_5.4_5.4_Put_on_Clothes_Present-000000000.wav,De:gánì:wó:ɂa. Dehà:hnawó:ɂa.
training_data/processed/conrad_wavs/walc-1_0480-Chapter_5_5.4_5.4_Put_on_Clothes_Present-000004045.wav,Dà:hnawó:ɂa
training_data/processed/conrad_wavs/walc-1_0481-Chapter_5_5.4_5.4_Put_on_Clothes_Present-000005935.wav,Daná:hnawó:ɂa
training_data/processed/conrad_wavs/walc-1_0482-Chapter_5_5.4_5.4_Put_on_Clothes_Present-000008405.wav,Dedá:hnawó:ɂa
training_data/processed/conrad_wavs/walc-1_0483-Chapter_5_5.4_5.4_Put_on_Clothes_Remote_Past-000000000.wav,Dagwahnawó:ɂv̌. Dejahnawó:ɂv̌. Duhnawó:ɂv̌. Dunahnawó:ɂv̌. Degahnawó:ɂv̌.
training_data/processed/conrad_wavs/walc-1_0484-Chapter_5_5.4_5.4_Put_on_Pants_Future-000000445.wav,Dagasu:lâ:ni
training_data/processed/conrad_wavs/walc-1_0485-Chapter_5_5.4_5.4_Put_on_Pants_Future-000002725.wav,Tasu:lâ:ni
training_data/processed/conrad_wavs/walc-1_0486-Chapter_5_5.4_5.4_Put_on_Pants_Future-000004655.wav,Dvsu:lâ:ni
training_data/processed/conrad_wavs/walc-1_0489-Chapter_5_5.4_5.4_Put_on_Pants_Present-000000405.wav,Gá:su:líɂa. Há:su:líɂa. Á:su:líɂa. Dà:ná:su:líɂa. Dejá:su:líɂa
training_data/processed/conrad_wavs/walc-1_0490-Chapter_5_5.4_5.4_Put_on_Pants_Remote_Past-000000000.wav,Agwasu:lâ:nv̌:ɂi
training_data/processed/conrad_wavs/walc-1_0491-Chapter_5_5.4_5.4_Put_on_Pants_Remote_Past-000003405.wav,Jasu:lâ:nv̌:ɂi
training_data/processed/conrad_wavs/walc-1_0492-Chapter_5_5.4_5.4_Put_on_Pants_Remote_Past-000005805.wav,Ù:su:lâ:nv̌:ɂi
training_data/processed/conrad_wavs/walc-1_0493-Chapter_5_5.4_5.4_Put_on_Pants_Remote_Past-000008105.wav,Dù:ná:su:lâ:nv̌:ɂi
training_data/processed/conrad_wavs/walc-1_0494-Chapter_5_5.4_5.4_Put_on_Pants_Remote_Past-000011015.wav,De:gá:su:lâ:nv̌:ɂi
training_data/processed/conrad_wavs/walc-1_0495-Chapter_5_5.5_5.5.1-000000335.wav,Kano:ge̋:ni
training_data/processed/conrad_wavs/walc-1_0496-Chapter_5_5.5_5.5.10-000000000.wav,Gà:di:ge̋:ni
training_data/processed/conrad_wavs/walc-1_0497-Chapter_5_5.5_5.5.11-000000000.wav,Kanige̋:ni
training_data/processed/conrad_wavs/walc-1_0498-Chapter_5_5.5_5.5.12-000000000.wav,Askő:li
training_data/processed/conrad_wavs/walc-1_0499-Chapter_5_5.5_5.5.13-000000000.wav,Di:kasge̋:ni
training_data/processed/conrad_wavs/walc-1_0500-Chapter_5_5.5_5.5.14-000000000.wav,Ahyuge̋:ni
training_data/processed/conrad_wavs/walc-1_0501-Chapter_5_5.5_5.5.15-000000000.wav,Ganv̀:sge̋:ni
training_data/processed/conrad_wavs/walc-1_0503-Chapter_5_5.5_5.5.17-000000000.wav,Kanâ:saɂdv̋
training_data/processed/conrad_wavs/walc-1_0504-Chapter_5_5.5_5.5.18-000000000.wav,Ahő:li
training_data/processed/conrad_wavs/walc-1_0505-Chapter_5_5.5_5.5.19-000000000.wav,Akiyu:sge̋:ni
training_data/processed/conrad_wavs/walc-1_0506-Chapter_5_5.5_5.5.2-000000000.wav,Dikano:ge̋:ni
training_data/processed/conrad_wavs/walc-1_0507-Chapter_5_5.5_5.5.20-000000000.wav,Uwò:ye̋:ni
training_data/processed/conrad_wavs/walc-1_0508-Chapter_5_5.5_5.5.21-000000000.wav,Aye:lv̋
training_data/processed/conrad_wavs/walc-1_0509-Chapter_5_5.5_5.5.22-000000000.wav,Kano:ge̋:ni. Hino:ge̋:ni. Jino:ge̋:ni.
training_data/processed/conrad_wavs/walc-1_0510-Chapter_5_5.5_5.5.23-000000000.wav,Uwò:ye̋:ni. Jò:ye̋:ni. Agwò:ye̋:ni.
training_data/processed/conrad_wavs/walc-1_0511-Chapter_5_5.5_5.5.24-000000000.wav,Ù:katv̋. Jakatv̋. À:gwakatv̋.
training_data/processed/conrad_wavs/walc-1_0512-Chapter_5_5.5_5.5.25-000000000.wav,Gaɂle̋:ni. Hiɂle̋:ni. Jiɂle̋:ni.
training_data/processed/conrad_wavs/walc-1_0513-Chapter_5_5.5_5.5.26-000000425.wav,Kanige̋:n.
training_data/processed/conrad_wavs/walc-1_0514-Chapter_5_5.5_5.5.26-000002335.wav,Hinige̋:n
training_data/processed/conrad_wavs/walc-1_0515-Chapter_5_5.5_5.5.26-000004245.wav,Jinige̋:n
training_data/processed/conrad_wavs/walc-1_0516-Chapter_5_5.5_5.5.27-000000000.wav,Ahő:l.
training_data/processed/conrad_wavs/walc-1_0517-Chapter_5_5.5_5.5.27-000001435.wav,Hihő:l.
training_data/processed/conrad_wavs/walc-1_0518-Chapter_5_5.5_5.5.27-000002895.wav,Jihő:l.
training_data/processed/conrad_wavs/walc-1_0519-Chapter_5_5.5_5.5.28-000000385.wav,Juwò:ye̋:n. Dijò:ye̋:n. Digwò:ye̋:n.
training_data/processed/conrad_wavs/walc-1_0522-Chapter_5_5.5_5.5.3-000000165.wav,Ga:sohi̋
training_data/processed/conrad_wavs/walc-1_0523-Chapter_5_5.5_5.5.30-000000475.wav,Digaɂle̋:ni. Tiɂle̋:ni. Dijiɂle̋:ni.
training_data/processed/conrad_wavs/walc-1_0524-Chapter_5_5.5_5.5.31-000000775.wav,Dikanige̋:ni. Tinige̋:ni. Dijinige̋:ni.
training_data/processed/conrad_wavs/walc-1_0525-Chapter_5_5.5_5.5.4-000000355.wav,Gane:ji̋
training_data/processed/conrad_wavs/walc-1_0526-Chapter_5_5.5_5.5.5-000000000.wav,Gaɂle̋:ni
training_data/processed/conrad_wavs/walc-1_0527-Chapter_5_5.5_5.5.6-000000000.wav,Ù:katv̋
training_data/processed/conrad_wavs/walc-1_0528-Chapter_5_5.5_5.5.7-000000000.wav,Gá:ye:saɂdv̋
training_data/processed/conrad_wavs/walc-1_0529-Chapter_5_5.5_5.5.8-000000000.wav,U:là:shde̋:ni
training_data/processed/conrad_wavs/walc-1_0530-Chapter_5_5.5_5.5.9-000000000.wav,Agv:dage̋:ni
training_data/processed/conrad_wavs/walc-1_0532-Chapter_5_5.6_5.6.10-000000275.wav,U:hyv:dla à:giní:yvha
training_data/processed/conrad_wavs/walc-1_0539-Chapter_5_5.6_5.6.3-000000665.wav,À:ksihwásga
training_data/processed/conrad_wavs/walc-1_0540-Chapter_5_5.6_5.6.4-000000000.wav,Ù:sihwásga
training_data/processed/conrad_wavs/walc-1_0541-Chapter_5_5.6_5.6.5-000000575.wav,Ù:di:hléhv́sga
training_data/processed/conrad_wavs/walc-1_0542-Chapter_5_5.6_5.6.6-000000000.wav,U:hyv:dla ù:ní:yvha
training_data/processed/conrad_wavs/walc-1_0546-Chapter_5_5.7_5.7.1-000000000.wav,Gadò:gwu?
training_data/processed/conrad_wavs/walc-1_0547-Chapter_5_5.7_5.7.10-000000285.wav,"Na asgaya, Agě:hya Ù:dîwsga."
training_data/processed/conrad_wavs/walc-1_0549-Chapter_5_5.7_5.7.12-000000455.wav,Ha:dlv je:sdâ:neha?
training_data/processed/conrad_wavs/walc-1_0550-Chapter_5_5.7_5.7.13-000000835.wav,à:ksgwo:hli̋ à:gwe:hisdâ:neha
training_data/processed/conrad_wavs/walc-1_0551-Chapter_5_5.7_5.7.14-000000000.wav,Agáɂnaktiju À:yáa?
training_data/processed/conrad_wavs/walc-1_0553-Chapter_5_5.7_5.7.16-000000000.wav,Na asgaya
training_data/processed/conrad_wavs/walc-1_0555-Chapter_5_5.7_5.7.17-000000000.wav,Ago:lǐ:yéɂa
training_data/processed/conrad_wavs/walc-1_0557-Chapter_5_5.7_5.7.19-000000605.wav,Ù:dlv́:gv̌:ɂi
training_data/processed/conrad_wavs/walc-1_0561-Chapter_5_5.7_5.7.4-000000000.wav,gáɂnaktiɂju wijě:dô:lv̌:ɂi?
training_data/processed/conrad_wavs/walc-1_0562-Chapter_5_5.7_5.7.5-000000285.wav,Gadō u:sd ada gáɂnakti?
training_data/processed/conrad_wavs/walc-1_0563-Chapter_5_5.7_5.7.6-000000000.wav,Jiskő:l agwesdâ:hneha
training_data/processed/conrad_wavs/walc-1_0566-Chapter_5_5.7_5.7.9-000000135.wav,Ju:ni:dlv̀:gi̋ U:niyv:sdi
training_data/processed/conrad_wavs/walc-1_0567-Chapter_5_5.8_5.8.1-000000475.wav,Gadō u:sdi̋ jadanhta?
training_data/processed/conrad_wavs/walc-1_0568-Chapter_5_5.8_5.8.10-000000000.wav,Ù:hi:sóhd à:gwadanhta
training_data/processed/conrad_wavs/walc-1_0569-Chapter_5_5.8_5.8.11-000000000.wav,O:síjuke jadanhta?
training_data/processed/conrad_wavs/walc-1_0570-Chapter_5_5.8_5.8.12-000000000.wav,U:yő à:gwadanhta
training_data/processed/conrad_wavs/walc-1_0574-Chapter_5_5.8_5.8.16-000000000.wav,Ujò:séhdi à:gwadanhta
training_data/processed/conrad_wavs/walc-1_0577-Chapter_5_5.8_5.8.19-000000000.wav,Dà:gwadalé:cheha
training_data/processed/conrad_wavs/walc-1_0578-Chapter_5_5.8_5.8.2-000000000.wav,Tò:hi̋:ju?
training_data/processed/conrad_wavs/walc-1_0579-Chapter_5_5.8_5.8.3-000000000.wav,Galiɂě:lî:ga
training_data/processed/conrad_wavs/walc-1_0580-Chapter_5_5.8_5.8.4-000000000.wav,À:kinǎ:lv́hi
training_data/processed/conrad_wavs/walc-1_0581-Chapter_5_5.8_5.8.5-000000000.wav,À:kinǎ:lv́ga
training_data/processed/conrad_wavs/walc-1_0582-Chapter_5_5.8_5.8.6-000000000.wav,Ő:sda à:gwadanhta.
training_data/processed/conrad_wavs/walc-1_0583-Chapter_5_5.8_5.8.7-000000000.wav,Jì:sgâ:ha
training_data/processed/conrad_wavs/walc-1_0586-Chapter_5_5.9_5.9.1-000000000.wav,À:tv̋:gô:di
training_data/processed/conrad_wavs/walc-1_0587-Chapter_5_5.9_5.9.10-000000455.wav,Ju:hnjő:sdi Agì:sdi
training_data/processed/conrad_wavs/walc-1_0590-Chapter_5_5.9_5.9.13-000000305.wav,Wahaya Nigawè:sgv̋
training_data/processed/conrad_wavs/walc-1_0593-Chapter_5_5.9_5.9.15-000000000.wav,Go:hű:sdi Ő:sda À:sv̂:ga.
training_data/processed/conrad_wavs/walc-1_0594-Chapter_5_5.9_5.9.16-000000000.wav,Ha:dlv Hi:gò:wahtí?
training_data/processed/conrad_wavs/walc-1_0595-Chapter_5_5.9_5.9.17-000000000.wav,Anő:sda Anisv̀:gi
training_data/processed/conrad_wavs/walc-1_0596-Chapter_5_5.9_5.9.17-000003005.wav,ù:ni:ji:lv̋:sgi
training_data/processed/conrad_wavs/walc-1_0597-Chapter_5_5.9_5.9.2-000000000.wav,À:gowahtv́hdi
training_data/processed/conrad_wavs/walc-1_0601-Chapter_5_5.9_5.9.6-000000000.wav,Gadō usd jago:hé:ɂi?
training_data/processed/conrad_wavs/walc-1_0602-Chapter_5_5.9_5.9.7-000000000.wav,hatv:gv̀:gaju?
training_data/processed/conrad_wavs/walc-1_0604-Chapter_5_5.9_5.9.9-000000000.wav,Go:hű:sdiju?
training_data/processed/conrad_wavs/walc-1_0606-Chapter_6_6.1_6.1.1-000000000.wav,Uwo:dű:hi
training_data/processed/conrad_wavs/walc-1_0607-Chapter_6_6.1_6.1.10-000000345.wav,Uɂné:gihldi
training_data/processed/conrad_wavs/walc-1_0608-Chapter_6_6.1_6.1.11-000000000.wav,Asama̋:di
training_data/processed/conrad_wavs/walc-1_0609-Chapter_6_6.1_6.1.12-000000000.wav,U:da:lv̋:kwdi
training_data/processed/conrad_wavs/walc-1_0611-Chapter_6_6.1_6.1.14-000000000.wav,Ǔ:tana
training_data/processed/conrad_wavs/walc-1_0612-Chapter_6_6.1_6.1.15-000000000.wav,E̋:gwa
training_data/processed/conrad_wavs/walc-1_0613-Chapter_6_6.1_6.1.16-000000225.wav,Ga:janű:li
training_data/processed/conrad_wavs/walc-1_0616-Chapter_6_6.1_6.1.19-000000000.wav,Uwőhldi
training_data/processed/conrad_wavs/walc-1_0617-Chapter_6_6.1_6.1.2-000000000.wav,U:da̋nhti
training_data/processed/conrad_wavs/walc-1_0618-Chapter_6_6.1_6.1.20-000000000.wav,Nu:dánhtv̋:na
training_data/processed/conrad_wavs/walc-1_0619-Chapter_6_6.1_6.1.20-000002295.wav,U:lu:lò:jv̋
training_data/processed/conrad_wavs/walc-1_0621-Chapter_6_6.1_6.1.22-000000000.wav,U:hlinǐ:gida
training_data/processed/conrad_wavs/walc-1_0622-Chapter_6_6.1_6.1.23-000000000.wav,Ǔ:kv̀:hisdi
training_data/processed/conrad_wavs/walc-1_0624-Chapter_6_6.1_6.1.25-000000000.wav,Uhli̋:sda
training_data/processed/conrad_wavs/walc-1_0625-Chapter_6_6.1_6.1.26-000000000.wav,U:danv:galv̋:da
training_data/processed/conrad_wavs/walc-1_0626-Chapter_6_6.1_6.1.27-000000000.wav,Ga:da:ha̋
training_data/processed/conrad_wavs/walc-1_0628-Chapter_6_6.1_6.1.4-000000000.wav,Gánayè:giyu
training_data/processed/conrad_wavs/walc-1_0629-Chapter_6_6.1_6.1.5-000000000.wav,U:gana̋:sda
training_data/processed/conrad_wavs/walc-1_0630-Chapter_6_6.1_6.1.6-000000000.wav,Ju:njő:sdi
training_data/processed/conrad_wavs/walc-1_0631-Chapter_6_6.1_6.1.7-000000000.wav,U:sganő:li
training_data/processed/conrad_wavs/walc-1_0632-Chapter_6_6.1_6.1.8-000000000.wav,U:hyv̀:sdi
training_data/processed/conrad_wavs/walc-1_0633-Chapter_6_6.1_6.1.9-000000000.wav,U:ne:gú:jida
training_data/processed/conrad_wavs/walc-1_0634-Chapter_6_6.2_6.2.1-000000000.wav,Gv̌:hnáge̋:ɂi
training_data/processed/conrad_wavs/walc-1_0635-Chapter_6_6.2_6.2.10-000000000.wav,Adě:la U:ne̋:ga
training_data/processed/conrad_wavs/walc-1_0636-Chapter_6_6.2_6.2.11-000000000.wav,Adě:la dalǒ:níge̋
training_data/processed/conrad_wavs/walc-1_0637-Chapter_6_6.2_6.2.12-000000235.wav,Uwǒ:díge̋
training_data/processed/conrad_wavs/walc-1_0638-Chapter_6_6.2_6.2.2-000000155.wav,Gǐ:gáge̋ɂi
training_data/processed/conrad_wavs/walc-1_0639-Chapter_6_6.2_6.2.3-000000000.wav,U:ne̋:ga
training_data/processed/conrad_wavs/walc-1_0640-Chapter_6_6.2_6.2.4-000000000.wav,dalǒ:níge̋ɂi
training_data/processed/conrad_wavs/walc-1_0641-Chapter_6_6.2_6.2.5-000000000.wav,adalǒ:níge̋ɂi
training_data/processed/conrad_wavs/walc-1_0642-Chapter_6_6.2_6.2.6-000000145.wav,Sakǒ:níge̋:ɂi
training_data/processed/conrad_wavs/walc-1_0643-Chapter_6_6.2_6.2.7-000000000.wav,Gǐ:gáge̋ ù:sgǒ:lv̋
training_data/processed/conrad_wavs/walc-1_0645-Chapter_6_6.2_6.2.9-000000335.wav,ijé:ɂiyű:sdi
training_data/processed/conrad_wavs/walc-1_0648-Chapter_6_6.3_6.3.11-000000645.wav,Uwo:dűjv Agě:hya.
training_data/processed/conrad_wavs/walc-1_0649-Chapter_6_6.3_6.3.11-000003405.wav,Ju:no:dűjv Ani:gě:hya.
training_data/processed/conrad_wavs/walc-1_0650-Chapter_6_6.3_6.3.12-000000000.wav,Ǔ:tana Yǒ:na Á:ɂi.
training_data/processed/conrad_wavs/walc-1_0651-Chapter_6_6.3_6.3.12-000003485.wav,Jǔ:ntana Yǒ:na à:na:ɂi.
training_data/processed/conrad_wavs/walc-1_0670-Chapter_6_6.3_6.3.9-000000000.wav,Ő:sda
training_data/processed/conrad_wavs/walc-1_0673-Chapter_6_6.4_6.4.1-000000000.wav,Gv̋:hdi
training_data/processed/conrad_wavs/walc-1_0674-Chapter_6_6.4_6.4.10-000000000.wav,Gahljǒ:de udlidí:dla Gadô:ga.
training_data/processed/conrad_wavs/walc-1_0675-Chapter_6_6.4_6.4.11-000000000.wav,Na Wě:sa Ga:sgilo Hawí:nidí:dla E:dó:ha.
training_data/processed/conrad_wavs/walc-1_0676-Chapter_6_6.4_6.4.12-000000000.wav,Ò:dalv̋:ɂi
training_data/processed/conrad_wavs/walc-1_0677-Chapter_6_6.4_6.4.12-000001775.wav,Galv̌:ládi:dla
training_data/processed/conrad_wavs/walc-1_0679-Chapter_6_6.4_6.4.13-000000000.wav,Ju:ni:là:wisdi
training_data/processed/conrad_wavs/walc-1_0680-Chapter_6_6.4_6.4.13-000002255.wav,Igv:yi̋ dí:dla dà:nidô:ga.
training_data/processed/conrad_wavs/walc-1_0681-Chapter_6_6.4_6.4.2-000000000.wav,"Na asgaya, Agě:hya"
training_data/processed/conrad_wavs/walc-1_0682-Chapter_6_6.4_6.4.2-000002815.wav,Gv:no:sásdi Gv̋:hdi
training_data/processed/conrad_wavs/walc-1_0683-Chapter_6_6.4_6.4.2-000005465.wav,Gv:no:sasgó
training_data/processed/conrad_wavs/walc-1_0684-Chapter_6_6.4_6.4.2-000007775.wav,ahyahtě:no.
training_data/processed/conrad_wavs/walc-1_0685-Chapter_6_6.4_6.4.3-000000000.wav,"Na asgaya, Agě:hya"
training_data/processed/conrad_wavs/walc-1_0686-Chapter_6_6.4_6.4.3-000003155.wav,ganv:gwalő:sdi Gv̋:hdi Gv:hníha.
training_data/processed/conrad_wavs/walc-1_0687-Chapter_6_6.4_6.4.4-000000000.wav,Idí:dla
training_data/processed/conrad_wavs/walc-1_0689-Chapter_6_6.4_6.4.6-000000000.wav,Amé:gwő idí:dla à:né:ga.
training_data/processed/conrad_wavs/walc-1_0690-Chapter_6_6.4_6.4.7-000000000.wav,Naɂv̋:ɂi
training_data/processed/conrad_wavs/walc-1_0691-Chapter_6_6.4_6.4.8-000000000.wav,V:dali Naɂv̋:ɂi dù:nǒ:hlv́:ɂi.
training_data/processed/conrad_wavs/walc-1_0692-Chapter_6_6.4_6.4.9-000000000.wav,udlidí:dla
training_data/processed/conrad_wavs/walc-1_0693-Chapter_6_6.5_6.5.1-000000000.wav,Ale
training_data/processed/conrad_wavs/walc-1_0694-Chapter_6_6.5_6.5.10-000000000.wav,"Ju:hno:gì:sdi Ù:du:lǐ:sgv̌:ɂi, ǎ:sé:sgíni Ù:dlv́:gv̌:ɂi."
training_data/processed/conrad_wavs/walc-1_0695-Chapter_6_6.5_6.5.11-000000000.wav,"Howa, hawa ale yigi"
training_data/processed/conrad_wavs/walc-1_0696-Chapter_6_6.5_6.5.11-000003975.wav,À:nadî:sgó:ɂi
training_data/processed/conrad_wavs/walc-1_0697-Chapter_6_6.5_6.5.2-000000000.wav,A:sé:hno
training_data/processed/conrad_wavs/walc-1_0698-Chapter_6_6.5_6.5.3-000000000.wav,Ale yigi
training_data/processed/conrad_wavs/walc-1_0699-Chapter_6_6.5_6.5.4-000000000.wav,ǎ:sé:sgíni
training_data/processed/conrad_wavs/walc-1_0702-Chapter_6_6.5_6.5.7-000000000.wav,V̀:sgihnv́
training_data/processed/conrad_wavs/walc-1_0703-Chapter_6_6.5_6.5.7-000001595.wav,iyű:sdi
training_data/processed/conrad_wavs/walc-1_0704-Chapter_6_6.5_6.5.8-000000000.wav,Asgaya ale Agě:hya aniwó:niha.
training_data/processed/conrad_wavs/walc-1_0705-Chapter_6_6.5_6.5.9-000000000.wav,Uwe:nv̀:sdi ù:du:líha A:sé:hno À:ga:sga.
training_data/processed/conrad_wavs/walc-1_0706-Chapter_6_6.6_6.6.1-000000175.wav,Sà:gwű asgaya ale Sà:gwű Agě:hya.
training_data/processed/conrad_wavs/walc-1_0707-Chapter_6_6.6_6.6.10-000000000.wav,À:nalsgí:ɂa
training_data/processed/conrad_wavs/walc-1_0708-Chapter_6_6.6_6.6.11-000000000.wav,Gahlíha
training_data/processed/conrad_wavs/walc-1_0709-Chapter_6_6.6_6.6.12-000000000.wav,Degà:hli:ló:sdiha
training_data/processed/conrad_wavs/walc-1_0710-Chapter_6_6.6_6.6.13-000000000.wav,Degawó:niha
training_data/processed/conrad_wavs/walc-1_0711-Chapter_6_6.6_6.6.14-000000000.wav,Gawó:niha
training_data/processed/conrad_wavs/walc-1_0712-Chapter_6_6.6_6.6.15-000000000.wav,Dù:nǒ:hla
training_data/processed/conrad_wavs/walc-1_0713-Chapter_6_6.6_6.6.16-000000000.wav,Analì:sdâ:yv:hv́sga
training_data/processed/conrad_wavs/walc-1_0714-Chapter_6_6.6_6.6.17-000000000.wav,Kò:hi̋ i:ga U:hyv:dla ale À:ga:sga.
training_data/processed/conrad_wavs/walc-1_0715-Chapter_6_6.6_6.6.18-000000000.wav,Nà:sgi ahawi Uwǒ:díge̋:ɂi A:sé:hno na Gà:tohga U:ne̋:ga.
training_data/processed/conrad_wavs/walc-1_0716-Chapter_6_6.6_6.6.19-000000000.wav,Na asgaya
training_data/processed/conrad_wavs/walc-1_0717-Chapter_6_6.6_6.6.19-000002355.wav,Ijéɂiyű:sdi Ulsǔ:hwi:da Ú:su:la ale Gv̌:hnáge̋ Dù:lâ:su:hla.
training_data/processed/conrad_wavs/walc-1_0718-Chapter_6_6.6_6.6.2-000000000.wav,Age:hyű:ja
training_data/processed/conrad_wavs/walc-1_0720-Chapter_6_6.6_6.6.20-000000000.wav,E:hlawe̋ Ù:wǒ:hla Agayv̌:líge̋ A:sé:hno Di:ni:yő:hli
training_data/processed/conrad_wavs/walc-1_0721-Chapter_6_6.6_6.6.20-000007195.wav,Dá:nane:lǒ:hv́sga.
training_data/processed/conrad_wavs/walc-1_0722-Chapter_6_6.6_6.6.21-000000375.wav,Sǒ:gwíli anà:hláɂiɂdó:hó:ɂi ale yigi
training_data/processed/conrad_wavs/walc-1_0724-Chapter_6_6.6_6.6.22-000000000.wav,"Ga:ge̋:daju,"
training_data/processed/conrad_wavs/walc-1_0726-Chapter_6_6.6_6.6.3-000000000.wav,"Gi:hli adhlidô:ha, Wě:sahno Gahlíha."
training_data/processed/conrad_wavs/walc-1_0727-Chapter_6_6.6_6.6.4-000000215.wav,Dǒ:yi dí:dla Gě:dô:a de:gádlì:ló:sdiha ale
training_data/processed/conrad_wavs/walc-1_0728-Chapter_6_6.6_6.6.4-000006155.wav,Gahljǒ:deɂi À:niyáa digigayv̌:líge̋.
training_data/processed/conrad_wavs/walc-1_0729-Chapter_6_6.6_6.6.5-000000000.wav,À:niɂluhgaju? À:nahnigíɂake?
training_data/processed/conrad_wavs/walc-1_0730-Chapter_6_6.6_6.6.6-000000000.wav,Na asgaya
training_data/processed/conrad_wavs/walc-1_0731-Chapter_6_6.6_6.6.6-000001885.wav,Ǐ:jú:la jalagi ale Yó:ne:ga
training_data/processed/conrad_wavs/walc-1_0732-Chapter_6_6.6_6.6.6-000005685.wav,degawó:niha.
training_data/processed/conrad_wavs/walc-1_0733-Chapter_6_6.6_6.6.7-000000000.wav,Di:ni:yő:hli
training_data/processed/conrad_wavs/walc-1_0734-Chapter_6_6.6_6.6.7-000002375.wav,À:nalì:sdâ:yv:hv́sga
training_data/processed/conrad_wavs/walc-1_0735-Chapter_6_6.6_6.6.7-000005065.wav,nahno
training_data/processed/conrad_wavs/walc-1_0736-Chapter_6_6.6_6.6.7-000006645.wav,Jǔ:natana
training_data/processed/conrad_wavs/walc-1_0737-Chapter_6_6.6_6.6.7-000008645.wav,Dà:nahlino:héha.
training_data/processed/conrad_wavs/walc-1_0738-Chapter_6_6.6_6.6.8-000000000.wav,Adtlidô:ha
training_data/processed/conrad_wavs/walc-1_0739-Chapter_6_6.6_6.6.9-000000000.wav,Dekáno:gí:ɂa
training_data/processed/conrad_wavs/walc-1_0741-Chapter_6_6.7_6.7.10-000000000.wav,Dó:ka? Doha?
training_data/processed/conrad_wavs/walc-1_0742-Chapter_6_6.7_6.7.11-000000000.wav,Ka! Idalě:nawu!
training_data/processed/conrad_wavs/walc-1_0743-Chapter_6_6.7_6.7.12-000000000.wav,Nű:la! Ina:hnigi!
training_data/processed/conrad_wavs/walc-1_0746-Chapter_6_6.7_6.7.14-000001445.wav,higo:hwahtaju?
training_data/processed/conrad_wavs/walc-1_0747-Chapter_6_6.7_6.7.15-000000000.wav,Nű:la! à:lsdàyvhdi̋ɂi!
training_data/processed/conrad_wavs/walc-1_0748-Chapter_6_6.7_6.7.16-000000315.wav,Si! WiGá:ɂi.
training_data/processed/conrad_wavs/walc-1_0749-Chapter_6_6.7_6.7.17-000000000.wav,Ayo! À:kinâ:sgwaló:ja
training_data/processed/conrad_wavs/walc-1_0750-Chapter_6_6.7_6.7.18-000000000.wav,"Uwo:dù:jv̌:ɂi, Dó:ka?"
training_data/processed/conrad_wavs/walc-1_0751-Chapter_6_6.7_6.7.19-000000000.wav,"Vv,"
training_data/processed/conrad_wavs/walc-1_0752-Chapter_6_6.7_6.7.19-000001655.wav,Kǎ:hwi À:wadu:líha.
training_data/processed/conrad_wavs/walc-1_0753-Chapter_6_6.7_6.7.2-000000000.wav,Nű:la!
training_data/processed/conrad_wavs/walc-1_0754-Chapter_6_6.7_6.7.20-000000000.wav,Ni! Gá:gō dà:yáɂi?
training_data/processed/conrad_wavs/walc-1_0756-Chapter_6_6.7_6.7.4-000000000.wav,Ayo!
training_data/processed/conrad_wavs/walc-1_0757-Chapter_6_6.7_6.7.5-000000295.wav,sgigí?
training_data/processed/conrad_wavs/walc-1_0759-Chapter_6_6.7_6.7.7-000000000.wav,Vhla
training_data/processed/conrad_wavs/walc-1_0760-Chapter_6_6.7_6.7.8-000000000.wav,Vv
training_data/processed/conrad_wavs/walc-1_0762-Chapter_6_6.8_6.8.1-000000145.wav,Hla yijiwó:niha.
training_data/processed/conrad_wavs/walc-1_0764-Chapter_6_6.8_6.8.2-000001725.wav,yà:gwadu:líha.
training_data/processed/conrad_wavs/walc-1_0766-Chapter_6_6.8_6.8.3-000002325.wav,Hla Junsdi yigi.
training_data/processed/conrad_wavs/walc-1_0767-Chapter_6_6.8_6.8.4-000000000.wav,Jalagi Gawó:ni:sgí.
training_data/processed/conrad_wavs/walc-1_0768-Chapter_6_6.8_6.8.4-000002575.wav,Hla jalagi Gawó:ni:sgí yigi.
training_data/processed/conrad_wavs/walc-1_0769-Chapter_6_6.8_6.8.5-000000000.wav,Ő:sda gè:sv̌.
training_data/processed/conrad_wavs/walc-1_0770-Chapter_6_6.8_6.8.5-000002325.wav,Hla Ő:sda yigè:sé:ɂi.
training_data/processed/conrad_wavs/walc-1_0771-Chapter_6_6.8_6.8.6-000000000.wav,Nv̀:ya Ǔ:tana gè:sé:ɂi.
training_data/processed/conrad_wavs/walc-1_0772-Chapter_6_6.8_6.8.6-000004735.wav,Hla Nv̀:ya Ǔ:tana yigè:sé:ɂi.
training_data/processed/conrad_wavs/walc-1_0773-Chapter_6_6.8_6.8.7-000000000.wav,Ő:sda gè:sé:sdi.
training_data/processed/conrad_wavs/walc-1_0774-Chapter_6_6.8_6.8.7-000002435.wav,Hla Ő:sda yigè:sé:sdi.
training_data/processed/conrad_wavs/walc-1_0775-Chapter_6_6.8_6.8.8-000000000.wav,Hiwó:nihaju? Hla hyiwó:niha.
training_data/processed/conrad_wavs/walc-1_0779-Chapter_6_6.9_6.9.4-000000225.wav,"Jalagi Gawó:ni:sgí, Dó:ka?"
training_data/processed/conrad_wavs/walc-1_0786-Chapter_7_7.1_7.1.1-000000765.wav,Ha:dlv hé:ga?
training_data/processed/conrad_wavs/walc-1_0787-Chapter_7_7.1_7.1.2-000000205.wav,Hilâ:yv̋ tè:si?
training_data/processed/conrad_wavs/walc-1_0788-Chapter_7_7.1_7.1.3-000000685.wav,Naɂvs he:dó:ha?
training_data/processed/conrad_wavs/walc-1_0789-Chapter_7_7.1_7.1.4-000000000.wav,Witě:dô:liju?
training_data/processed/conrad_wavs/walc-1_0790-Chapter_7_7.1_7.1.5-000000000.wav,Ha:dlv ù:ne:nv́:sé:ɂi?
training_data/processed/conrad_wavs/walc-1_0792-Chapter_7_7.1_7.1.7-000000265.wav,Hilâ iyv̋ tilúhji?
training_data/processed/conrad_wavs/walc-1_0793-Chapter_7_7.1_7.1.8-000000000.wav,Ha:dlv hwě:da?
training_data/processed/conrad_wavs/walc-1_0794-Chapter_7_7.1_7.1_Arrive_Future-000000415.wav,Dajiɂlúhji.
training_data/processed/conrad_wavs/walc-1_0795-Chapter_7_7.1_7.1_Arrive_Future-000002185.wav,Tiɂlúhji. Dagaɂlúhji.
training_data/processed/conrad_wavs/walc-1_0796-Chapter_7_7.1_7.1_Arrive_Future-000005395.wav,Dv̀:niɂlúhji.
training_data/processed/conrad_wavs/walc-1_0797-Chapter_7_7.1_7.1_Arrive_Future-000007805.wav,Dà:diɂlúhji.
training_data/processed/conrad_wavs/walc-1_0798-Chapter_7_7.1_7.1_Arrive_Present-000000495.wav,Jíɂluhga
training_data/processed/conrad_wavs/walc-1_0799-Chapter_7_7.1_7.1_Arrive_Present-000002785.wav,Híɂluhga
training_data/processed/conrad_wavs/walc-1_0800-Chapter_7_7.1_7.1_Arrive_Present-000004555.wav,Gaɂluhga
training_data/processed/conrad_wavs/walc-1_0801-Chapter_7_7.1_7.1_Arrive_Present-000006265.wav,à:niɂluhga.
training_data/processed/conrad_wavs/walc-1_0802-Chapter_7_7.1_7.1_Arrive_Present-000007965.wav,ì:diɂluhga
training_data/processed/conrad_wavs/walc-1_0803-Chapter_7_7.1_7.1_Arrive_Remote_Past-000000000.wav,à:gilúhjv̌
training_data/processed/conrad_wavs/walc-1_0804-Chapter_7_7.1_7.1_Arrive_Remote_Past-000002005.wav,Jalúhjv̌:ɂi. Ù:lúhjv̌:ɂi.
training_data/processed/conrad_wavs/walc-1_0805-Chapter_7_7.1_7.1_Arrive_Remote_Past-000005555.wav,Ù:nilúhjv̌:ɂi. Ì:gilúhjv̌:ɂi
training_data/processed/conrad_wavs/walc-1_0806-Chapter_7_7.1_7.1_Be_At_Future-000000585.wav,Dagě:dô:li
training_data/processed/conrad_wavs/walc-1_0807-Chapter_7_7.1_7.1_Be_At_Future-000002615.wav,Tě:dô:li
training_data/processed/conrad_wavs/walc-1_0808-Chapter_7_7.1_7.1_Be_At_Future-000004995.wav,Dayě:dô:li
training_data/processed/conrad_wavs/walc-1_0809-Chapter_7_7.1_7.1_Be_At_Future-000007085.wav,Dv̀:ně:dô:li
training_data/processed/conrad_wavs/walc-1_0810-Chapter_7_7.1_7.1_Be_At_Future-000009015.wav,Dà:dě:dô:li
training_data/processed/conrad_wavs/walc-1_0811-Chapter_7_7.1_7.1_Be_At_Immediate_Past-000000000.wav,Gě:da. Hě:da. ě:da.
training_data/processed/conrad_wavs/walc-1_0812-Chapter_7_7.1_7.1_Be_At_Immediate_Past-000004375.wav,À:ně:da.
training_data/processed/conrad_wavs/walc-1_0813-Chapter_7_7.1_7.1_Be_At_Immediate_Past-000006445.wav,Ì:dě:da
training_data/processed/conrad_wavs/walc-1_0814-Chapter_7_7.1_7.1_Be_At_Present-000000435.wav,Ge:dó:ha
training_data/processed/conrad_wavs/walc-1_0815-Chapter_7_7.1_7.1_Be_At_Present-000002535.wav,He:dó:ha
training_data/processed/conrad_wavs/walc-1_0816-Chapter_7_7.1_7.1_Be_At_Present-000004535.wav,E:dó:ha
training_data/processed/conrad_wavs/walc-1_0817-Chapter_7_7.1_7.1_Be_At_Present-000006445.wav,À:ne:dó:ha
training_data/processed/conrad_wavs/walc-1_0818-Chapter_7_7.1_7.1_Be_At_Present-000008355.wav,Ì:de:dó:ha
training_data/processed/conrad_wavs/walc-1_0819-Chapter_7_7.1_7.1_Be_At_Remote_Past-000000000.wav,À:gwě:dô:lv̌:ɂi
training_data/processed/conrad_wavs/walc-1_0820-Chapter_7_7.1_7.1_Be_At_Remote_Past-000002855.wav,Jě:dô:lv̌:ɂi
training_data/processed/conrad_wavs/walc-1_0821-Chapter_7_7.1_7.1_Be_At_Remote_Past-000005325.wav,Ù:wě:dô:lv̌:ɂi
training_data/processed/conrad_wavs/walc-1_0822-Chapter_7_7.1_7.1_Be_At_Remote_Past-000007525.wav,Ù:ně:dô:lv̌:ɂi
training_data/processed/conrad_wavs/walc-1_0823-Chapter_7_7.1_7.1_Be_At_Remote_Past-000009795.wav,Ì:gě:dô:lv̌:ɂi
training_data/processed/conrad_wavs/walc-1_0824-Chapter_7_7.1_7.1_Go_Future-000000355.wav,Dagé:si
training_data/processed/conrad_wavs/walc-1_0825-Chapter_7_7.1_7.1_Go_Future-000002255.wav,Té:si. Dayé:si. Dvné:si. Dà:dé:si.
training_data/processed/conrad_wavs/walc-1_0826-Chapter_7_7.1_7.1_Go_Present-000000685.wav,Gé:ga
training_data/processed/conrad_wavs/walc-1_0827-Chapter_7_7.1_7.1_Go_Present-000002395.wav,hé:ga
training_data/processed/conrad_wavs/walc-1_0828-Chapter_7_7.1_7.1_Go_Present-000003985.wav,é:ga
training_data/processed/conrad_wavs/walc-1_0829-Chapter_7_7.1_7.1_Go_Present-000005595.wav,à:né:ga
training_data/processed/conrad_wavs/walc-1_0830-Chapter_7_7.1_7.1_Go_Present-000007505.wav,Ì:dé:ga
training_data/processed/conrad_wavs/walc-1_0831-Chapter_7_7.1_7.1_Go_Remote_Past-000000355.wav,à:gwe:nv́:sv̌:ɂi
training_data/processed/conrad_wavs/walc-1_0832-Chapter_7_7.1_7.1_Go_Remote_Past-000002865.wav,Je:nv́:sv̌:ɂi
training_data/processed/conrad_wavs/walc-1_0833-Chapter_7_7.1_7.1_Go_Remote_Past-000004825.wav,ù:we:nv́:sv̌:ɂi
training_data/processed/conrad_wavs/walc-1_0834-Chapter_7_7.1_7.1_Go_Remote_Past-000007305.wav,ù:ne:nv́:sv̌:ɂi.
training_data/processed/conrad_wavs/walc-1_0835-Chapter_7_7.1_7.1_Go_Remote_Past-000009425.wav,Ì:ge:nv́:sv̌:ɂi.
training_data/processed/conrad_wavs/walc-1_0836-Chapter_7_7.2_7.2.1-000000000.wav,Áhani
training_data/processed/conrad_wavs/walc-1_0837-Chapter_7_7.2_7.2.10-000000000.wav,Udliyvɂi
training_data/processed/conrad_wavs/walc-1_0838-Chapter_7_7.2_7.2.11-000000000.wav,Galv̌:ládi:dla
training_data/processed/conrad_wavs/walc-1_0839-Chapter_7_7.2_7.2.12-000000000.wav,E:ladi:dla
training_data/processed/conrad_wavs/walc-1_0840-Chapter_7_7.2_7.2.13-000000000.wav,ilvhdlv̋:ɂi
training_data/processed/conrad_wavs/walc-1_0841-Chapter_7_7.2_7.2.14-000000000.wav,Hawí:ni dí:dla
training_data/processed/conrad_wavs/walc-1_0842-Chapter_7_7.2_7.2.15-000000135.wav,Geɂidí:dla
training_data/processed/conrad_wavs/walc-1_0843-Chapter_7_7.2_7.2.16-000000000.wav,I̋:na
training_data/processed/conrad_wavs/walc-1_0844-Chapter_7_7.2_7.2.2-000000000.wav,Naɂv
training_data/processed/conrad_wavs/walc-1_0845-Chapter_7_7.2_7.2.3-000000000.wav,Idí:dla
training_data/processed/conrad_wavs/walc-1_0846-Chapter_7_7.2_7.2.4-000000265.wav,Nikv̋:ɂi
training_data/processed/conrad_wavs/walc-1_0847-Chapter_7_7.2_7.2.6-000000135.wav,Hlá ilv́hdlv
training_data/processed/conrad_wavs/walc-1_0848-Chapter_7_7.2_7.2.7-000000000.wav,Jo:gidí:dla
training_data/processed/conrad_wavs/walc-1_0849-Chapter_7_7.2_7.2.8-000000000.wav,V̀:hna̋ɂi
training_data/processed/conrad_wavs/walc-1_0850-Chapter_7_7.2_7.2.9-000000195.wav,Á:ge̋ɂi
training_data/processed/conrad_wavs/walc-1_0851-Chapter_7_7.3_7.3.1-000000000.wav,Á:ge̋ digadô:ga.
training_data/processed/conrad_wavs/walc-1_0852-Chapter_7_7.3_7.3.2-000000485.wav,V̀:hna̋ dà:nino:gí:ɂa.
training_data/processed/conrad_wavs/walc-1_0853-Chapter_7_7.3_7.3.3-000000000.wav,Di:wé:nv̀:sv̋:ɂi o:hnidí:dla dà:gilv̌:hwísdà:neha.
training_data/processed/conrad_wavs/walc-1_0854-Chapter_7_7.3_7.3.4-000000000.wav,Gǎ:tí:yő:ɂi wò:gě:dô:lv̌ dǒ:dágwi:de̋:na Usv̋:ɂi jigè:sv̌:ɂi.
training_data/processed/conrad_wavs/walc-1_0855-Chapter_7_7.3_7.3.5-000000000.wav,ju:ni:là:wisdi̋:ɂi dí:dla wò:sdá:ɂi.
training_data/processed/conrad_wavs/walc-1_0856-Chapter_7_7.3_7.3.6-000000000.wav,I̋:na digè:sv̌:ɂi wà:nině:la.
training_data/processed/conrad_wavs/walc-1_0857-Chapter_7_7.3_7.3.7-000000000.wav,Nikv̋:ɂi à:ně:dô:lǐ:dô:hó:ɂi.
training_data/processed/conrad_wavs/walc-1_0858-Chapter_7_7.3_7.3.8-000000000.wav,Áhani
training_data/processed/conrad_wavs/walc-1_0859-Chapter_7_7.3_7.3.8-000001425.wav,iyv̋:ɂi dv̀:niɂlúhji
training_data/processed/conrad_wavs/walc-1_0860-Chapter_7_7.4_7.4.1-000000000.wav,Jǔ:hyv́:dlv̋:ɂi
training_data/processed/conrad_wavs/walc-1_0861-Chapter_7_7.4_7.4.10-000000000.wav,Ha:dlv?
training_data/processed/conrad_wavs/walc-1_0862-Chapter_7_7.4_7.4.11-000000155.wav,Ha:dlv hé:ga?
training_data/processed/conrad_wavs/walc-1_0863-Chapter_7_7.4_7.4.12-000000000.wav,Ha:dlv hwikti?
training_data/processed/conrad_wavs/walc-1_0864-Chapter_7_7.4_7.4.13-000000000.wav,Jǔ:gá:nawv̋ idí:dla wò:jigti.
training_data/processed/conrad_wavs/walc-1_0865-Chapter_7_7.4_7.4.14-000000245.wav,Di:gilv̌:hwísdà:nehdi̋ɂi Gé:ga.
training_data/processed/conrad_wavs/walc-1_0866-Chapter_7_7.4_7.4.2-000000175.wav,Jǔ:gá:nawv̋ɂi
training_data/processed/conrad_wavs/walc-1_0867-Chapter_7_7.4_7.4.3-000000325.wav,Galv́:ladi
training_data/processed/conrad_wavs/walc-1_0868-Chapter_7_7.4_7.4.4-000000000.wav,aye̋:hli
training_data/processed/conrad_wavs/walc-1_0869-Chapter_7_7.4_7.4.5-000000195.wav,Dikalv̌:gv̋:ɂi
training_data/processed/conrad_wavs/walc-1_0870-Chapter_7_7.4_7.4.6-000000000.wav,Wǔ:dé:lì:gv̋:ɂi
training_data/processed/conrad_wavs/walc-1_0871-Chapter_7_7.4_7.4.7-000000185.wav,E:ladi
training_data/processed/conrad_wavs/walc-1_0872-Chapter_7_7.4_7.4.8-000000000.wav,Idí:dla
training_data/processed/conrad_wavs/walc-1_0873-Chapter_7_7.4_7.4.9-000000000.wav,Ha:dlv idí:dla?
training_data/processed/conrad_wavs/walc-1_0874-Chapter_7_7.5_7.5.1-000000145.wav,Dà:gilv̌:hwísdà:ne:lv̌:ɂi. Dà:gilv̌:hwísdà:ne:lé:ga.
training_data/processed/conrad_wavs/walc-1_0875-Chapter_7_7.5_7.5.2-000000000.wav,À:gwalsdâ:yv:hnv̌:ɂi. Galisdâ:yv:hné:ga.
training_data/processed/conrad_wavs/walc-1_0876-Chapter_7_7.5_7.5.3-000000000.wav,Ù:nasǔ:hnv́:ɂi. À:nasǔ:hné:ga.
training_data/processed/conrad_wavs/walc-1_0877-Chapter_7_7.6_7.6.1-000000000.wav,Gadúɂi.
training_data/processed/conrad_wavs/walc-1_0878-Chapter_7_7.6_7.6.10-000000000.wav,Akti:si.
training_data/processed/conrad_wavs/walc-1_0879-Chapter_7_7.6_7.6.2-000000245.wav,Galv̌:ládi:dla
training_data/processed/conrad_wavs/walc-1_0881-Chapter_7_7.6_7.6.4-000000445.wav,Ù:hna̋ɂi
training_data/processed/conrad_wavs/walc-1_0882-Chapter_7_7.6_7.6.5-000000000.wav,Á:ge̋ɂi
training_data/processed/conrad_wavs/walc-1_0883-Chapter_7_7.6_7.6.6-000000000.wav,Áhani
training_data/processed/conrad_wavs/walc-1_0884-Chapter_7_7.6_7.6.7-000000000.wav,I̋:na
training_data/processed/conrad_wavs/walc-1_0885-Chapter_7_7.6_7.6.8-000000000.wav,aye̋:hli
training_data/processed/conrad_wavs/walc-1_0886-Chapter_7_7.6_7.6.9-000000245.wav,Aksganíni
training_data/processed/conrad_wavs/walc-1_0887-Chapter_7_7.7_7.7.1-000000485.wav,Agǔ:sa. Gǔ:só:ɂi.
training_data/processed/conrad_wavs/walc-1_0888-Chapter_7_7.7_7.7.2-000000000.wav,Kò:lvnv. Kò:lvnv̋:ɂi.
training_data/processed/conrad_wavs/walc-1_0889-Chapter_7_7.7_7.7.3-000000000.wav,Ama. Amó:ɂi.
training_data/processed/conrad_wavs/walc-1_0890-Chapter_7_7.7_7.7.4-000000000.wav,Talǔ:ja. Talǔ:jó:hi.
training_data/processed/conrad_wavs/walc-1_0891-Chapter_7_7.7_7.7.5-000000000.wav,Ga:sgilo. Ga:sgilohi.
training_data/processed/conrad_wavs/walc-1_0893-Chapter_7_7.8_7.8.10-000000335.wav,Dì:ktule̋:na
training_data/processed/conrad_wavs/walc-1_0894-Chapter_7_7.8_7.8.11-000000000.wav,Gadō u:sdi Dì:ktule̋:na jaha?
training_data/processed/conrad_wavs/walc-1_0896-Chapter_7_7.8_7.8.13-000000000.wav,Ő:sda nidv̀:nane:li Dagwalé:li à:gwaje:li.
training_data/processed/conrad_wavs/walc-1_0897-Chapter_7_7.8_7.8.14-000000255.wav,"Asgaya, Agě:hya"
training_data/processed/conrad_wavs/walc-1_0898-Chapter_7_7.8_7.8.14-000002935.wav,Ò:sdihíɂlǐ:dô:ha
training_data/processed/conrad_wavs/walc-1_0900-Chapter_7_7.8_7.8.16-000000000.wav,Uwe̋:ti Go:hlv:hnv̋ Dì:ktule̋:na à:giha.
training_data/processed/conrad_wavs/walc-1_0901-Chapter_7_7.8_7.8.17-000000225.wav,Hila̋ iyu:de:tiyv̋:da?
training_data/processed/conrad_wavs/walc-1_0902-Chapter_7_7.8_7.8.18-000000175.wav,Gá:gō Ù:wo:hlv:hnv̌:ɂi?
training_data/processed/conrad_wavs/walc-1_0904-Chapter_7_7.8_7.8.2-000000325.wav,Jǐ:yu ahlawi:tdi̋:sgi
training_data/processed/conrad_wavs/walc-1_0907-Chapter_7_7.8_7.8.22-000000000.wav,Ha:dlv iyv̋:ɂi hi:ktǐ:ya?
training_data/processed/conrad_wavs/walc-1_0913-Chapter_7_7.8_7.8.28-000000000.wav,Ù:go:hnǐ:yô:ga
training_data/processed/conrad_wavs/walc-1_0914-Chapter_7_7.8_7.8.3-000000265.wav,Jǐ:yu
training_data/processed/conrad_wavs/walc-1_0916-Chapter_7_7.8_7.8.5-000000605.wav,Nv:nǒ:hi
training_data/processed/conrad_wavs/walc-1_0917-Chapter_7_7.8_7.8.6-000000000.wav,Ajǐ:la Nv:nǒ:hi
training_data/processed/conrad_wavs/walc-1_0918-Chapter_7_7.8_7.8.7-000000000.wav,Dagwalé:lu
training_data/processed/conrad_wavs/walc-1_0921-Chapter_7_7.8_7.8_Drive_Habitual-000000000.wav,Jiɂíɂlǐ:dô:hó:ɂi
training_data/processed/conrad_wavs/walc-1_0922-Chapter_7_7.8_7.8_Drive_Habitual-000002625.wav,hihíɂlǐ:dô:hó:ɂi. ahíɂlǐ:dô:hó:ɂi.
training_data/processed/conrad_wavs/walc-1_0923-Chapter_7_7.8_7.8_Drive_Habitual-000006825.wav,à:nihíɂlǐ:dô:hó:ɂi. Ì:dihíɂlǐ:dô:hó:ɂi.
training_data/processed/conrad_wavs/walc-1_0924-Chapter_7_7.8_7.8_Drive_Present-000000585.wav,Jiɂíɂlǐ:dô:ha.
training_data/processed/conrad_wavs/walc-1_0925-Chapter_7_7.8_7.8_Drive_Present-000002505.wav,Hihíɂlǐ:dô:ha. Ahíɂlǐ:dô:ha. À:nihíɂlǐ:dô:ha. Ì:dihíɂlǐ:dô:ha.
training_data/processed/conrad_wavs/walc-1_0926-Chapter_7_7.8_7.8_Drive_Progressive_Past-000000000.wav,Jiɂíɂlǐ:dô:hv̌:ɂi
training_data/processed/conrad_wavs/walc-1_0927-Chapter_7_7.8_7.8_Drive_Progressive_Past-000003055.wav,hihíɂlǐ:dô:hv̌:ɂi. à:nihíɂlǐ:dô:hv̌:ɂi.
training_data/processed/conrad_wavs/walc-1_0928-Chapter_7_7.8_7.8_Drive_Progressive_Past-000008085.wav,ahíɂlǐ:dô:hv̌:ɂi. à:nihíɂlǐ:dô:hv̌:ɂi.  Ì:dihíɂlǐ:dô:hv̌:ɂi.
training_data/processed/conrad_wavs/walc-1_0938-Chapter_7_7.8_7.8_Walk_Future-000000000.wav,Gá:ɂi:sé:sdi. Há:ɂi:sé:sdi. á:ɂi:sé:sdi. à:ná:ɂi:sé:sdi. Ì:dá:ɂi:sé:sdi.
training_data/processed/conrad_wavs/walc-1_0939-Chapter_7_7.8_7.8_Walk_Past-000001315.wav,Gá:ɂi:sv̌:ɂi.
training_data/processed/conrad_wavs/walc-1_0940-Chapter_7_7.8_7.8_Walk_Past-000003115.wav,Há:ɂi:sv̌:ɂi.
training_data/processed/conrad_wavs/walc-1_0941-Chapter_7_7.8_7.8_Walk_Past-000005055.wav,á:ɂi:sv̌:ɂi.
training_data/processed/conrad_wavs/walc-1_0942-Chapter_7_7.8_7.8_Walk_Past-000007495.wav,à:ná:ɂi:sv̌:ɂi. Ì:dá:ɂi:sv̌:ɂi.
training_data/processed/conrad_wavs/walc-1_0943-Chapter_7_7.8_7.8_Walk_Present-000000225.wav,Gá:ɂi.
training_data/processed/conrad_wavs/walc-1_0944-Chapter_7_7.8_7.8_Walk_Present-000001575.wav,Há:ɂi. Á:ɂi. à:ná:ɂi. Ì:dá:ɂi.
training_data/processed/conrad_wavs/walc-1_0950-Chapter_7_7.9_7.9.1-000024645.wav,"Sǐ:gwuhno hle̋:ga u:ktǐ:dî:sdi̋ɂi, jǐ:yu ahlawi:tdi̋:sgi ù:go:hnǐ:yô:ga. Já:niɂhno do:hiyu ù:wa:nv́:ga"
training_data/processed/conrad_wavs/walc-1_0951-Chapter_7_7.9_7.9.1-000034965.wav,Jǐ:yu u:jò:di.
training_data/processed/conrad_wavs/walc-1_0952-Chapter_7_7.9_7.9.10-000000000.wav,ù:wa:nv́:ga
training_data/processed/conrad_wavs/walc-1_0954-Chapter_7_7.9_7.9.11-000009835.wav,I̋:na ǐ:digati dà:da:ně:la.
training_data/processed/conrad_wavs/walc-1_0955-Chapter_7_7.9_7.9.11-000013305.wav,Nahnosgwu ǔ:gò:di ju:dale:hnv̋:da jù:nalsdàyhdi̋.
training_data/processed/conrad_wavs/walc-1_0958-Chapter_7_7.9_7.9.12-000000000.wav,Ǔ:tani ga:dú:hv̋:ɂi
training_data/processed/conrad_wavs/walc-1_0959-Chapter_7_7.9_7.9.13-000000165.wav,à:nò:séhóɂi
training_data/processed/conrad_wavs/walc-1_0960-Chapter_7_7.9_7.9.14-000000000.wav,ju:dale:hnv̋:da
training_data/processed/conrad_wavs/walc-1_0961-Chapter_7_7.9_7.9.15-000000000.wav,Dà:da:náɂnv̋:i
training_data/processed/conrad_wavs/walc-1_0962-Chapter_7_7.9_7.9.16-000000195.wav,I̋:na ǐ:digati
training_data/processed/conrad_wavs/walc-1_0963-Chapter_7_7.9_7.9.17-000000000.wav,Dà:da:ně:lv̋
training_data/processed/conrad_wavs/walc-1_0964-Chapter_7_7.9_7.9.18-000000000.wav,ǔ:gò:di
training_data/processed/conrad_wavs/walc-1_0965-Chapter_7_7.9_7.9.19-000000000.wav,jù:nalsdàyhdi̋ɂi
training_data/processed/conrad_wavs/walc-1_0966-Chapter_7_7.9_7.9.2-000000000.wav,dì:ktǐ:ya
training_data/processed/conrad_wavs/walc-1_0970-Chapter_7_7.9_7.9.4-000000000.wav,Iyú:nadǒ:dagwà:sdi
training_data/processed/conrad_wavs/walc-1_0971-Chapter_7_7.9_7.9.5-000000000.wav,Ǐ:gó:hi̋:da
training_data/processed/conrad_wavs/walc-1_0972-Chapter_7_7.9_7.9.6-000000000.wav,wè:dó:hé:sdi
training_data/processed/conrad_wavs/walc-1_0974-Chapter_7_7.9_7.9.8-000000000.wav,Nà:hiyű
training_data/processed/conrad_wavs/walc-1_0975-Chapter_7_7.9_7.9.9-000000000.wav,Ù:go:hnǐ:yô:ga
training_data/processed/conrad_wavs/walc-1_0976-Chapter_8_8.1_8.1.1-000000605.wav,Gadi:dí:ɂa
training_data/processed/conrad_wavs/walc-1_0977-Chapter_8_8.1_8.1.10-000000000.wav,Gà:nigī
training_data/processed/conrad_wavs/walc-1_0978-Chapter_8_8.1_8.1.11-000000000.wav,De:gálâ:su:hlv̂:gā
training_data/processed/conrad_wavs/walc-1_0979-Chapter_8_8.1_8.1.12-000000575.wav,Galì:tawǒ:jā
training_data/processed/conrad_wavs/walc-1_0980-Chapter_8_8.1_8.1.13-000000000.wav,Álsdàyhdi gadv:nv:ɂisdā
training_data/processed/conrad_wavs/walc-1_0981-Chapter_8_8.1_8.1.14-000000000.wav,Dihnawo deji:tv́:lā
training_data/processed/conrad_wavs/walc-1_0982-Chapter_8_8.1_8.1.15-000000000.wav,"Kò:hi̋ Saná:le̋, Sǔ:dáli àhlíɂilǐ:sv Jiyé:gī."
training_data/processed/conrad_wavs/walc-1_0984-Chapter_8_8.1_8.1.15-000015355.wav,"wijiyv̌:hā, De:jinhdóhgv̋hno de:jinv:galā. Nǒ:gwúle uhli̋:sda Gadawǒ:jā."
training_data/processed/conrad_wavs/walc-1_0985-Chapter_8_8.1_8.1.15-000024165.wav,"Gadawó:ɂohna, de:ganìwǒ:jā. Deganiwoɂohnahno i:ga e̋:hi."
training_data/processed/conrad_wavs/walc-1_0986-Chapter_8_8.1_8.1.15-000031695.wav,álsdàyhdi gadvnvɂisda. Gahlgwǒ:gi àhlíɂilǐ:sv gà:nigī.
training_data/processed/conrad_wavs/walc-1_0987-Chapter_8_8.1_8.1.2-000000135.wav,iyè:gi
training_data/processed/conrad_wavs/walc-1_0988-Chapter_8_8.1_8.1.3-000000135.wav,Gadv:nv́:ɂisdíha
training_data/processed/conrad_wavs/walc-1_0989-Chapter_8_8.1_8.1.4-000000000.wav,Gadawǒ:jā
training_data/processed/conrad_wavs/walc-1_0990-Chapter_8_8.1_8.1.5-000000285.wav,De:jinidóhgv̋
training_data/processed/conrad_wavs/walc-1_0991-Chapter_8_8.1_8.1.5-000002695.wav,de:jinv:galā
training_data/processed/conrad_wavs/walc-1_0992-Chapter_8_8.1_8.1.6-000000000.wav,De:jî:tě:sga
training_data/processed/conrad_wavs/walc-1_0993-Chapter_8_8.1_8.1.7-000000000.wav,Dǒ:yi e:dà:sdi wijiyv̌:hā.
training_data/processed/conrad_wavs/walc-1_0995-Chapter_8_8.1_8.1.9-000000000.wav,de:ganìwǒ:jā
training_data/processed/conrad_wavs/walc-1_0996-Chapter_8_8.2_8.2.1-000000000.wav,Gá:gō gawó:niha?
training_data/processed/conrad_wavs/walc-1_0997-Chapter_8_8.2_8.2.10-000000000.wav,Jalagiju sdiwó:ni̋:sgi?
training_data/processed/conrad_wavs/walc-1_0998-Chapter_8_8.2_8.2.11-000000000.wav,À:de:hlohgwáɂa uwò:nǐ:hisdi̋:ɂi.
training_data/processed/conrad_wavs/walc-1_0999-Chapter_8_8.2_8.2.12-000000175.wav,Jalagi dv̀:niwó:ni:si di:ni:yő:hli.
training_data/processed/conrad_wavs/walc-1_1000-Chapter_8_8.2_8.2.13-000000000.wav,Nǔ:dále̋ aniwó:niha.
training_data/processed/conrad_wavs/walc-1_1001-Chapter_8_8.2_8.2.14-000000000.wav,Jalagi hihlíno:he:da.
training_data/processed/conrad_wavs/walc-1_1002-Chapter_8_8.2_8.2.15-000000000.wav,Kò:hi̋
training_data/processed/conrad_wavs/walc-1_1003-Chapter_8_8.2_8.2.15-000001435.wav,jò:sdà:hlino:hě:sgv̌.
training_data/processed/conrad_wavs/walc-1_1004-Chapter_8_8.2_8.2.2-000000000.wav,Na a:nitaɂli aniwó:niha.
training_data/processed/conrad_wavs/walc-1_1005-Chapter_8_8.2_8.2.3-000000000.wav,Gadō u:sdi hì:no:héha?
training_data/processed/conrad_wavs/walc-1_1006-Chapter_8_8.2_8.2.4-000000000.wav,Kò:hî:yv̋ da:yò:jiwó:ni:si.
training_data/processed/conrad_wavs/walc-1_1007-Chapter_8_8.2_8.2.5-000000000.wav,Ì:nahlino:hě:hlv̄:ɂi
training_data/processed/conrad_wavs/walc-1_1008-Chapter_8_8.2_8.2.6-000000000.wav,Ő:sda ji:nahlíno:hv:lī.
training_data/processed/conrad_wavs/walc-1_1009-Chapter_8_8.2_8.2.7-000000000.wav,Gawò:nǐ:hisdi. à:hlino:hehdi. à:hlino:hehdodi.
training_data/processed/conrad_wavs/walc-1_1010-Chapter_8_8.2_8.2.8-000000000.wav,Jimi
training_data/processed/conrad_wavs/walc-1_1011-Chapter_8_8.2_8.2.8-000001765.wav,ò:sdahlino:héha
training_data/processed/conrad_wavs/walc-1_1012-Chapter_8_8.2_8.2.9-000000000.wav,Jalagi ale Yó:ne:ga
training_data/processed/conrad_wavs/walc-1_1013-Chapter_8_8.2_8.2.9-000003575.wav,dà:niwó:ni:sgó gǎ:tí:yő:ɂi.
training_data/processed/conrad_wavs/walc-1_1020-Chapter_8_8.2_8.2_Speak_Future-000000000.wav,Da:jiwó:ni:si. Tiwó:ni:si. Da:gawó:ni:si.
training_data/processed/conrad_wavs/walc-1_1021-Chapter_8_8.2_8.2_Speak_Future-000005955.wav,Dv̀:niwó:ni:si. Dà:diwó:ni:si.
training_data/processed/conrad_wavs/walc-1_1022-Chapter_8_8.2_8.2_Speak_Present-000000195.wav,Jiwó:niha. Hiwó:niha. Gawó:niha. À:niwó:niha. Ì:diwó:niha.
training_data/processed/conrad_wavs/walc-1_1023-Chapter_8_8.2_8.2_Speak_Remote_Past-000000000.wav,À:giwó:ni:sv̌:ɂi.
training_data/processed/conrad_wavs/walc-1_1024-Chapter_8_8.2_8.2_Speak_Remote_Past-000002865.wav,Jawó:ni:sv̌:ɂi. Ù:wó:ni:sv̌:ɂi. Ù:niwó:ni:sv̌:ɂi. Ì:giwó:ni:sv̌:ɂi.
training_data/processed/conrad_wavs/walc-1_1025-Chapter_8_8.3_8.3.1-000000000.wav,Gahljǒ:de!
training_data/processed/conrad_wavs/walc-1_1026-Chapter_8_8.3_8.3.10-000000000.wav,Jayó:sihaju?
training_data/processed/conrad_wavs/walc-1_1027-Chapter_8_8.3_8.3.11-000000000.wav,Kǎ:hwiju jadu:líɂa?
training_data/processed/conrad_wavs/walc-1_1028-Chapter_8_8.3_8.3.12-000000375.wav,Jatade:gíɂju?
training_data/processed/conrad_wavs/walc-1_1029-Chapter_8_8.3_8.3.13-000000235.wav,Go:hű:sdiju jagì:sdi jadu:líɂa?
training_data/processed/conrad_wavs/walc-1_1030-Chapter_8_8.3_8.3.14-000000000.wav,ì:jě:dô:lv:ɂi
training_data/processed/conrad_wavs/walc-1_1031-Chapter_8_8.3_8.3.2-000000000.wav,ehiyv̌:ha
training_data/processed/conrad_wavs/walc-1_1032-Chapter_8_8.3_8.3.3-000000000.wav,Ejiyv̌:ha
training_data/processed/conrad_wavs/walc-1_1033-Chapter_8_8.3_8.3.4-000000445.wav,De:gv:yadani:lv́:gi.
training_data/processed/conrad_wavs/walc-1_1034-Chapter_8_8.3_8.3.5-000000000.wav,Dè:jv:yadani:lv́:gi.
training_data/processed/conrad_wavs/walc-1_1037-Chapter_8_8.3_8.3.8-000000000.wav,Halisdě:lagwu!
training_data/processed/conrad_wavs/walc-1_1038-Chapter_8_8.3_8.3.9-000000000.wav,a:lsdàyhdi̋:ɂi!
training_data/processed/conrad_wavs/walc-1_1039-Chapter_8_8.4_8.4.1-000000000.wav,Jayó:sihaju?
training_data/processed/conrad_wavs/walc-1_1040-Chapter_8_8.4_8.4.10-000000000.wav,Ì:nalisdâ:yv:hnú:ga!
training_data/processed/conrad_wavs/walc-1_1041-Chapter_8_8.4_8.4.11-000000165.wav,Gadō u:sdi tigi?
training_data/processed/conrad_wavs/walc-1_1042-Chapter_8_8.4_8.4.12-000000000.wav,Jù:nà:lsdàyhdi̋:ɂi.
training_data/processed/conrad_wavs/walc-1_1043-Chapter_8_8.4_8.4.13-000000475.wav,Gadō u:sdi hv:hnisdíha?
training_data/processed/conrad_wavs/walc-1_1044-Chapter_8_8.4_8.4.14-000000945.wav,Ojada:sdâ:yv:hvsga.
training_data/processed/conrad_wavs/walc-1_1045-Chapter_8_8.4_8.4.15-000000000.wav,te:lǐ:do
training_data/processed/conrad_wavs/walc-1_1046-Chapter_8_8.4_8.4.16-000000000.wav,Adǐ:tasdi
training_data/processed/conrad_wavs/walc-1_1047-Chapter_8_8.4_8.4.17-000000000.wav,Ahyelsdi
training_data/processed/conrad_wavs/walc-1_1048-Chapter_8_8.4_8.4.18-000000000.wav,E:li̋:gwuju?
training_data/processed/conrad_wavs/walc-1_1049-Chapter_8_8.4_8.4.19-000000000.wav,Ga̋:duju digv:jahlánv̋:ɂi dù:nadu:líha?
training_data/processed/conrad_wavs/walc-1_1050-Chapter_8_8.4_8.4.2-000000000.wav,yà:gwadǔ:la agigisdi.
training_data/processed/conrad_wavs/walc-1_1052-Chapter_8_8.4_8.4.21-000000455.wav,Ama de:sgi:né:hv̀:si.
training_data/processed/conrad_wavs/walc-1_1053-Chapter_8_8.4_8.4.22-000000000.wav,Ga̋:du ale Hawi:ya dò:diskv̀:si.
training_data/processed/conrad_wavs/walc-1_1054-Chapter_8_8.4_8.4.23-000000165.wav,"Tǔ:ya Ga̋:du, Sě:lu Ga̋:du ale Nǔ:na"
training_data/processed/conrad_wavs/walc-1_1056-Chapter_8_8.4_8.4.24-000000295.wav,E:li̋:gwudv.
training_data/processed/conrad_wavs/walc-1_1057-Chapter_8_8.4_8.4.25-000000000.wav,Gadō u:sdi jv:hnisda?
training_data/processed/conrad_wavs/walc-1_1059-Chapter_8_8.4_8.4.3-000000000.wav,Di:ni:yő:hli nigǒ:hí:lv̋ dù:niyó:si:sgó:ɂi.
training_data/processed/conrad_wavs/walc-1_1060-Chapter_8_8.4_8.4.4-000000000.wav,Ha:dlv ì:dalsdâ:yv:hné:ga?
training_data/processed/conrad_wavs/walc-1_1061-Chapter_8_8.4_8.4.5-000000000.wav,Dè:jiyó:siju?
training_data/processed/conrad_wavs/walc-1_1062-Chapter_8_8.4_8.4.6-000000000.wav,à:lsdàyhdi̋:ɂi kanv́:su:lv̋
training_data/processed/conrad_wavs/walc-1_1063-Chapter_8_8.4_8.4.7-000000000.wav,Yv:gi
training_data/processed/conrad_wavs/walc-1_1064-Chapter_8_8.4_8.4.8-000000000.wav,Adi:tóhdi
training_data/processed/conrad_wavs/walc-1_1065-Chapter_8_8.4_8.4.9-000000000.wav,Gadō u:sdi ijadu:lí ijigisdi̋ɂi?
training_data/processed/conrad_wavs/walc-1_1066-Chapter_8_8.5_8.5.1-000000305.wav,Hawi:ya
training_data/processed/conrad_wavs/walc-1_1067-Chapter_8_8.5_8.5.10-000000235.wav,Hawi:ya gv:jahlv́nv́.
training_data/processed/conrad_wavs/walc-1_1068-Chapter_8_8.5_8.5.11-000000135.wav,Ge:li̋:stgi
training_data/processed/conrad_wavs/walc-1_1069-Chapter_8_8.5_8.5.12-000000325.wav,Ga̋:du
training_data/processed/conrad_wavs/walc-1_1070-Chapter_8_8.5_8.5.13-000000000.wav,U:nv̌:di ga:du:hnv̋:ɂi
training_data/processed/conrad_wavs/walc-1_1071-Chapter_8_8.5_8.5.14-000000000.wav,Kalisě:ji
training_data/processed/conrad_wavs/walc-1_1072-Chapter_8_8.5_8.5.15-000000215.wav,Ga̋:dū u:gana̋:sda
training_data/processed/conrad_wavs/walc-1_1073-Chapter_8_8.5_8.5.16-000000000.wav,Kǎ:hwi
training_data/processed/conrad_wavs/walc-1_1074-Chapter_8_8.5_8.5.17-000000000.wav,Ǐ:náge̋ e̋:hi Sv̀:gi
training_data/processed/conrad_wavs/walc-1_1075-Chapter_8_8.5_8.5.18-000000315.wav,Ama.
training_data/processed/conrad_wavs/walc-1_1076-Chapter_8_8.5_8.5.19-000000175.wav,U:galǒ:ga à:ganv̋:hi
training_data/processed/conrad_wavs/walc-1_1077-Chapter_8_8.5_8.5.2-000000000.wav,Ǔ:gáma
training_data/processed/conrad_wavs/walc-1_1078-Chapter_8_8.5_8.5.20-000000000.wav,Nǔ:na
training_data/processed/conrad_wavs/walc-1_1079-Chapter_8_8.5_8.5.21-000000000.wav,Digalv̀:nv:hi
training_data/processed/conrad_wavs/walc-1_1080-Chapter_8_8.5_8.5.22-000000235.wav,Asú:sdi
training_data/processed/conrad_wavs/walc-1_1082-Chapter_8_8.5_8.5.24-000000195.wav,Juwě:ji
training_data/processed/conrad_wavs/walc-1_1083-Chapter_8_8.5_8.5.25-000000000.wav,Agó:sdagî:sdi
training_data/processed/conrad_wavs/walc-1_1084-Chapter_8_8.5_8.5.26-000000325.wav,Nǔ:na digv:jahlánv̋.
training_data/processed/conrad_wavs/walc-1_1085-Chapter_8_8.5_8.5.27-000000325.wav,Ga̋:du digv:jahlánv̋:ɂi
training_data/processed/conrad_wavs/walc-1_1088-Chapter_8_8.5_8.5.3-000000275.wav,Ajaɂdi
training_data/processed/conrad_wavs/walc-1_1089-Chapter_8_8.5_8.5.30-000000000.wav,Go:hlv:hnv̋:ɂi
training_data/processed/conrad_wavs/walc-1_1090-Chapter_8_8.5_8.5.31-000000000.wav,Di:kwayő:di
training_data/processed/conrad_wavs/walc-1_1092-Chapter_8_8.5_8.5.33-000000565.wav,Á:ma
training_data/processed/conrad_wavs/walc-1_1093-Chapter_8_8.5_8.5.34-000000275.wav,U:nv̌:di
training_data/processed/conrad_wavs/walc-1_1095-Chapter_8_8.5_8.5.36-000000405.wav,Ganv̀:ji
training_data/processed/conrad_wavs/walc-1_1096-Chapter_8_8.5_8.5.37-000000355.wav,Sihgwa Hawi:ya
training_data/processed/conrad_wavs/walc-1_1097-Chapter_8_8.5_8.5.38-000000000.wav,Ahawi Hawi:ya
training_data/processed/conrad_wavs/walc-1_1098-Chapter_8_8.5_8.5.39-000000000.wav,Áɂni
training_data/processed/conrad_wavs/walc-1_1099-Chapter_8_8.5_8.5.4-000000175.wav,Sě:lu
training_data/processed/conrad_wavs/walc-1_1101-Chapter_8_8.5_8.5.41-000000205.wav,Gv́:na
training_data/processed/conrad_wavs/walc-1_1103-Chapter_8_8.5_8.5.43-000000000.wav,Sě:lu Ga̋:du
training_data/processed/conrad_wavs/walc-1_1104-Chapter_8_8.5_8.5.44-000000000.wav,Asdv̌:hahli
training_data/processed/conrad_wavs/walc-1_1106-Chapter_8_8.5_8.5.5-000000205.wav,Tǔ:ya
training_data/processed/conrad_wavs/walc-1_1107-Chapter_8_8.5_8.5.6-000000000.wav,Dalígwa
training_data/processed/conrad_wavs/walc-1_1109-Chapter_8_8.5_8.5.8-000000000.wav,Sv̀:gi
training_data/processed/conrad_wavs/walc-1_1110-Chapter_8_8.5_8.5.9-000000000.wav,Sù:gě:da
training_data/processed/conrad_wavs/walc-1_1111-Chapter_8_8.6_8.6.1-000000285.wav,Ganhga
training_data/processed/conrad_wavs/walc-1_1112-Chapter_8_8.6_8.6.10-000000000.wav,Asgaya
training_data/processed/conrad_wavs/walc-1_1113-Chapter_8_8.6_8.6.10-000001615.wav,Kǎ:hwi
training_data/processed/conrad_wavs/walc-1_1114-Chapter_8_8.6_8.6.10-000003145.wav,à:ginehvsi.
training_data/processed/conrad_wavs/walc-1_1115-Chapter_8_8.6_8.6.11-000000000.wav,Agě:hya ama
training_data/processed/conrad_wavs/walc-1_1116-Chapter_8_8.6_8.6.11-000003185.wav,hwinehvsi.
training_data/processed/conrad_wavs/walc-1_1117-Chapter_8_8.6_8.6.12-000000000.wav,Kǎ:hwiɂju janehvsi?
training_data/processed/conrad_wavs/walc-1_1118-Chapter_8_8.6_8.6.13-000000000.wav,Tǔ:ya dò:diskvsi.
training_data/processed/conrad_wavs/walc-1_1119-Chapter_8_8.6_8.6.14-000000000.wav,Gadō u:sdi chvsi?
training_data/processed/conrad_wavs/walc-1_1120-Chapter_8_8.6_8.6.15-000000000.wav,Ga̋:du
training_data/processed/conrad_wavs/walc-1_1121-Chapter_8_8.6_8.6.15-000001955.wav,hwiɂvsi.
training_data/processed/conrad_wavs/walc-1_1122-Chapter_8_8.6_8.6.16-000000000.wav,Tǔ:ya witiɂvsi.
training_data/processed/conrad_wavs/walc-1_1123-Chapter_8_8.6_8.6.17-000000000.wav,go:hwe:li sginvsi.
training_data/processed/conrad_wavs/walc-1_1124-Chapter_8_8.6_8.6.18-000000000.wav,Digo:hwe:li dò:di:sginvsi.
training_data/processed/conrad_wavs/walc-1_1125-Chapter_8_8.6_8.6.19-000000000.wav,Digo:hwe:li dò:di:sginvsi.
training_data/processed/conrad_wavs/walc-1_1127-Chapter_8_8.6_8.6.20-000000000.wav,go:hwe:li
training_data/processed/conrad_wavs/walc-1_1128-Chapter_8_8.6_8.6.20-000001825.wav,hwinv̀:si.
training_data/processed/conrad_wavs/walc-1_1129-Chapter_8_8.6_8.6.21-000000000.wav,Digo:hwě:lò:di sgidì:si.
training_data/processed/conrad_wavs/walc-1_1130-Chapter_8_8.6_8.6.22-000000000.wav,Digo:hwě:lò:di
training_data/processed/conrad_wavs/walc-1_1131-Chapter_8_8.6_8.6.22-000003095.wav,hwidì:si.
training_data/processed/conrad_wavs/walc-1_1132-Chapter_8_8.6_8.6.23-000000000.wav,Digo:hwě:lò:di dòdisgidì:si.
training_data/processed/conrad_wavs/walc-1_1133-Chapter_8_8.6_8.6.24-000000000.wav,Digo:hwě:lò:di
training_data/processed/conrad_wavs/walc-1_1134-Chapter_8_8.6_8.6.24-000003145.wav,dà:gidì:si.
training_data/processed/conrad_wavs/walc-1_1139-Chapter_8_8.6_8.6.7-000000000.wav,Gi:hli ganhga
training_data/processed/conrad_wavs/walc-1_1141-Chapter_8_8.6_8.6.8-000000000.wav,Gadō u:sdi
training_data/processed/conrad_wavs/walc-1_1143-Chapter_8_8.6_8.6.8-000003745.wav,Áhani?
training_data/processed/conrad_wavs/walc-1_1144-Chapter_8_8.6_8.6.9-000000000.wav,Ama de:sginehvsi.
training_data/processed/conrad_wavs/walc-1_1145-Chapter_8_8.6_8.6_Have_Flexible_Future-000000000.wav,à:gináé:sdi. janáé:sdi. ù:náé:sdi. ù:nináé:sdi.
training_data/processed/conrad_wavs/walc-1_1146-Chapter_8_8.6_8.6_Have_Flexible_Past-000000000.wav,à:gináv̌.
training_data/processed/conrad_wavs/walc-1_1147-Chapter_8_8.6_8.6_Have_Flexible_Past-000002295.wav,Janáv̌. ù:náv̌. ù:nináv̌.
training_data/processed/conrad_wavs/walc-1_1148-Chapter_8_8.6_8.6_Have_Flexible_Present-000000000.wav,à:gináɂa. Janáɂa. ù:náɂa. ù:nináɂa.
training_data/processed/conrad_wavs/walc-1_1149-Chapter_8_8.6_8.6_Have_Living_Future-000000145.wav,à:gi:kahé:sdi. ja:kahé:sdi. ù:wa:kahé:sdi. ù:ni:kahé:sdi.
training_data/processed/conrad_wavs/walc-1_1150-Chapter_8_8.6_8.6_Have_Living_Past-000000000.wav,à:gi:kahv̌. ja:kahv̌. ù:wa:kahv̌. ù:ni:kahv̌.
training_data/processed/conrad_wavs/walc-1_1151-Chapter_8_8.6_8.6_Have_Living_Present-000000000.wav,à:gi:káha. ja:káhǎ. ù:wa:káha. ù:ni:káha.
training_data/processed/conrad_wavs/walc-1_1152-Chapter_8_8.6_8.6_Have_Long_Future-000000000.wav,à:wgv̌:yê:sdi. Jv̌:yê:sdi. ù:wv̌:yê:sdi. ù:nv̌:yê:sdi.
training_data/processed/conrad_wavs/walc-1_1153-Chapter_8_8.6_8.6_Have_Long_Past-000000000.wav,à:gwv̌:yv́. jv̌:yv́. ù:wǎ:yv́. ù:nv̌:yv́.
training_data/processed/conrad_wavs/walc-1_1154-Chapter_8_8.6_8.6_Have_Long_Present-000000000.wav,À:gwv̌:ya. Jv̌:ya.
training_data/processed/conrad_wavs/walc-1_1155-Chapter_8_8.6_8.6_Have_Long_Present-000003195.wav,Ù:wǎ:ya.
training_data/processed/conrad_wavs/walc-1_1156-Chapter_8_8.6_8.6_Have_Long_Present-000005445.wav,Ù:nv̌:ya.
training_data/processed/conrad_wavs/walc-1_1157-Chapter_8_8.6_8.6_Have_Neutral_Future-000000000.wav,À:gihé:sdi. Jahé:sdi. Ù:hé:sdi. Ù:nihé:sdi.
training_data/processed/conrad_wavs/walc-1_1158-Chapter_8_8.6_8.6_Have_Neutral_Past-000000000.wav,À:gihv̌. Jahv̌. Ù:hv̌. Ù:nihv̌.
training_data/processed/conrad_wavs/walc-1_1159-Chapter_8_8.6_8.6_Have_Neutral_Present-000000000.wav,À:giha. Jaha. Ù:ha. Ù:niha.
training_data/processed/conrad_wavs/walc-1_1160-Chapter_8_8.7_8.7.1-000000000.wav,Uwo:dű:hi
training_data/processed/conrad_wavs/walc-1_1161-Chapter_8_8.7_8.7.10-000000000.wav,U:gǎ:nawa
training_data/processed/conrad_wavs/walc-1_1162-Chapter_8_8.7_8.7.11-000000000.wav,À:ga:nawo:sga
training_data/processed/conrad_wavs/walc-1_1163-Chapter_8_8.7_8.7.12-000000000.wav,à:sdu:dlíɂdoha
training_data/processed/conrad_wavs/walc-1_1164-Chapter_8_8.7_8.7.13-000000555.wav,À:nâ:ga:líha
training_data/processed/conrad_wavs/walc-1_1165-Chapter_8_8.7_8.7.14-000000000.wav,À:hyv:dagwalóɂa
training_data/processed/conrad_wavs/walc-1_1166-Chapter_8_8.7_8.7.15-000000000.wav,Tő:ɂi
training_data/processed/conrad_wavs/walc-1_1167-Chapter_8_8.7_8.7.16-000000000.wav,À:hyahtv̌:hv́sga
training_data/processed/conrad_wavs/walc-1_1168-Chapter_8_8.7_8.7.17-000000725.wav,Gane:sôysga
training_data/processed/conrad_wavs/walc-1_1169-Chapter_8_8.7_8.7.18-000000000.wav,Ganě:sdáladiɂa
training_data/processed/conrad_wavs/walc-1_1173-Chapter_8_8.7_8.7.21-000000000.wav,"À:ga:sgaju,"
training_data/processed/conrad_wavs/walc-1_1174-Chapter_8_8.7_8.7.21-000002765.wav,Gane:sôysgaɂke?
training_data/processed/conrad_wavs/walc-1_1176-Chapter_8_8.7_8.7.23-000000000.wav,Do:yű Uwo:dű:hi Dǒ:yi.
training_data/processed/conrad_wavs/walc-1_1177-Chapter_8_8.7_8.7.24-000000000.wav,hyì:nawô:ga
training_data/processed/conrad_wavs/walc-1_1178-Chapter_8_8.7_8.7.24-000002535.wav,Gǒ:tv̋ naɂv
training_data/processed/conrad_wavs/walc-1_1179-Chapter_8_8.7_8.7.24-000005245.wav,Hidô:gé:sdi.
training_data/processed/conrad_wavs/walc-1_1180-Chapter_8_8.7_8.7.25-000000000.wav,"V̀:tla yù:di:hléhga,"
training_data/processed/conrad_wavs/walc-1_1182-Chapter_8_8.7_8.7.26-000000000.wav,"Ù:hyv:dlì:sdi ale Uwu:tohdi gè:sé:sdi Kò:hi̋ sv:hiye̋:ye, À:nadiha."
training_data/processed/conrad_wavs/walc-1_1184-Chapter_8_8.7_8.7.28-000000165.wav,Hilâ:yv̋ dvga:hnani?
training_data/processed/conrad_wavs/walc-1_1185-Chapter_8_8.7_8.7.29-000000000.wav,Ù:ga:hnani:de̋:nā.
training_data/processed/conrad_wavs/walc-1_1186-Chapter_8_8.7_8.7.3-000000475.wav,Ù:lô:gi:la.
training_data/processed/conrad_wavs/walc-1_1189-Chapter_8_8.7_8.7.31-000000365.wav,U:li:gǒ:hv:sdi yigi
training_data/processed/conrad_wavs/walc-1_1190-Chapter_8_8.7_8.7.31-000002895.wav,À:hyahtv̌:hv́sgó:ɂi.
training_data/processed/conrad_wavs/walc-1_1192-Chapter_8_8.7_8.7.32-000005015.wav,Gu:tǐ:sgv̌:ɂi. Uwo:dű:jv gè:lî:sgó yù:wu:tahna.
training_data/processed/conrad_wavs/walc-1_1193-Chapter_8_8.7_8.7.32-000011465.wav,A:sé:hno do:yű ù:hyv:dlv̌:ɂi. Hla yà:gilv̌:kwdi yù:hyv:dla.
training_data/processed/conrad_wavs/walc-1_1197-Chapter_8_8.7_8.7.34-000000000.wav,Gu:tǐ:sgv̌:ɂi
training_data/processed/conrad_wavs/walc-1_1199-Chapter_8_8.7_8.7.36-000000000.wav,gè:lî:sgó
training_data/processed/conrad_wavs/walc-1_1200-Chapter_8_8.7_8.7.37-000000000.wav,ù:hyv:dlv̌:ɂi
training_data/processed/conrad_wavs/walc-1_1203-Chapter_8_8.7_8.7.4-000000605.wav,À:ga:sga
training_data/processed/conrad_wavs/walc-1_1204-Chapter_8_8.7_8.7.5-000000000.wav,Gu:tíha
training_data/processed/conrad_wavs/walc-1_1206-Chapter_8_8.7_8.7.7-000000000.wav,Ù:di:hléhga
training_data/processed/conrad_wavs/walc-1_1207-Chapter_8_8.7_8.7.8-000000000.wav,Ù:hyv:dla
training_data/processed/conrad_wavs/see-say-write_0008-Lessons01_to_10-000024295.wav,Su:li.
training_data/processed/conrad_wavs/see-say-write_0016-Lessons01_to_10-000042265.wav,Sǔ:dáli.
training_data/processed/conrad_wavs/see-say-write_0020-Lessons01_to_10-000050415.wav,Su:li.
training_data/processed/conrad_wavs/see-say-write_0022-Lessons01_to_10-000054255.wav,Sǔ:dáli.
training_data/processed/conrad_wavs/see-say-write_0030-Lessons01_to_10-000073525.wav,Ada.
training_data/processed/conrad_wavs/see-say-write_0032-Lessons01_to_10-000077505.wav,Ada.
training_data/processed/conrad_wavs/see-say-write_0034-Lessons01_to_10-000080595.wav,Sǔ:dáli.
training_data/processed/conrad_wavs/see-say-write_0036-Lessons01_to_10-000084335.wav,A:li.
training_data/processed/conrad_wavs/see-say-write_0046-Lessons01_to_10-000105865.wav,À:su:lo.
training_data/processed/conrad_wavs/see-say-write_0048-Lessons01_to_10-000110725.wav,Lo:lo.
training_data/processed/conrad_wavs/see-say-write_0050-Lessons01_to_10-000114405.wav,Ada.
training_data/processed/conrad_wavs/see-say-write_0052-Lessons01_to_10-000118185.wav,Sǔ:dáli.
training_data/processed/conrad_wavs/see-say-write_0062-Lessons01_to_10-000138365.wav,Salǒ:li.
training_data/processed/conrad_wavs/see-say-write_0064-Lessons01_to_10-000142675.wav,Sa:sa.
training_data/processed/conrad_wavs/see-say-write_0066-Lessons01_to_10-000146755.wav,À:su:lo.
training_data/processed/conrad_wavs/see-say-write_0068-Lessons01_to_10-000151475.wav,Ada.
training_data/processed/conrad_wavs/see-say-write_0081-Lessons01_to_10-000179635.wav,Sa:sa á:ɂi.
training_data/processed/conrad_wavs/see-say-write_0083-Lessons01_to_10-000184085.wav,Salǒ:li.
training_data/processed/conrad_wavs/see-say-write_0085-Lessons01_to_10-000187885.wav,Sali.
training_data/processed/conrad_wavs/see-say-write_0098-Lessons01_to_10-000210455.wav,Ǐ:náda.
training_data/processed/conrad_wavs/see-say-write_0100-Lessons01_to_10-000215185.wav,Sa:sa aná:ɂi.
training_data/processed/conrad_wavs/see-say-write_0102-Lessons01_to_10-000219935.wav,Iná:ɂi.
training_data/processed/conrad_wavs/see-say-write_0104-Lessons01_to_10-000224725.wav,Á:su:líɂa.
training_data/processed/conrad_wavs/see-say-write_0118-Lessons01_to_10-000250855.wav,Agi̋:na.
training_data/processed/conrad_wavs/see-say-write_0120-Lessons01_to_10-000255695.wav,I:sa à:gíɂa
training_data/processed/conrad_wavs/see-say-write_0121-Lessons01_to_10-000258025.wav,sa:sa
training_data/processed/conrad_wavs/see-say-write_0123-Lessons01_to_10-000261425.wav,Iná:ɂi.
training_data/processed/conrad_wavs/see-say-write_0125-Lessons01_to_10-000265545.wav,Sa:sa aná:ɂi.
training_data/processed/conrad_wavs/see-say-write_0140-Lessons01_to_10-000293895.wav,Gi:hli
training_data/processed/conrad_wavs/see-say-write_0141-Lessons01_to_10-000295105.wav,à:hligí:ɂa.
training_data/processed/conrad_wavs/see-say-write_0143-Lessons01_to_10-000299745.wav,À:hli:ló:ɂa.
training_data/processed/conrad_wavs/see-say-write_0145-Lessons01_to_10-000304735.wav,Gi:hli aná:ɂi.
training_data/processed/conrad_wavs/see-say-write_0165-Lessons11_to_20-000008505.wav,sa:ɂdu
training_data/processed/conrad_wavs/see-say-write_0167-Lessons11_to_20-000012265.wav,Salǒ:li dù:du:lí na gi:hli.
training_data/processed/conrad_wavs/see-say-write_0169-Lessons11_to_20-000018625.wav,Sali dù:nadu:lí na sa:sa.
training_data/processed/conrad_wavs/see-say-write_0171-Lessons11_to_20-000025585.wav,Sa:ɂdu à:tlíɂili.
training_data/processed/conrad_wavs/see-say-write_0176-Lessons11_to_20-000043265.wav,Gǎ:da.
training_data/processed/conrad_wavs/see-say-write_0178-Lessons11_to_20-000046865.wav,Gǐ:ga.
training_data/processed/conrad_wavs/see-say-write_0180-Lessons11_to_20-000051025.wav,Gà:du:li̋:da
training_data/processed/conrad_wavs/see-say-write_0181-Lessons11_to_20-000052665.wav,á:su:líɂa.
training_data/processed/conrad_wavs/see-say-write_0190-Lessons11_to_20-000075035.wav,Ga:sgilo.
training_data/processed/conrad_wavs/see-say-write_0192-Lessons11_to_20-000079295.wav,Anà:ga:lǐ:sgi.
training_data/processed/conrad_wavs/see-say-write_0194-Lessons11_to_20-000083975.wav,À:sgâ:ga.
training_data/processed/conrad_wavs/see-say-write_0203-Lessons11_to_20-000101615.wav,Sdù:di.
training_data/processed/conrad_wavs/see-say-write_0205-Lessons11_to_20-000105555.wav,Di:da:sdù:di̋.
training_data/processed/conrad_wavs/see-say-write_0207-Lessons11_to_20-000110235.wav,Sǔ:dáli diga:sgilo dù:nadu:lí.
training_data/processed/conrad_wavs/see-say-write_0209-Lessons11_to_20-000117015.wav,Gi:hli à:giganǎ:díɂa.
training_data/processed/conrad_wavs/see-say-write_0220-Lessons11_to_20-000139145.wav,U:sdi̋.
training_data/processed/conrad_wavs/see-say-write_0222-Lessons11_to_20-000143735.wav,Ga̋:du
training_data/processed/conrad_wavs/see-say-write_0223-Lessons11_to_20-000145055.wav,u:gì:sdi ù:du:lí u:sdi̋.
training_data/processed/conrad_wavs/see-say-write_0225-Lessons11_to_20-000151945.wav,Salǒ:li ù:du:lí na gi:hli.
training_data/processed/conrad_wavs/see-say-write_0227-Lessons11_to_20-000158905.wav,U:sdi̋ á:ɂi.
training_data/processed/conrad_wavs/see-say-write_0239-Lessons11_to_20-000183285.wav,Na gi:hli
training_data/processed/conrad_wavs/see-say-write_0240-Lessons11_to_20-000185025.wav,ganv́:gi.
training_data/processed/conrad_wavs/see-say-write_0242-Lessons11_to_20-000189115.wav,U:nv̌:di ù:du:lí
training_data/processed/conrad_wavs/see-say-write_0243-Lessons11_to_20-000191755.wav,na u:sdi̋.
training_data/processed/conrad_wavs/see-say-write_0245-Lessons11_to_20-000196235.wav,Dina:da:hli:lò:sdi̋:sgi
training_data/processed/conrad_wavs/see-say-write_0246-Lessons11_to_20-000198855.wav,ù:nv:nv́:ga.
training_data/processed/conrad_wavs/see-say-write_0256-Lessons11_to_20-000219285.wav,Si:nv̋:da.
training_data/processed/conrad_wavs/see-say-write_0258-Lessons11_to_20-000223975.wav,Sigigi.
training_data/processed/conrad_wavs/see-say-write_0260-Lessons11_to_20-000228315.wav,Ga̋:du agigísi na gi:hli.
training_data/processed/conrad_wavs/see-say-write_0262-Lessons11_to_20-000235925.wav,Agá:li:siga.
training_data/processed/conrad_wavs/see-say-write_0273-Lessons11_to_20-000258405.wav,Ó:si.
training_data/processed/conrad_wavs/see-say-write_0275-Lessons11_to_20-000262615.wav,Usdi̋ ó:si.
training_data/processed/conrad_wavs/see-say-write_0277-Lessons11_to_20-000267125.wav,O:gana anahli gi:hli.
training_data/processed/conrad_wavs/see-say-write_0279-Lessons11_to_20-000273755.wav,Ga̋:du
training_data/processed/conrad_wavs/see-say-write_0280-Lessons11_to_20-000274865.wav,u:gana̋:sda à:gíɂa
training_data/processed/conrad_wavs/see-say-write_0281-Lessons11_to_20-000277905.wav,ogina:li̋:ɂi.
training_data/processed/conrad_wavs/see-say-write_0294-Lessons11_to_20-000306105.wav,Yǒ:na á:ɂi.
training_data/processed/conrad_wavs/see-say-write_0296-Lessons11_to_20-000311075.wav,À:giyó:si.
training_data/processed/conrad_wavs/see-say-write_0298-Lessons11_to_20-000315045.wav,Diga:da:yo:sdi.
training_data/processed/conrad_wavs/see-say-write_0311-Lessons11_to_20-000342765.wav,Ò:gina:li̋ ù:yó:siha.
training_data/processed/conrad_wavs/see-say-write_0313-Lessons11_to_20-000347985.wav,Hadǐ:da!
training_data/processed/conrad_wavs/see-say-write_0315-Lessons11_to_20-000352095.wav,O:síyo hada.
training_data/processed/conrad_wavs/see-say-write_0337-Lessons21_to_30-000013615.wav,Áɂni.
training_data/processed/conrad_wavs/see-say-write_0339-Lessons21_to_30-000017415.wav,Gi:hli
training_data/processed/conrad_wavs/see-say-write_0340-Lessons21_to_30-000018635.wav,dù:niyó:siha.
training_data/processed/conrad_wavs/see-say-write_0342-Lessons21_to_30-000022455.wav,Sasa ù:niga:sga.
training_data/processed/conrad_wavs/see-say-write_0348-Lessons21_to_30-000043965.wav,U:ne̋:ga gi:hli.
training_data/processed/conrad_wavs/see-say-write_0350-Lessons21_to_30-000048765.wav,Dida:náɂnv̋ iné:na.
training_data/processed/conrad_wavs/see-say-write_0359-Lessons21_to_30-000072975.wav,Wahga.
training_data/processed/conrad_wavs/see-say-write_0361-Lessons21_to_30-000077085.wav,Ga̋:du u:nigana̋:sda duwá:duha.
training_data/processed/conrad_wavs/see-say-write_0363-Lessons21_to_30-000083685.wav,U:nv̌:di ù:hwasga.
training_data/processed/conrad_wavs/see-say-write_0371-Lessons21_to_30-000099905.wav,Ajaɂdi.
training_data/processed/conrad_wavs/see-say-write_0373-Lessons21_to_30-000104025.wav,Jayó:sihas?
training_data/processed/conrad_wavs/see-say-write_0375-Lessons21_to_30-000108735.wav,Jalí:si.
training_data/processed/conrad_wavs/see-say-write_0377-Lessons21_to_30-000113215.wav,Jayó:li.
training_data/processed/conrad_wavs/see-say-write_0386-Lessons21_to_30-000135975.wav,I:ya.
training_data/processed/conrad_wavs/see-say-write_0388-Lessons21_to_30-000139505.wav,Salǒ:li gaɂnǐ:ya na gi:hli.
training_data/processed/conrad_wavs/see-say-write_0390-Lessons21_to_30-000145645.wav,Tǔ:ya dù:du:lí.
training_data/processed/conrad_wavs/see-say-write_0398-Lessons21_to_30-000166995.wav,Ji:sdu.
training_data/processed/conrad_wavs/see-say-write_0400-Lessons21_to_30-000170155.wav,Ji:sdu gaɂnǐ:ya na gi:hli.
training_data/processed/conrad_wavs/see-say-write_0402-Lessons21_to_30-000176865.wav,U:ni:ji:ya
training_data/processed/conrad_wavs/see-say-write_0403-Lessons21_to_30-000178295.wav,dù:hyoha na asgaya.
training_data/processed/conrad_wavs/see-say-write_0414-Lessons21_to_30-000199605.wav,Ha:wiya.
training_data/processed/conrad_wavs/see-say-write_0416-Lessons21_to_30-000203525.wav,Wiɂsi.
training_data/processed/conrad_wavs/see-say-write_0418-Lessons21_to_30-000209325.wav,na à:niwǐ:na.
training_data/processed/conrad_wavs/see-say-write_0420-Lessons21_to_30-000213535.wav,Gi:hli
training_data/processed/conrad_wavs/see-say-write_0421-Lessons21_to_30-000214825.wav,dà:suhwísga.
training_data/processed/conrad_wavs/see-say-write_0428-Lessons21_to_30-000234345.wav,Jí:sgwa.
training_data/processed/conrad_wavs/see-say-write_0430-Lessons21_to_30-000238545.wav,Sihgwa.
training_data/processed/conrad_wavs/see-say-write_0432-Lessons21_to_30-000242165.wav,Sihgwa ha:wiya à:gwadu:lí.
training_data/processed/conrad_wavs/see-say-write_0434-Lessons21_to_30-000248395.wav,Ji:sgwada.
training_data/processed/conrad_wavs/see-say-write_0441-Lessons21_to_30-000272965.wav,Wě:sa.
training_data/processed/conrad_wavs/see-say-write_0443-Lessons21_to_30-000275975.wav,Wě:sa nigawe.
training_data/processed/conrad_wavs/see-say-write_0445-Lessons21_to_30-000279905.wav,Sa:sa na:niwe.
training_data/processed/conrad_wavs/see-say-write_0453-Lessons21_to_30-000301505.wav,Ayv:wi:ya̋.
training_data/processed/conrad_wavs/see-say-write_0456-Lessons21_to_30-000309065.wav,Ayv.
training_data/processed/conrad_wavs/see-say-write_0458-Lessons21_to_30-000312365.wav,Ahyv:dagwalò:sgi.
training_data/processed/conrad_wavs/see-say-write_0475-Lessons31_to_40-000012415.wav,"Na agayv̌:líge̋ ù:yó:si, ge:líɂa."
training_data/processed/conrad_wavs/see-say-write_0478-Lessons31_to_40-000025345.wav,Ada:kéhdi ù:du:lí na agě:hya.
training_data/processed/conrad_wavs/see-say-write_0482-Lessons31_to_40-000041405.wav,:Number one.
training_data/processed/conrad_wavs/see-say-write_0483-Lessons31_to_40-000042725.wav,Gi:hli ù:lití:si
training_data/processed/conrad_wavs/see-say-write_0484-Lessons31_to_40-000046175.wav,ò:gina:li̋:ɂi.
training_data/processed/conrad_wavs/see-say-write_0486-Lessons31_to_40-000050105.wav,Ajaɂdi ga:tíga na asgaya.
training_data/processed/conrad_wavs/see-say-write_0488-Lessons31_to_40-000056405.wav,Tiyǒ:háɂli gaɂnǐ:ya na ǐ:náda.
training_data/processed/conrad_wavs/see-say-write_0497-Lessons31_to_40-000086285.wav,O:sǐ:yu iyunalsdà:hnéhdi.
training_data/processed/conrad_wavs/see-say-write_0499-Lessons31_to_40-000091915.wav,Ő:sda a:gì:sdi uyu:ti.
training_data/processed/conrad_wavs/see-say-write_0507-Lessons31_to_40-000112935.wav,Dlo:ge̋:si winè:da
training_data/processed/conrad_wavs/see-say-write_0508-Lessons31_to_40-000115735.wav,tǔ:ya gà:yő:hli widinadági.
training_data/processed/conrad_wavs/see-say-write_0510-Lessons31_to_40-000121705.wav,Ani:yv:wi:ya̋ dà:nadlo:sga.
training_data/processed/conrad_wavs/see-say-write_0512-Lessons31_to_40-000127525.wav,Niga̋:da ani:yv:wi:ya̋ ù:natloyâ:sdiha.
training_data/processed/conrad_wavs/see-say-write_0519-Lessons31_to_40-000149825.wav,Ama sgidlì:sdasi.
training_data/processed/conrad_wavs/see-say-write_0521-Lessons31_to_40-000154525.wav,Ǔ:gáma à:gwadu:lí.
training_data/processed/conrad_wavs/see-say-write_0523-Lessons31_to_40-000160455.wav,à:ganǎ:díɂa
training_data/processed/conrad_wavs/see-say-write_0524-Lessons31_to_40-000162135.wav,na wahga.
training_data/processed/conrad_wavs/see-say-write_0531-Lessons31_to_40-000182805.wav,Kilő anisgaya danidô:ga.
training_data/processed/conrad_wavs/see-say-write_0533-Lessons31_to_40-000188125.wav,Ǐ:náda gahnǐ:dô na asgaya.
training_data/processed/conrad_wavs/see-say-write_0535-Lessons31_to_40-000195795.wav,Gadogi u:sdi?
training_data/processed/conrad_wavs/see-say-write_0542-Lessons31_to_40-000219385.wav,Di:là:sǔ:lo dù:wà:dù:la:chisi
training_data/processed/conrad_wavs/see-say-write_0543-Lessons31_to_40-000222755.wav,na à:lâ:sgalǐ:sgi.
training_data/processed/conrad_wavs/see-say-write_0545-Lessons31_to_40-000227715.wav,Idalà:sgala.
training_data/processed/conrad_wavs/see-say-write_0547-Lessons31_to_40-000232045.wav,Sáɂdu iyáni ani:jalagi
training_data/processed/conrad_wavs/see-say-write_0548-Lessons31_to_40-000235005.wav,analâ:sgalí.
training_data/processed/conrad_wavs/see-say-write_0556-Lessons31_to_40-000259215.wav,Jǒ:lani ù:kiɂla
training_data/processed/conrad_wavs/see-say-write_0557-Lessons31_to_40-000261425.wav,wě:sa.
training_data/processed/conrad_wavs/see-say-write_0559-Lessons31_to_40-000265795.wav,Joɂi iyáni wě:sa
training_data/processed/conrad_wavs/see-say-write_0560-Lessons31_to_40-000268695.wav,ani̋:da à:ni:hlína.
training_data/processed/conrad_wavs/see-say-write_0562-Lessons31_to_40-000273975.wav,Jǒ:lani
training_data/processed/conrad_wavs/see-say-write_0563-Lessons31_to_40-000275135.wav,tisduɂi.
training_data/processed/conrad_wavs/see-say-write_0573-Lessons31_to_40-000300775.wav,Da:hnawa à:sgwaliha.
training_data/processed/conrad_wavs/see-say-write_0575-Lessons31_to_40-000306765.wav,Ayő:hli ù:hnawâ:sdiha.
training_data/processed/conrad_wavs/see-say-write_0577-Lessons31_to_40-000313455.wav,Uwě:hnaɂi ganě:la na jididá:ne:la.
training_data/processed/conrad_wavs/see-say-write_0588-Lessons31_to_40-000341175.wav,Awǒ:háɂli u:gì:dáhli gà:nǐ:dô na ayv:wi:ya̋.
training_data/processed/conrad_wavs/see-say-write_0591-Lessons31_to_40-000351565.wav,Jalagi gawó:ni na ayó:ne:ga.
training_data/processed/conrad_wavs/see-say-write_0593-Lessons31_to_40-000358425.wav,Nv:wô:ti ù:du:lí na udanili.
training_data/processed/conrad_wavs/see-say-write_0614-Lessons41_to_50-000016165.wav,A:yanű:li ha:hnigi.
training_data/processed/conrad_wavs/see-say-write_0616-Lessons41_to_50-000020805.wav,"Nű:la, hadanàwsda."
training_data/processed/conrad_wavs/see-say-write_0622-Lessons41_to_50-000034345.wav,Kanu:na nigaweɂa.
training_data/processed/conrad_wavs/see-say-write_0624-Lessons41_to_50-000038945.wav,U:sdi̋ kanawô:ga.
training_data/processed/conrad_wavs/see-say-write_0626-Lessons41_to_50-000044125.wav,Kǎ:hwi widayù:hwasi dì:da:náɂnv̋:i.
training_data/processed/conrad_wavs/see-say-write_0634-Lessons41_to_50-000063815.wav,Di:sésdi dù:wo:hwě:lâ.
training_data/processed/conrad_wavs/see-say-write_0636-Lessons41_to_50-000069215.wav,Kalsě:ji ù:du:lí na ayő:hli.
training_data/processed/conrad_wavs/see-say-write_0638-Lessons41_to_50-000075315.wav,Sě:di dà:gíɂa na salǒ:li.
training_data/processed/conrad_wavs/see-say-write_0645-Lessons41_to_50-000099425.wav,Sgiga:ɂdu ù:dalula nvhgi.
training_data/processed/conrad_wavs/see-say-write_0647-Lessons41_to_50-000104575.wav,Sě:lu dodajì:hwisi
training_data/processed/conrad_wavs/see-say-write_0648-Lessons41_to_50-000106855.wav,à:diha na asgaya.
training_data/processed/conrad_wavs/see-say-write_0654-Lessons41_to_50-000124515.wav,Digadv́:di.
training_data/processed/conrad_wavs/see-say-write_0656-Lessons41_to_50-000128405.wav,Gadò hà:dv́:ne?
training_data/processed/conrad_wavs/see-say-write_0658-Lessons41_to_50-000132895.wav,Ùlsíhgí ù:lô:gi:la
training_data/processed/conrad_wavs/see-say-write_0659-Lessons41_to_50-000135815.wav,dv̀:ga:hnani ge:líɂa.
training_data/processed/conrad_wavs/see-say-write_0661-Lessons41_to_50-000140195.wav,Digadv́:di à:yo:sda na ù:da:ge̋:da achű:ja.
training_data/processed/conrad_wavs/see-say-write_0668-Lessons41_to_50-000158325.wav,A:dlawáɂdv̋
training_data/processed/conrad_wavs/see-say-write_0671-Lessons41_to_50-000167195.wav,U:hyv:dla ama à:gwadu:lí.
training_data/processed/conrad_wavs/see-say-write_0673-Lessons41_to_50-000172355.wav,Áhani ù:dlanv:da.
training_data/processed/conrad_wavs/see-say-write_0679-Lessons41_to_50-000190235.wav,Hisgi
training_data/processed/conrad_wavs/see-say-write_0682-Lessons41_to_50-000197445.wav,Hi:yo:lì:gis na asgaya?
training_data/processed/conrad_wavs/see-say-write_0684-Lessons41_to_50-000202745.wav,Ganv:hi̋:da ù:stihga na age:hyű:ja.
training_data/processed/conrad_wavs/see-say-write_0691-Lessons41_to_50-000227775.wav,Hisgi aye̋:hli à:hlíɂili.
training_data/processed/conrad_wavs/see-say-write_0699-Lessons41_to_50-000260745.wav,I:ga e̋:hi nv:da kala.
training_data/processed/conrad_wavs/see-say-write_0701-Lessons41_to_50-000265875.wav,Hiɂa e:do:da.
training_data/processed/conrad_wavs/see-say-write_0709-Lessons41_to_50-000291285.wav,Áhani jǒ:hlê:sdi.
training_data/processed/conrad_wavs/see-say-write_0711-Lessons41_to_50-000295455.wav,Di:da:náɂnv̋ widage:doli hle̋:ga.
training_data/processed/conrad_wavs/see-say-write_0713-Lessons41_to_50-000300895.wav,U:do:hiyű ù:di:hléhga.
training_data/processed/conrad_wavs/see-say-write_0727-Lessons51_to_60-000018125.wav,Ganv:gwalő:sdi e:sgv́hsi.
training_data/processed/conrad_wavs/see-say-write_0729-Lessons51_to_60-000023385.wav,Wě:sa nigawè:sgv́ gà:tv:gí:ɂa.
training_data/processed/conrad_wavs/see-say-write_0734-Lessons51_to_60-000039135.wav,Gadō u:sdi à:gowhtí na gi:tli.
training_data/processed/conrad_wavs/see-say-write_0736-Lessons51_to_60-000047855.wav,a:tliɂilida?
training_data/processed/conrad_wavs/see-say-write_0738-Lessons51_to_60-000052875.wav,Digo:hwě:lò:di è:sgidisi.
training_data/processed/conrad_wavs/see-say-write_0744-Lessons51_to_60-000075495.wav,Ji:sdu ate:sda na gi:tli.
training_data/processed/conrad_wavs/see-say-write_0747-Lessons51_to_60-000087515.wav,Dihnawo dà:tě:sga.
training_data/processed/conrad_wavs/see-say-write_0753-Lessons51_to_60-000107485.wav,Ǔ:tana
training_data/processed/conrad_wavs/see-say-write_0754-Lessons51_to_60-000108835.wav,yǒ:na ji:gò:wahtā.
training_data/processed/conrad_wavs/see-say-write_0762-Lessons51_to_60-000141285.wav,Gv:he anahliha gi:hli.
training_data/processed/conrad_wavs/see-say-write_0771-Lessons51_to_60-000171325.wav,Wǎ:húhi nigawè:sgv́ gà:tv:gíɂa.
training_data/processed/conrad_wavs/see-say-write_0775-Lessons51_to_60-000183845.wav,Go:hű:sdi nigaweɂa.
training_data/processed/conrad_wavs/see-say-write_0783-Lessons51_to_60-000209645.wav,Hila̋ Ijade:tiyv̋:da
training_data/processed/conrad_wavs/see-say-write_0790-Lessons51_to_60-000239875.wav,Sohi aninv:hi̋:da dinute:suga.
training_data/processed/conrad_wavs/see-say-write_0792-Lessons51_to_60-000246265.wav,Sóhně:la aye̋:hli à:tlíɂili
training_data/processed/conrad_wavs/see-say-write_0794-Lessons51_to_60-000252845.wav,À:sǒ:hyv̋ ù:kila
training_data/processed/conrad_wavs/see-say-write_0795-Lessons51_to_60-000255055.wav,jitǎ:ga.
training_data/processed/conrad_wavs/see-say-write_0801-Lessons51_to_60-000279235.wav,Hila̋ ǐ:ga̋ juwě:ji dejadu:lí?
training_data/processed/conrad_wavs/see-say-write_0803-Lessons51_to_60-000285555.wav,Hila̋ iyú:de:tiyv̋:da hiɂa achű:ja.
training_data/processed/conrad_wavs/see-say-write_0805-Lessons51_to_60-000292645.wav,Ju:ni:là:wisdi̋ idè:na.
training_data/processed/conrad_wavs/see-say-write_0811-Lessons51_to_60-000319205.wav,ta:kwiyv:hi jigvtù:ga.
training_data/processed/conrad_wavs/see-say-write_0813-Lessons51_to_60-000324475.wav,Gwiligi dù:do:ɂa achű:ja.
training_data/processed/conrad_wavs/see-say-write_0835-Lessons61_to_70-000016965.wav,Gano:hali:dő:hi gano:halǐ:dô:ha.
training_data/processed/conrad_wavs/see-say-write_0837-Lessons61_to_70-000022545.wav,Gá:gō sdà:hlino:héha.
training_data/processed/conrad_wavs/see-say-write_0842-Lessons61_to_70-000039725.wav,Jí:sdv:na du:gwe:nù:gi na achű:ja.
training_data/processed/conrad_wavs/see-say-write_0851-Lessons61_to_70-000077145.wav,Gè:hv́ ǐ:gó:hi̋:da gina:li̋ gè:sé:sdi.
training_data/processed/conrad_wavs/see-say-write_0853-Lessons61_to_70-000083595.wav,Dù:do:ɂa
training_data/processed/conrad_wavs/see-say-write_0854-Lessons61_to_70-000084955.wav,go:hwě:lí:ɂa.
training_data/processed/conrad_wavs/see-say-write_0861-Lessons61_to_70-000105615.wav,Dejadó:ɂa hohwě:lâ:nvɂi.
training_data/processed/conrad_wavs/see-say-write_0863-Lessons61_to_70-000110935.wav,Howa hada.
training_data/processed/conrad_wavs/see-say-write_0865-Lessons61_to_70-000114805.wav,Ahő:li ù:wanhga sgwà:hle̋:sdi.
training_data/processed/conrad_wavs/see-say-write_0869-Lessons61_to_70-000132215.wav,Hale:hwisda.
training_data/processed/conrad_wavs/see-say-write_0871-Lessons61_to_70-000136275.wav,Ǐ:jú:la jalagi ale yó:ne:ga degawó:ni.
training_data/processed/conrad_wavs/see-say-write_0873-Lessons61_to_70-000143465.wav,Gaɂle̋:ni ù:we:hisdâ:neha na ayő:hli.
training_data/processed/conrad_wavs/see-say-write_0875-Lessons61_to_70-000149495.wav,Hila̋ɂiyv à:dale:nǐ:sgó gő:la.
training_data/processed/conrad_wavs/see-say-write_0881-Lessons61_to_70-000172615.wav,Ijéɂiyű:sdi
training_data/processed/conrad_wavs/see-say-write_0882-Lessons61_to_70-000174285.wav,ulsǔ:hwi:da
training_data/processed/conrad_wavs/see-say-write_0883-Lessons61_to_70-000176085.wav,ù:hnû:wa.
training_data/processed/conrad_wavs/see-say-write_0885-Lessons61_to_70-000182445.wav,Ama à:jě:wíɂa na achű:ja.
training_data/processed/conrad_wavs/see-say-write_0887-Lessons61_to_70-000188525.wav,Di:je̋ dilà:sǔ:lo dù:du:lí.
training_data/processed/conrad_wavs/see-say-write_0893-Lessons61_to_70-000211525.wav,Akǔ:gi̋:sdi è:sgidisi.
training_data/processed/conrad_wavs/see-say-write_0895-Lessons61_to_70-000218175.wav,U:gù:ku nigawè:sgv́ gà:tv:gí:ɂa.
training_data/processed/conrad_wavs/see-say-write_0897-Lessons61_to_70-000224065.wav,Hila̋ɂiyv gvnsgó kuwa:ya.
training_data/processed/conrad_wavs/see-say-write_0906-Lessons61_to_70-000253125.wav,U:sgwo:hli̋ ù:we:hisdâ:ne na ayő:hli.
training_data/processed/conrad_wavs/see-say-write_0908-Lessons61_to_70-000258965.wav,Dijalagi digwo:hwě:lô:di
training_data/processed/conrad_wavs/see-say-write_0909-Lessons61_to_70-000261435.wav,gadè:lohgwáɂa.
training_data/processed/conrad_wavs/see-say-write_0915-Lessons61_to_70-000284335.wav,ù:dlv̌:kwsati na achű:ja.
training_data/processed/conrad_wavs/see-say-write_0918-Lessons61_to_70-000292955.wav,Na u:sdi̋
training_data/processed/conrad_wavs/see-say-write_0919-Lessons61_to_70-000295045.wav,gahlv:sga.
training_data/processed/conrad_wavs/see-say-write_0925-Lessons61_to_70-000316955.wav,Sv:do:ni kali̋
training_data/processed/conrad_wavs/see-say-write_0926-Lessons61_to_70-000318765.wav,kanù:gahli gadagi.
training_data/processed/conrad_wavs/see-say-write_0928-Lessons61_to_70-000323415.wav,Sv̀:gi ǐ:náge̋ e̋:hi giniyalú:ga.
training_data/processed/conrad_wavs/see-say-write_0930-Lessons61_to_70-000329165.wav,Ha:dlv wijě:dô:lě sv:hi?
training_data/processed/conrad_wavs/see-say-write_0949-Lessons71_to_84-000011955.wav,"Igv:yi̋, taɂli:ne̋, joɂi:ne̋, nvhgi:ne̋,"
training_data/processed/conrad_wavs/see-say-write_0951-Lessons71_to_84-000017655.wav,Wǎ:ji dà:sdá:yidiɂa.
training_data/processed/conrad_wavs/see-say-write_0953-Lessons71_to_84-000022515.wav,Wo:yi nigawè:sgv́ gà:tv:gí:ɂa.
training_data/processed/conrad_wavs/see-say-write_0958-Lessons71_to_84-000036615.wav,Gaɂlo:hni kaɂlv̋ anvnsgó unitelvládi.
training_data/processed/conrad_wavs/see-say-write_0960-Lessons71_to_84-000044015.wav,Ha:dlv dejalv̌:hwísdà:ne:hó?
training_data/processed/conrad_wavs/see-say-write_0962-Lessons71_to_84-000049405.wav,Íhě:dô:lv:ɂi.
training_data/processed/conrad_wavs/see-say-write_0969-Lessons71_to_84-000069665.wav,Ajvgalí:yé:di ga:nǐ:dô:ha.
training_data/processed/conrad_wavs/see-say-write_0971-Lessons71_to_84-000075485.wav,De:jv̋ysdv dekdlǒ:hi.
training_data/processed/conrad_wavs/see-say-write_0978-Lessons71_to_84-000097635.wav,Hi:yo:lì:gis kilő dludlu jù:do:ɂǐ:da?
training_data/processed/conrad_wavs/see-say-write_0980-Lessons71_to_84-000104225.wav,Ada ti:sdlû:hya.
training_data/processed/conrad_wavs/see-say-write_0982-Lessons71_to_84-000110135.wav,Ha:dlv dajì:hluni hiɂa gǎ:da?
training_data/processed/conrad_wavs/see-say-write_0989-Lessons71_to_84-000130995.wav,E:li̋:gwu.
training_data/processed/conrad_wavs/see-say-write_0992-Lessons71_to_84-000140885.wav,Sǐ:gwu jinihiwi.
training_data/processed/conrad_wavs/see-say-write_0994-Lessons71_to_84-000146255.wav,Sà:gwű aye̋:hli à:tlíɂili.
training_data/processed/conrad_wavs/see-say-write_1001-Lessons71_to_84-000167925.wav,Hla go:hű:sdi yigà:tv:gí:ɂa.
training_data/processed/conrad_wavs/see-say-write_1004-Lessons71_to_84-000174705.wav,Hlawò:tu:hi̋ nigalsdi:sgó yù:ga:hnana.
training_data/processed/conrad_wavs/see-say-write_1006-Lessons71_to_84-000180875.wav,Hla yà:gwanhta.
training_data/processed/conrad_wavs/see-say-write_1013-Lessons71_to_84-000203875.wav,Nű:la!
training_data/processed/conrad_wavs/see-say-write_1014-Lessons71_to_84-000205985.wav,À:gwv:nv́:ga.
training_data/processed/conrad_wavs/see-say-write_1016-Lessons71_to_84-000209275.wav,Agwa̋:sa wigě:dôli dida:náɂnv̋ɂi.
training_data/processed/conrad_wavs/see-say-write_1018-Lessons71_to_84-000214905.wav,À:gwv̌:ké:wa dejadó:ɂv̌:ɂi.
training_data/processed/conrad_wavs/see-say-write_1023-Lessons71_to_84-000231435.wav,Hihv̌:na.
training_data/processed/conrad_wavs/see-say-write_1025-Lessons71_to_84-000235995.wav,Dijalagi digigo:lǐ:yê:di disgwé:hyo:hv̀:ga.
training_data/processed/conrad_wavs/see-say-write_1027-Lessons71_to_84-000243085.wav,Idalsdà:yv:hv̀:ga.
training_data/processed/conrad_wavs/see-say-write_1029-Lessons71_to_84-000247435.wav,Tale:hv̀:ga.
training_data/processed/conrad_wavs/see-say-write_1038-Lessons71_to_84-000277455.wav,Wǔ:tanv̋ gahljǒ:de ù:su:yé:sv̌.
training_data/processed/conrad_wavs/see-say-write_1040-Lessons71_to_84-000282545.wav,Wǔ:dé:lì:gv̋ idí:dla wǔ:dé:lì:gi nv:da.
training_data/processed/conrad_wavs/see-say-write_1045-Lessons71_to_84-000305695.wav,Jǔ:gá:nawv̋.
training_data/processed/conrad_wavs/see-say-write_1047-Lessons71_to_84-000309255.wav,Jǔ:gá:nawv̋ wanikti sasa.
training_data/processed/conrad_wavs/see-say-write_1049-Lessons71_to_84-000314205.wav,E:li̋:gwus dida:náɂnv̋ yiwvhé:da?
training_data/processed/conrad_wavs/see-say-write_1051-Lessons71_to_84-000320215.wav,U:dlv̋:gi
training_data/processed/conrad_wavs/see-say-write_1052-Lessons71_to_84-000322195.wav,kanv:wv̀:ga na gáɂnakti.
training_data/processed/conrad_wavs/see-say-write_1058-Lessons71_to_84-000348625.wav,Me:li.
training_data/processed/conrad_wavs/see-say-write_1061-Lessons71_to_84-000357725.wav,Amé:gwő de:gá:sóhgi áyosgi.
training_data/processed/conrad_wavs/see-say-write_1066-Lessons71_to_84-000374265.wav,Jimi dù:do:ɂa hiɂa achű:ja.
training_data/processed/conrad_wavs/see-say-write_1068-Lessons71_to_84-000380455.wav,Kě:míli ù:kilv̀:di ji:gò:wahta.
training_data/processed/conrad_wavs/see-say-write_1076-Lessons71_to_84-000405855.wav,Maga sóhně:line̋ à:yâ:tohlv̋
training_data/processed/conrad_wavs/see-say-write_1077-Lessons71_to_84-000409075.wav,ajino:héha Mosi.
training_data/processed/conrad_wavs/see-say-write_1082-Lessons71_to_84-000428115.wav,Jedô:lvhis mu:di?
