split,audio_path,syllabary,target
train,training_data/processed/sentence_audio/Sentence_for_entry_1368_01.wav,ᏂᎬ ᎤᏪᏍᏓᏁᎵᏙᎰ ᎠᏗᎭ,nikhv uwehstanelitoho atiha
train,training_data/processed/sentence_audio/Sentence_for_entry_1111.wav,ᎭᏢ ᏥᏯ ᎬᏃᏌᏍᏗ,halhv tsiya kvnohsahsti
train,training_data/processed/sentence_audio/Sentence_for_entry_0746.wav,ᎦᏙᏍᎩᏂ ᎤᏍᏗ ᏄᏩᏁ ᏥᏚᎦᏍᏗᎭ,katohskin uhsti nuwane tsitukhstiha
train,training_data/processed/sentence_audio/Sentence_for_entry_0153_02.wav,ᎭᏰᎵᏍᏗ ᎬᏗ ᎠᎬᎭᎵ ᎦᏚ ᎤᎦᎾᏍᏓ,hayelhsti kvhti akvhali katu ukanahsta
train,training_data/processed/sentence_audio/Sentence_for_entry_1787.wav,ᏞᏍᏗ ᏱᏤᎵᎯᏍᎨᏍᏗ,lhehsti yitselihihskehsti
train,training_data/processed/sentence_audio/Sentence_for_entry_1677.wav,ᎤᎵᏏ ᎤᏅᏁᎸ ᎦᏌᎴᏂ,ulihsi unvnelv kahsaleni
train,training_data/processed/sentence_audio/Sentence_for_entry_1789.wav,ᎤᏪᏘ ᎣᏏ ᎠᎦᎾᏬᎯᏍᏗᎢ ᎤᎭ,uwethi ohsi akanawohihsti'i uha
train,training_data/processed/sentence_audio/Sentence_for_entry_1286.wav,ᎠᎹᏛ ᎠᏎ ᎤᏪᏓᏍᏗ ᎧᏁᏌᏝ ᏣᏖᏴᏍᎦ,amatv ahse uwetahsti khanehsalha tsatheyvhska
train,training_data/processed/sentence_audio/Sentence_for_entry_1249.wav,ᎢᎦ ᎤᏂᏲᎯᏍᏗ ᏧᏂᎸᏫᏍᏓᏁᎯ,ika uniyohihsti tsunilvwhstanehi
train,training_data/processed/sentence_audio/Sentence_for_entry_1538.wav,ᎯᎳ ᎾᏂᎠ ᎤᎾᏕᎩ ᏕᏥᎧᎭ,hila nani'a unateki tetsikhaha
train,training_data/processed/sentence_audio/Sentence_for_entry_1363_02.wav,ᏪᏌ ᏂᎦᏪᎠ,wehsa nikawe'a
train,training_data/processed/sentence_audio/Sentence_for_entry_1644.wav,ᎤᏂᏣᏘ ᏄᎾᏛᏅ ᏴᏫ ᎠᏥᏂᏴᎲ ᎤᏴᏍᏕᏓ,unitsathi nunatvnhv yvwi atsi'niyvhv uyhvhsteta
train,training_data/processed/sentence_audio/Sentence_for_entry_1804.wav,ᎤᏰᎸᎭ ᎤᏓᏬᎥ ᎤᏪᏴᎢ,uyelvha utawo'v uweyv'i
train,training_data/processed/sentence_audio/Sentence_for_entry_0070.wav,ᎠᏕᎳᏧᏢ ᎤᏪᏅᏍᏗ ᎤᏚᎵᎭ,atelatsulhv uwenvhsti utuliha
train,training_data/processed/sentence_audio/Sentence_for_entry_0923.wav,ᎢᏤ ᎠᏓᏁᎸ ᎦᏁᎳ,itse atanelv kanela
train,training_data/processed/sentence_audio/Sentence_for_entry_0713_01.wav,ᎦᏙᎲ ᏗᎾᏓᎿᏫ ᏄᎾᎵᏍᏔᏁᎢ,katohv tinatanhawi nunalhsthane'i
train,training_data/processed/sentence_audio/Sentence_for_entry_0248.wav,ᎠᏴᏫᏯ ᎠᏤᎸᏍᎦ,ayvwiya atselvhska
train,training_data/processed/sentence_audio/Sentence_for_entry_0404.wav,ᎤᏩᎨᏫᏒ ᎤᏎᏍᏙᏗ ᎣᎩᎾᎵᎢ,uwakhewhsv uhsehstohti okinali'i
train,training_data/processed/sentence_audio/Sentence_for_entry_0506.wav,ᎯᏲᎵᎦᏍ Ꮎ ᎠᏫᎾ,hiyolikahs na awina
train,training_data/processed/sentence_audio/Sentence_for_entry_0368.wav,ᏓᏆᎴᎳ ᎤᏂᎩᏍᏙᏗ ᎠᏁᏟᏗᎭ,takwalela unhikihstohti anelhtiha
train,training_data/processed/sentence_audio/Sentence_for_entry_1007.wav,ᏙᎯᏳ ᎤᎸᏉᏗ ᎤᏪᏢᏗ,tohiyu ulvkwhti uwelhvti
train,training_data/processed/sentence_audio/Sentence_for_entry_0335.wav,ᎠᎵᏍᏕᎸᏙᏗ ᎤᏔᏲᏢ ᏗᏕᏠᏆᏍᎩ,alhstelhtohti uthayolhv titelhkwahski
train,training_data/processed/sentence_audio/Sentence_for_entry_0773.wav,ᎡᎿᎢ ᎠᎾᏓᏴᎳᏛᏍᎬ ᏚᎦᏙᏍᏗ,enha'i anatayvlathvhskv tukhthohsti
train,training_data/processed/sentence_audio/Sentence_for_entry_1544.wav,ᏙᏳ ᎤᏗᏞᎦ ᎪᎯ ᎢᎦ,toyu utilhehka khohi ika
train,training_data/processed/sentence_audio/Sentence_for_entry_0626.wav,ᎢᎦᏓ ᏓᏬᎵ ᎠᏃᏍᏓ ᏗᎦᏰᏍᏗ ᎢᎦᏓᏃ ᎠᎾᏓᎯᎯ,ikata tawoli anohsta tikayhehsti ikatanho anatahihi
train,training_data/processed/sentence_audio/Sentence_for_entry_1686_01.wav,ᎬᏃᏌᏍᏓ ᎤᎵᏍᏆᎵᏓ ᏥᏴᏩᏔ,kvnohsahsta ulhskwalita tsiyvwahtha
train,training_data/processed/sentence_audio/Sentence_for_entry_0416.wav,ᎦᏙ ᎤᏍᏗ ᏚᏓᎴᎿᎢ ᎠᏍᎩᎾ ᏎᏓᏂᏃ,kato uhsti tutalenha'i ahskina hsetaninho
train,training_data/processed/sentence_audio/Sentence_for_entry_0447.wav,ᏍᏓᏯ ᎭᏐᏅᏍᏓ,staya hahsonhsta
train,training_data/processed/sentence_audio/Sentence_for_entry_1748.wav,ᎣᎩᎾᎵᎢ ᎤᏒ ᏚᎸᏫᏍᏓᏁᎰᎢ,okinali'i uhsv tulvwhihstaneho'i
train,training_data/processed/sentence_audio/Sentence_for_entry_0303_02.wav,ᏂᎪᎯᎸ ᏴᏫ ᏓᎳᏍᏓᎡᏍᎪᎢ,nikohilv yvwi talahsta'ehsko'i
train,training_data/processed/sentence_audio/Sentence_for_entry_0411.wav,ᎩᎶᎢᏍ ᎡᎭ ᎠᏍᎦᎾ ᏂᎨᏒᎾ,khilo'ihs eha ahskana nikehsvna
train,training_data/processed/sentence_audio/Sentence_for_entry_1715_01.wav,ᎤᎭᎸᏂ ᎤᏃᏴᎪ ᎤᏓᎴᏅᏗ ᏱᎩ ᏓᏂᎳᏫᎬᎢ,uhalvni unoyhvhko utalenhti yiki tanilawikv'i
train,training_data/processed/sentence_audio/Sentence_for_entry_0945.wav,ᏧᎾᏓᏍᏚᏗ ᎤᎵᏘᏌ ᎤᎿᏬ ᎤᏂᏯᏍᏔᏅᎢ,tsuntahstuti ulthihsa unhawo uniyahsthanv'i
train,training_data/processed/sentence_audio/Sentence_for_entry_0283_01.wav,ᎩᎶ ᎤᏯᏂᏍᎬ ᎤᏛᎦᎾ ᎤᎦᏔᎲᏒᎢ,khilo uyhanihskv uthvkana ukhthahvhsv'i
train,training_data/processed/sentence_audio/Sentence_for_entry_1330.wav,ᎠᏂᎪᏕᏍᎩ ᎪᎱᏍᏗ ᏗᏋᏂ,anikhotehski kohuhsti tikwvnhi
train,training_data/processed/sentence_audio/Sentence_for_entry_0230.wav,ᎭᏛᎩᎠᏍ ᎠᏴᏓᏆᎶᏍᎬ,hahthvki'ahs ayhvtakwalohskv
train,training_data/processed/sentence_audio/Sentence_for_entry_0180.wav,ᎠᏟᎶᏍᏗ ᎡᏍᎩᏗᏏ,alhilohsti ehskitihsi
train,training_data/processed/sentence_audio/Sentence_for_entry_0532.wav,ᏦᎢ ᏧᏕᏘᏴᏓ ᏥᏲᏍᎩ ᎨᏒᎢ,tso'i tsutethiyvta tsiyohski kehsv'i
train,training_data/processed/sentence_audio/Sentence_for_entry_0807.wav,ᎠᏏᎳᏛ ᎦᏛ ᎠᎿᏬ ᎤᏙᏒᎢ,ahsila'tv ka'tv anhawo utohsv'i
train,training_data/processed/sentence_audio/Sentence_for_entry_0260.wav,ᎧᏫ ᎤᏗᏞᎩ ᎠᏦᏔᏍᎦ,khawhi utilheki atsothahska
train,training_data/processed/sentence_audio/Sentence_for_entry_0170.wav,ᎪᎱᏍᏗ ᎦᎵᏍᏓ ᎠᎯᎸᏍᏗᎢ,kohuhsti kalhsta ahi'lvhsti'i
train,training_data/processed/sentence_audio/Sentence_for_entry_1828.wav,ᏩᎦ ᎭᏫᏯ ᎠᎩᎸᏉᏗ ᎠᎩᎩᏍᏗᎢ,wahka hawiya akilvkwhti akikihsti'i
train,training_data/processed/sentence_audio/Sentence_for_entry_1685.wav,Ꮭ ᎠᏎ ᎤᎵᏍᎨᏓ ᏱᎨᏎᎢ,lha ahse ulhsketa yikehse'i
train,training_data/processed/sentence_audio/Sentence_for_entry_1810_02.wav,ᎤᏙᎯᏳ ᎤᏲᏨ ᎠᏲᏟ ᎤᏪᎧᎭ,utohiyu uyotsv ayolhi uwekhaha
train,training_data/processed/sentence_audio/Sentence_for_entry_0270.wav,ᏥᏴᏤᏂ ᎠᏇᎯᏍᏓᏁᎲ ᎢᏳᏍᏗ ᏎᎦᏨ ᏥᎩᏍᎦ,tsiyvhtseni akwehihstanehv iyuhsti hsekatsv tsikihska
train,training_data/processed/sentence_audio/Sentence_for_entry_1185.wav,ᎢᏅᎯ ᏪᏙᎭ ᏣᏛᎪᏗᎢ,invhi wetoha tsahthvkoti'i
train,training_data/processed/sentence_audio/Sentence_for_entry_0133_01.wav,ᎠᏕᎳ ᎤᎪᎭ ᎦᏙᎯ ᎠᎲ ᎤᎩᏒᎢ,atela ukoha katohi ahv ukihsv'i
train,training_data/processed/sentence_audio/Sentence_for_entry_1192_02.wav,ᎯᎳ ᎢᏳᏓᎵ ᏣᏩᏛᎯᏙᎰᎢ,hila iyutali tshawhahthvhitoho'i
train,training_data/processed/sentence_audio/Sentence_for_entry_0375.wav,ᏧᎾᏕᏠᏆᏍᏗ ᏓᏕᏲᎲᏍᎪ ᎠᏂᏁᎵ,tsunatelhkwahsti tateyhohvhsko anineli
train,training_data/processed/sentence_audio/Sentence_for_entry_1456.wav,ᏏᏅᏓ ᎤᏂᎯᎵᏙᎸ ᎦᎵᏦᏕ ᎠᎾᏁᏍᎨᏍᎬᎢ,sinvta unihi'litolv kalhtsote ananhehskehskv'i
train,training_data/processed/sentence_audio/Sentence_for_entry_1615.wav,ᎤᏂᎿᏑᎦ ᏕᎦᏕᎠ,uninhahsuka tekate'a
train,training_data/processed/sentence_audio/Sentence_for_entry_0132.wav,ᏧᏙᏓᏋᏓ ᏎᎷ ᎦᏚ ᎤᏂᎩᏍᏗ ᎤᏂᎸᏉᏓ ᎠᏂᏣᎳᎩ,tsutotakwvta hselu katu unikihsti unilvkwhta anitsalaki
train,training_data/processed/sentence_audio/Sentence_for_entry_0878.wav,ᎾᎥ ᎢᏦᎩᎾᏓᎵ ᎤᎶᎯᏍᏔᏅ ᏗᏓᎾᏅ ᏩᎦᏘ,na'v itsokinatali ulohihsthanv titananv wakhthi
train,training_data/processed/sentence_audio/Sentence_for_entry_0841.wav,ᏧᏂᎸᏫᏍᏓᏁᎯ ᏅᏯ ᏓᏂᏢᏍᎦ ᎦᏙᎯ ᎠᏔᎴᏒᎢ,tsunilvwhihstanehi nvya tanilhvhska katohi athalehsv'i
train,training_data/processed/sentence_audio/Sentence_for_entry_1672.wav,ᎤᎵᏬᏨᎢᏍ Ꮎ ᎢᎾᏓ,uliwhotsv'ihs na inata
train,training_data/processed/sentence_audio/Sentence_for_entry_1757.wav,ᎤᏥᏈᏍᏗ ᎤᎦᎿᏅ ᏒᎯ ᏥᎨᏒᎢ,utskwihsti ukanhanv hsvhi tsikehsv'i
train,training_data/processed/sentence_audio/Sentence_for_entry_1701.wav,ᎤᎾᎶᎢᏓᏍ ᎠᎿᏬ ᏘᏁᏏ,unalo'itahs anhawo thinehsi
train,training_data/processed/sentence_audio/Sentence_for_entry_0377.wav,ᏦᎢ ᏧᏕᏘᏴᏓ ᎠᎩᏴᏢ ᎠᏂᏲᏍᎩᎢ,tso'i tsutethiyvta akiyvlhv aniyohski'i
train,training_data/processed/sentence_audio/Sentence_for_entry_0124.wav,ᎯᎠ ᎠᏍᎦᏯ ᎠᏎ ᎠᎦᏑᏰᏓ ᎤᏬᏂᎯᏍᏗᎢ,hi'a ahskaya ahse akahsuyeta uwonihihsti'i
train,training_data/processed/sentence_audio/Sentence_for_entry_0361.wav,ᏧᏃᏚᎯ ᎠᎾᏓᎪᎾᏘᏗᏍᎬ ᎤᏖᎳᏛᎢ,tsunotuhi anatakonathtihskv uthela'tv'i
train,training_data/processed/sentence_audio/Sentence_for_entry_1255.wav,ᏐᏁᎳᏚ ᎢᏍᎪᎯᏥᏆ ᎦᎵᏆᏍᎪ ᏅᎩ ᎤᏕᏘᏴᏌᏗᏒ ᎢᏤ ᏧᏂᏒᏍᏗ ᎤᎾᏁᏍᎨᎲ ᎠᏂᏣᎳᎩ ᏓᎵᏆ ᎾᎥᎢ,sonhelatu ihskohitskwa kalhkwahsko nvhki utethiyvhsatihsv itse tsunihsvhsti unanhehskehv anitsalaki talikwa na'v'i
train,training_data/processed/sentence_audio/Sentence_for_entry_0818.wav,ᎠᏏᎳᏛ ᎦᏛᎥᏍᎦ ᎠᏆᎿᏬ,ahsilatv katv'vhska akwanhawo
train,training_data/processed/sentence_audio/Sentence_for_entry_1365.wav,ᏅᏅᏓᎩ ᏩᏥ Ꮟ ᎠᎹᏱ ᏫᏂᏣᏕᏘᏅᎾ,nhvnhtaki watsi hsi amayi winitsatethinvna
train,training_data/processed/sentence_audio/Sentence_for_entry_1795_02.wav,ᏦᎯᏳᏎᏍᏗ,tsohiyuhsehsti
train,training_data/processed/sentence_audio/Sentence_for_entry_1684.wav,Ꮎ ᎠᎾᎳᏍᎦᎵᏍᎩ ᏗᏤ ᏚᎾᎵᏍᏚᎳ,na analahskalihski titse tunalhstula
train,training_data/processed/sentence_audio/Sentence_for_entry_1101_01.wav,ᎪᏍᏛᏂᎯ ᏍᏓᏱ ᎤᏩᏂᎸ ᏍᏆᏞᏍᏗ,kohstvnihi hstayi uwanhilv hskwalhehsti
train,training_data/processed/sentence_audio/Sentence_for_entry_1248.wav,ᏧᎵᏏᏅᏓᏍ ᏕᏣᎸᏫᏍᏓᏁᎰᎢ,tsulhsinhvtahs tetsalvwhihstaneho'i
train,training_data/processed/sentence_audio/Sentence_for_entry_1045_02.wav,ᏍᏉᎯᏳᏓᏁᏗ ᎠᏆᏚᎵᎭ,skwohiyhtanehti akwatuliha
train,training_data/processed/sentence_audio/Sentence_for_entry_1009_02.wav,ᏍᎪᎯ ᎢᏯᏂᎢ ᏴᏫ ᏚᏬᎥᎢ,skohi iyani'i yvwi tuwo'v'i
train,training_data/processed/sentence_audio/Sentence_for_entry_1002.wav,ᎦᏖᏌᏗ ᎤᏲᎭ ᏗᏓᏍᏓᏴᎲᏍᎩ,kathehsati uyhoha titahstayvhvhski
train,training_data/processed/sentence_audio/Sentence_for_entry_0652.wav,ᏗᏓᏟᎶᏍᏗᏍᎩ ᎤᎷᏨ ᎠᎾᎳᏍᎦᎵᏍᎬᎢ,titalhilohstihski uluhtsv analahskalihskv'i
train,training_data/processed/sentence_audio/Sentence_for_entry_1446.wav,ᏗᏍᏇᏅ ᎬᏗ ᎤᎾᏟᎸ ᎠᏂᏧᏣ,tihskwenhv kvhti unalhilv anitshutsa
train,training_data/processed/sentence_audio/Sentence_for_entry_1197.wav,ᎯᎳ ᎢᏳᏩᎪᏗ ᎢᏣᏓᏬᏓ ᎪᎯ ᎪᎩ,hila iyuwakhti itsatawota khohi koki
train,training_data/processed/sentence_audio/Sentence_for_entry_1211.wav,ᎢᎦᏓ ᏥᏍᏆ ᏧᎦᏃᏮ ᏩᏂᎶᏍᎪ ᎪᎳ ᏱᏄᎵᏍᏔᎾ,ikata tsihskwa tsukanowv wanilohsko kola yinulhsthana
train,training_data/processed/sentence_audio/Sentence_for_entry_0332.wav,ᎭᎵᏌᎳᏛᎦ ᏞᎦ,halhsalatvka lheka
train,training_data/processed/sentence_audio/Sentence_for_entry_0504.wav,ᏧᏃᏚᎯ ᎠᏂᏥᎸᏍᎩ ᏓᏛᎯᏍᏗᏍᎪᎢ,tsunotuhi anitsilvhski tathvhihstihsko'i
train,training_data/processed/sentence_audio/Sentence_for_entry_0259.wav,ᎠᏥᎳ ᎪᏢᏗ ᎬᏗ ᎤᏥᏍᎳᏅᎢ ᎪᎩᏍᏗ,atsil kolhvhti kvhti utsihslhanv kokhsti
train,training_data/processed/sentence_audio/Sentence_for_entry_0026.wav,ᏣᏁᎵᏁ ᏗᎧᏃᏩᏛᏍᏗ ’ᏞᏍᏗ ᏣᏓᏲᏁᎸᎢ’ ᎠᏗᎭ,tshaneline tikhanowatvhsti lhehsti tsatayhonelv'i atiha
train,training_data/processed/sentence_audio/Sentence_for_entry_0221_02.wav,ᎭᏢ ᎯᏯᏅᎮ ᎯᎠ ᎩᏟ,halhv hiyanvhe hi'a kilhi
train,training_data/processed/sentence_audio/Sentence_for_entry_0290.wav,ᏍᎩᎦᏘᏰᏍᏗ ᎩᎳᏊ ᏛᏥᎷᏥ,skikhthiyehsti khilakwu tvtsiluhtsi
train,training_data/processed/sentence_audio/Sentence_for_entry_0694.wav,ᎬᏔᏅᏙᏗ ᎤᏩᏒᏍᎦ ᏗᏁᏍᎨᏍᎩ,kvhthanvtohti uwhahsvhska tinhehskehski
train,training_data/processed/sentence_audio/Sentence_for_entry_0630.wav,ᏕᎦᎵᏗ ᎧᎵ ᏚᏭᏖᏎ ᏐᎯ,tekalhti khali tuwuthehse hsohi
train,training_data/processed/sentence_audio/Sentence_for_entry_1013.wav,ᏥᏈᏍᏗ ᎦᏬᏂᎭ ᎠᏎᏃ Ꮭ ᎪᎱᏍᏗ ᏯᏗᎭ,tskwihsti kawoniha ahsenho lha kohuhsti yatiha
train,training_data/processed/sentence_audio/Sentence_for_entry_1609.wav,ᎢᎦᏓ ᏚᎿᎷᏛ ᏧᏍᏗ ᎨᏐᎢ,ikata tunhalutv tsuhsti kehso'i
train,training_data/processed/sentence_audio/Sentence_for_entry_0185.wav,ᏍᏆᏞᏍᏗ ᎤᏩᏂᎳ ᏦᎳᏂ ᎤᎵᎪᏛᏅᎢ,skwalhehsti uwanhila tsolani ulhkhotvnhv'i
train,training_data/processed/sentence_audio/Sentence_for_entry_0136.wav,ᎠᎩᎾ ᎤᏩᎧᎭ ᏐᏈᎵ ᎠᏆᏤᎵ,akina uwakhaha hsokwili akwatseli
train,training_data/processed/sentence_audio/Sentence_for_entry_0830.wav,ᎦᎵᏉᎩ ᏧᏒᎯᏓ ᏒᎾᏙᏓᏆᏍᏗ ᏂᎦᎵᏍᏗᏍᎪᎢ,kalhkwoki tsuhsvhita hsvntotakwahsti nikalhstihsko'i
train,training_data/processed/sentence_audio/Sentence_for_entry_1829.wav,ᏩᎱᎯ ᏭᏍᏕᎵᏗ ᎠᎨᏳᏣ ᏥᏲᎵᎦ,wahuhi wuhstelhti akeyhutsa tsiyolika
train,training_data/processed/sentence_audio/Sentence_for_entry_1267.wav,ᎧᎵᏎᏥ ᎤᏩᎯ ᎧᎵᏎᏥ ᏧᏬᏢᏙᏗ,khalhsetsi uwhahi khalhsetsi tsuwolhvhtoti
train,training_data/processed/sentence_audio/Sentence_for_entry_0366.wav,ᎯᎠ ᎠᎨᏳᏣ ᎠᏧᏣᏃ ᎤᎾᎵᎪᏗ ᎤᎾᏚᎵᎭ,hi'a akeyhutsa atshutsanho unalikhti unatuliha
train,training_data/processed/sentence_audio/Sentence_for_entry_1777.wav,ᎤᎵᏨᏓᏩᏓ ᎤᏁᏡᏅ ᏩᏯ ᎤᏒ ᏥᎨᏒᎢ,ulhtsvtawata unelhunhv wayha uhsv tsikehsv'i
train,training_data/processed/sentence_audio/Sentence_for_entry_1140.wav,Ꮭ ᎩᎶ ᏱᏥᎪᏩᏘ ᏥᏲᎵᎩ,lha khilo yitsikowahthi tsiyoliki
train,training_data/processed/sentence_audio/Sentence_for_entry_0584.wav,ᏢᏓᏥ ᏗᏏᎾᎲᏍᏗᏍᎩ ᏢᏓᏥ ᏚᎦᏘᎸᏒᎢ,lhvtatsi tihsinahvhstihski lhvtatsi tukhthilvhsv'i
train,training_data/processed/sentence_audio/Sentence_for_entry_0650.wav,ᏧᎾᏓᏍᏚᏗ ᎠᎦᏘᏅᏒ ᏗᏓᎯᎯ ᎠᏥᏂᏴᎭ,tsunatahstuti akathinhvhsv titahihi atsiniyvha
train,training_data/processed/sentence_audio/Sentence_for_entry_0384.wav,ᎠᏂᏁᎵ ᏧᎿᏬ ᏓᏍᏓᎦᏴᏗᎭ,anineli tsunhawo tahstakayhtiha
train,training_data/processed/sentence_audio/Sentence_for_entry_1239.wav,ᏧᎦᏒᏍᏗ ᎤᎭᏴᏞ ᎠᎾᏗᎭ,tsukhsvhsti uhayvlhe anatiha
train,training_data/processed/sentence_audio/Sentence_for_entry_0588.wav,ᎦᎪ ᏓᏆᎳᎩᏍᎨ ᎤᏒ ᏥᎨᏒ,kako takwhalakihske uhsv tsikehsv
train,training_data/processed/sentence_audio/Sentence_for_entry_1281.wav,ᎧᏁᎩᏍ ᏥᏯᎵᏃᎮᏗᏍᎬ ᏝᎨ,khanekihs tshiyalinohehtihskv lhakhe
train,training_data/processed/sentence_audio/Sentence_for_entry_0624.wav,ᏓᏫᏍᎦᎳ ᎪᏢᏔᏅ ᎦᏟᏓ ᎤᏍᎧ ᎤᏩᏛᎲᎢ,tawihskala kolhvhthanv kalhita uhskha uwhahthvhv'i
train,training_data/processed/sentence_audio/Sentence_for_entry_1460.wav,ᏐᏈᎵ ᏓᎾᏙᎩᏯᏍᏗᎭ,sokwili tanthohkiyahstiha
train,training_data/processed/sentence_audio/Sentence_for_entry_0353.wav,ᎦᏄᎪᎬ ᎣᏥᏁᎩᏍᎪ ᎠᎹ ᎣᎦᏗᏔᏍᏗ,kanukokv otsinekihsko ama okatithahsti
train,training_data/processed/sentence_audio/Sentence_for_entry_0521.wav,ᎠᎹ ᎤᏤᏩᏍᏙᏔᏅ ᎠᏲᏓᏝᎲᎢ,ama utsewahstohthanv ayotalhahv'i
train,training_data/processed/sentence_audio/Sentence_for_entry_1010.wav,ᎪᎱᏍᏗ ᎡᏣᏛᏛᏅ ᎭᏬᎯᎵᏴᏒᎢ,kohuhsti etsahthvtvnhv hawohiliyvhsv'i
train,training_data/processed/sentence_audio/Sentence_for_entry_1170.wav,ᎢᎬᏱᏍ ᎯᎷᎩ ᏏᏅ ᎠᏴ ᎨᏒ,ikvyihs hi'luhk hsinhv ayv kehsv
train,training_data/processed/sentence_audio/Sentence_for_entry_0020.wav,ᎤᏓᏃᏰᏗ ᎤᏚᎵ ᎠᏎᏃ Ꮭ ᎠᏓᏃᏲ ᏳᏩᏯ,uthanoyehti utuli ahsenho lha athanoyo yuwaya
train,training_data/processed/sentence_audio/Sentence_for_entry_0113_01.wav,Ꮲ ᎠᏇᏅᏍᏗ ᎦᏛᏅᎢᏍᏗᎭ,lhv akwenvhsti katvnv'ihstiha
train,training_data/processed/sentence_audio/Sentence_for_entry_0466_02.wav,ᎤᎸᏌᏗ ᎧᎵ ᎤᏅᏗ ᎤᏒᏅᎢ,ulvhsa'ti khali unvti uhsvnhv'i
train,training_data/processed/sentence_audio/Sentence_for_entry_0563.wav,ᏲᎾ ᏚᏟᎶᏍᏔᏅᎢ,yona tulhilohsthanv'i
train,training_data/processed/sentence_audio/Sentence_for_entry_0507.wav,Ꮭ ᏯᏆᏅᏖ ᎠᏂᏔᎵ ᎠᏂᏫᏄᏣ ᏕᏣᎧᎲᎢ,lha yakwanhthe anitha'li aniwinutsa tetsakhahv'i
train,training_data/processed/sentence_audio/Sentence_for_entry_1406.wav,ᎣᏂ ᎤᎷᏨᎢ,onhi uluhtsv'i
train,training_data/processed/sentence_audio/Sentence_for_entry_0047.wav,ᎤᏔᎾ ᎢᎾᏓ ᎠᏓᎾᏏᏂ,uthana inata atanhsini
train,training_data/processed/sentence_audio/Sentence_for_entry_1108.wav,ᎯᎳ ᎢᏯᏂᎢ ᎬᎾ ᏕᎯᎾᏝᎠ,hila iyani'i kvna tehinalha'a
train,training_data/processed/sentence_audio/Sentence_for_entry_1573.wav,ᎤᏓᏪᏐᎸᏍᏙᏗ ᎤᏚᎵᎭ,utawehsolvhstohti utuliha
train,training_data/processed/sentence_audio/Sentence_for_entry_0570.wav,ᏓᏄᎪ ᎾᎥ ᎪᏢ ᎦᏘᏲᎢ,tanhuko na'v kolhv kathiyo'i
train,training_data/processed/sentence_audio/Sentence_for_entry_0342.wav,ᎪᎱᏍᏗ ᎤᏩᏂᎳ ᎠᎦᏙᎵ ᎤᎵᏍᏛᏂᎸᎢ,kohuhsti uwanhila akhtholi ulhstvnhilv'i
train,training_data/processed/sentence_audio/Sentence_for_entry_1214.wav,ᎨᏛ ᎤᎩᎳ ᏥᏔᎦ ᎠᏨᏯ ᎠᏴᎦ,kethv ukhi'la tsithaka atshvya ayhka
train,training_data/processed/sentence_audio/Sentence_for_entry_0993.wav,ᎦᏍᎩᎶ ᏗᏟᎨᏍᎩ ᎤᏬᏢᏅ ᎡᏚᏥ,kahskilo titlhihkehski uwotlhvnhv etutsi
train,training_data/processed/sentence_audio/Sentence_for_entry_0372.wav,ᏔᎵ ᎢᏳᏟᎶᏓ ᎢᎪᎯᏓ ᎠᏂᏙᎾᎥᎢ,tha'li iyulhilota ikohita anitona'v'i
train,training_data/processed/sentence_audio/Sentence_for_entry_1008.wav,ᎢᎾ ᏱᏚᎯᎴᎾ ᏩᎦ ᎯᎸᏍᎩ ᎢᏳᏩᎩᏗ ᏕᎦᏪᏐᎸᏍᏗᏍᎪᎢ,ina yituhi'lena wahka hilvhski iyuwakhti tekawehsolvhstihsko'i
train,training_data/processed/sentence_audio/Sentence_for_entry_1771_01.wav,ᎤᏩᏌ ᎤᎷᏨᎢ,uwahsa uluhtsv'i
train,training_data/processed/sentence_audio/Sentence_for_entry_1713.wav,ᎤᏂᏏ ᎤᏛᎯᏍᏔᏅᎢ,unihsi uthvhihsthanv'i
train,training_data/processed/sentence_audio/Sentence_for_entry_0832.wav,ᎦᏟᏓ ᎤᏲᏍᏔᎾ ᏄᏓᎴ ᏭᏴᎲᎢ,kalhita uyohsthana nutale wuyvhv'i
train,training_data/processed/sentence_audio/Sentence_for_entry_0568.wav,ᏕᎦᏂᏪᎠ ᎠᎩᏒᏍᏗ ᎤᎬᏩᏟ,tekaniwe'a akhsvhsti ukvwalhi
train,training_data/processed/sentence_audio/Sentence_for_entry_1021.wav,ᎦᏳᎳᏍ ᏫᏤᏙᎳ ᏗᎦᏚᎲᎢ,kayulahs witsetola tikatuhv'i
train,training_data/processed/sentence_audio/Sentence_for_entry_0810.wav,ᏗᎦᏘᏗ ᏩᎩᏝ ᎦᏚ,tikathti wakilha katu
train,training_data/processed/sentence_audio/Sentence_for_entry_1431.wav,ᏍᏚᎢᏍᏗ ᎦᎶᎯᏍᏗ ᎠᏍᏚᎢᏍᏙᏗ,stu'ihsti kalohsti ahstu'ihstohti
train,training_data/processed/sentence_audio/Sentence_for_entry_1023_01.wav,ᏩᏯ ᏱᏚᏛᎦᎾ ᎩᏟ ᎨᏡᎲᏍᎪᎢ,wayha yituthvkana kilhi kelhuhvhsko'i
train,training_data/processed/sentence_audio/Sentence_for_entry_1370.wav,ᏯᏂᎷᎩᏊ ᏑᎾᎴ ᏃᏊᎴ ᏄᏂᎷᏨᎾᏊ ᏱᎩ,yaniluhkikwu hsunale nokwule nuniluhtsvnakwu yiki
train,training_data/processed/sentence_audio/Sentence_for_entry_1391.wav,ᏅᏩᏙᎯᏯᏓ ᎢᏕᎮᏍᏗ,nvwhthohiyata itehehsti
train,training_data/processed/sentence_audio/Sentence_for_entry_0087.wav,ᎠᏗᏙᏗ ᎬᏗ ᎠᏗᏔᏍᎦ ᎤᎦᎹ,atithohti kvhti atithahska ukama
train,training_data/processed/sentence_audio/Sentence_for_entry_0313.wav,ᎠᎭᏂ ᎠᏰᏟ ᎭᎴᎲᎦ,ahani ayelhi halehvka
train,training_data/processed/sentence_audio/Sentence_for_entry_1036.wav,ᎩᏟ ᎤᎿᎸᎯ ᏥᎪᏩᏘᎭ,kilhi unhalvhi tsikowahthiha
train,training_data/processed/sentence_audio/Sentence_for_entry_1479.wav,ᏒᏙᏂ ᎤᎧᎵᏨ ᎤᎦᎿᏅ ᎠᎹ ᎤᎦᎿᎾ,svtoni ukhalitsv ukanhanv ama ukanhana
train,training_data/processed/sentence_audio/Sentence_for_entry_0642.wav,ᎤᎵᏨᏓᏆᏓ ᏚᏂᏃᎩᏒ ᏗᏂᏃᎩᏍᎩ,ulhtsvtakwata tuninhokihsv tininhokihski
train,training_data/processed/sentence_audio/Sentence_for_entry_1643.wav,ᎦᏚ ᎠᏃᏢᏗᏍᎪ ᎤᏣᎴᏍᏗ,katu anolhvhtihsko utsalehsti
train,training_data/processed/sentence_audio/Sentence_for_entry_0796_01.wav,ᏒᎦᏔ ᎤᏩᏂᏒ ᎤᎩᏍᏗ ᎤᏕᏒᎢ,svkhtha uwanhsv ukihsti utehsv'i
train,training_data/processed/sentence_audio/Sentence_for_entry_0029.wav,ᎤᏪᏘ ᎠᎿᏬ ᎠᎯᏓ ᎨᏐ ᎤᏓᏣᎦᎵᏗ,uwethi anhawo ahita kehso utatsakalhti
train,training_data/processed/sentence_audio/Sentence_for_entry_0204.wav,ᏦᎢᎭ ᏗᎨᏛᏍᏗ ᏚᏃᏟᏅᏒᎢ,tso'iha tikethvhsti tunhotlhinvhsv'i
train,training_data/processed/sentence_audio/Sentence_for_entry_0389.wav,ᎦᎵᏦᏕ ᎠᏁᏍᎨᏍᎬ ᏥᏍᏕᎵᎭ,kalhtsote anhehskehskv tsihsteliha
train,training_data/processed/sentence_audio/Sentence_for_entry_0281.wav,ᎦᎪ ᎠᎦᏔᎯ ᏄᎵᏍᏔᏂᏙᎸᎢ,kako akhthahi nulhsthanitolv'i
train,training_data/processed/sentence_audio/Sentence_for_entry_0174.wav,ᎪᎱᏍᏗᏍ ᎠᏝᏫᏗᏍᎩ ᏣᏚᎵ,kohuhstihs alhawitihsk tsatuli
train,training_data/processed/sentence_audio/Sentence_for_entry_0926.wav,ᏑᏕᏘᏴᏓ ᏥᎨᏒ ᎪᎯ ᎢᎦ ᏍᏓᏯ ᎤᏁᏐᏯᏒᎢ,sutethiyvta tsikehsv khohi ika hstaya unehsoyhsv'i
train,training_data/processed/sentence_audio/Sentence_for_entry_0284.wav,Ꮎ ᎠᏧᏣ ᎠᎨᏳᏣ ᎠᎦᏔᏍᏓᏁᎭ,na atshutsa akeyhutsa akhthahstaneha
train,training_data/processed/sentence_audio/Sentence_for_entry_0009.wav,ᎠᏲᎤᏟ ᎠᏍᎦᏯ ᎠᏓᏕᎬ ᏥᎪᏩᏘᎭ,ayo'ulhi ahskaya atatekv tsikowahthiha
train,training_data/processed/sentence_audio/Sentence_for_entry_0197.wav,ᎠᏂᏴᏫᏯ ᎤᏂᎸᏉᏗ ᎤᎾᏁᏍᏗ,aniyvwiya unilvkwhti unanhehsti
train,training_data/processed/sentence_audio/Sentence_for_entry_1288.wav,ᎯᎠ ᏗᎧᏁᏌᎢ ᏧᏏᏩ,hi'a tikhanehsa'i tsuhsiwha
train,training_data/processed/sentence_audio/Sentence_for_entry_0745.wav,ᎪᏍᏚ ᏓᎩᏴᏍᏙᏯᏍᏗᏍᎪᎢ,khohstu takhiyvhstoyhstihsko'i
train,training_data/processed/sentence_audio/Sentence_for_entry_1304.wav,ᎧᏄᏲᎳᏗᏍᎬᏛ ᏥᏓᏥᏴᎠ,khanuyolatihskvtv tsitatsiyv'a
train,training_data/processed/sentence_audio/Sentence_for_entry_1778.wav,ᎦᏙ ᎠᏛᏁᎲ ᎤᏪᎿᎢ ᏄᎵᏍᏔᏁᎢ,kato atvnehv uwenha'i nulhsthane'i
train,training_data/processed/sentence_audio/Sentence_for_entry_0312.wav,ᏔᎷᎩᏍᎩ ᎦᎨᏓ ᎤᎴᏙᏗ ᎤᏁᏟᏔᏅᎢ,thalukihski kaketa ulehtohti unelhthanv'i
train,training_data/processed/sentence_audio/Sentence_for_entry_1536.wav,ᎪᎱᏍᏗ ᎤᏓᏴᎳᏔ ᏚᏩᎢᏢᎢ,kohuhsti utayvlatha tuwa'ilhv'i
train,training_data/processed/sentence_audio/Sentence_for_entry_0936.wav,ᎦᏂ ᎤᏲᎸ ᎦᏅᏬᎢ,ka'ni uyolhv kanvwo'i
train,training_data/processed/sentence_audio/Sentence_for_entry_1618.wav,ᎤᎿᏬ ᎠᏲᏍᏓ ᎠᏏᎳᏛ ᎦᏄᏴᎯᎲᎢ,unhawo ayohsta ahsilatv kanuyvhihv'i
train,training_data/processed/sentence_audio/Sentence_for_entry_0639_01.wav,ᏚᏳᎾᏍᏗᎢ ᏕᎬᏙᎯᎠ,thuyunhsti'i tekvthohi'a
train,training_data/processed/sentence_audio/Sentence_for_entry_1382.wav,ᎢᎦ ᎡᎯ ᏅᏓ ᎤᏔᎾ ᏏᏅ ᏒᏃᏱ ᎡᎯ ᏅᏓ ᎨᏒᎢ,ika ehi nvta uthana hsinhv hsvnoyi ehi nvta kehsv'i
train,training_data/processed/sentence_audio/Sentence_for_entry_0704.wav,ᎯᎠ ᎠᏍᎦᏯ ᏗᎨᏫ,hi'a ahskaya tikhewi
train,training_data/processed/sentence_audio/Sentence_for_entry_1660.wav,ᎦᏙ ᎤᏍᏗ ᎠᏂᎩᏍᎪ ᎤᎾᎦᏐᏣᏁᏓ,kato uhst anikihsko unakhsotsaneta
train,training_data/processed/sentence_audio/Sentence_for_entry_1143_02.wav,ᏝᏬᏚᎯ ᎤᏅᏨ ᏚᎿᏒᏝ,lhawothuhi unvtsv tunhahsvtlha
train,training_data/processed/sentence_audio/Sentence_for_entry_0237.wav,ᎢᎦᏓ ᎠᏂᏲᏍᎩ ᎠᏂᏴᎩ ᏄᎾᎵᏍᏔᎾ,ikata aniyohski aniyhvkhi nunalhsthana
train,training_data/processed/sentence_audio/Sentence_for_entry_0021.wav,ᎤᏗᏞᎦ ᎱᏓᎸᎥᎦ ᎠᏓᏃᏲ,utilhehka hutalv'vka athanoyo
train,training_data/processed/sentence_audio/Sentence_for_entry_0796_02.wav,ᎭᏓᎩ ᎠᎿᏬ ᎠᏏᎳᏛ ᏥᎦᏓᎠ,hataki anhawo ahsila'tv tsika'ta'a
train,training_data/processed/sentence_audio/Sentence_for_entry_1775.wav,ᎦᎶᏇ ᎤᏒᏕᎾ ᎠᏋᏯ,kalokwe uhsvtena akwvya
train,training_data/processed/sentence_audio/Sentence_for_entry_1133_01.wav,ᎯᎳ ᎢᎦ ᏧᎬᏩᎶᏗ,hila ika tsukvwalhti
train,training_data/processed/sentence_audio/Sentence_for_entry_0759.wav,ᏚᏳᎪᏛ ᎬᏃᎯᏎᎭ,tuyukhtv kvnohihseha
train,training_data/processed/sentence_audio/Sentence_for_entry_1698.wav,ᎣᎩᎾᎵ ᎣᎩᎾᎵᎪᎯ ᏬᎩᏁᏙᎸ ᏅᏓᎩᎢ,okinali okinalikohi wokinetolv nvtaki'i
train,training_data/processed/sentence_audio/Sentence_for_entry_0390.wav,ᎤᏍᏘᎬ ᎠᏍᏕᏲ ᎠᎨᏳᏣ,uhsthihkv ahsteyo akeyhutsa
train,training_data/processed/sentence_audio/Sentence_for_entry_1344.wav,ᎬᏟ ᏧᏲᎯ ᎩᏟ ᎠᎩᏍᎪᎵᏗ,khvlhi tsuyhohi kilhi akhskolhti
train,training_data/processed/sentence_audio/Sentence_for_entry_0516.wav,ᏞᏍᏗ ᏥᎯᏰᎢᏍᏔᏂ ᎤᏍᏗᎢ,lhehsti tsihiyehsthani uhsti'i
train,training_data/processed/sentence_audio/Sentence_for_entry_0249.wav,ᎠᏤᏍᏙ ᎦᎾᎥ ᎠᎾᏁᎯᎲ ᎠᏂᏧᏣ,atsehsto kana'v ananhehihv anitshutsa
train,training_data/processed/sentence_audio/Sentence_for_entry_1738.wav,ᏴᏫ ᎤᏍᎧ ᎤᏩᏛᎲ ᎠᏍᎪᏍᎬᎢ,yvwi uhskha uwhahthvhv ahskohskv'i
train,training_data/processed/sentence_audio/Sentence_for_entry_0858.wav,ᏍᎪᎯ ᏂᏕᎦᏛᎥ ᏒᎩ ᏗᎦᎪᏗ ᏚᏩᏒᎢ,skohi nitekhtv'v hsvki tikakhohti tuwhahsv'i
train,training_data/processed/sentence_audio/Sentence_for_entry_0234_02.wav,ᏥᏍᏆᏛ ᏥᏰᏫᏍᎬ ᏰᎦᏟ ᏓᏥᏴᏈᏛᏂ,tsihskwa'tv tsiyewihskv yhe'kalhi tatsiyvhkwitvni
train,training_data/processed/sentence_audio/Sentence_for_entry_0948.wav,ᎪᎳ ᏱᎩ ᏂᎪᎯᎸ ᎦᏃᎭᎵᏙᎰᎢ,kola yiki nikohilv kanohalitoho'i
train,training_data/processed/sentence_audio/Sentence_for_entry_0909.wav,ᎭᏢ ᏣᏁᏎ ᏣᎵᏍᏚᎶ,halhv tsanehse tsalhstulo
train,training_data/processed/sentence_audio/Sentence_for_entry_1175.wav,ᎯᎳ ᎢᏧᏕᏘᏴᏓ ᎤᏁᎳᏕᎢ,hila itsutethiyvta unhela'te'i
train,training_data/processed/sentence_audio/Sentence_for_entry_1736.wav,ᎤᏏᏩ ᏔᎷᎩᏍᎩ ᎡᏍᎬᏏ,uhsiwha thalukihski ehskhvhsi
train,training_data/processed/sentence_audio/Sentence_for_entry_0358.wav,ᎠᎹᏱ ᏫᏔᎵᏔᏚᎦ,amayi withalhthatuka
train,training_data/processed/sentence_audio/Sentence_for_entry_1435.wav,ᏎᎳᏉᏯ ᏍᏓᏱ ᎠᎪᏩᏛᏗ ᎦᏄᎸᏒᎢ,selakwoya hstayi akowahthvhti kanulvhsv'i
train,training_data/processed/sentence_audio/Sentence_for_entry_1542.wav,ᎪᎯ ᎢᎦ ᎤᏕᏘᏱᎭ ᏦᏍᏓᏓᏅᏟ,khohi ika utethiyiha tsohstatanhvtlhi
train,training_data/processed/sentence_audio/Sentence_for_entry_1056_02.wav,ᎦᎪ ᏂᏓᏳᏅᏅ ᎪᏪᎵ ᎯᎾᎩ,kako nitayunvnv kowheli hinaki
train,training_data/processed/sentence_audio/Sentence_for_entry_1600.wav,ᏦᎳᏂ ᎯᏍᏚᎢ ᎠᎧᏬᏍᏗᎭ,tsolani hihstu'i akhawohstiha
train,training_data/processed/sentence_audio/Sentence_for_entry_1807.wav,ᎠᎹᏱ ᎭᏫᏂ ᎤᏲᎱᏎᎸ ᏩᏥ,amayi hawini uyohuhselv watsi
train,training_data/processed/sentence_audio/Sentence_for_entry_0151.wav,ᎯᎠ ᎠᏧᏣ ᎠᎫᏌ ᎠᏴᏫᏯᎢ,hi'a atshutsa akuhsa ayvwiya'i
train,training_data/processed/sentence_audio/Sentence_for_entry_0916.wav,ᏣᏕᎶᎰᏎᏍ ᎥᏍᎩᎾ ᏣᏁᎫᏗᏍᎬ,tsatelohohsehs vhskina tsanekutihskv
train,training_data/processed/sentence_audio/Sentence_for_entry_1226.wav,ᎦᎪ ᏧᏓᏘᎿ ᎢᏣᏓᎷᎬᎢ,kako tsutathinha itsatalhkv'i
train,training_data/processed/sentence_audio/Sentence_for_entry_1412.wav,ᎣᏏ ᎾᏆᏛᎿᏕᎦ,ohsi nakwatvnhateka
train,training_data/processed/sentence_audio/Sentence_for_entry_1113.wav,ᎯᎳ ᎢᏴ ᎬᏂᏍᎪ ᎧᏄᎦᏟ,hila iyv kvnhsko khanukalhi
train,training_data/processed/sentence_audio/Sentence_for_entry_1243.wav,ᎤᏪᏘ ᏧᎳᏍᎩ ᎤᎭ ᎡᏥ,uwethi tsulahski uha etsi
train,training_data/processed/sentence_audio/Sentence_for_entry_0149.wav,ᎢᏤ ᎦᏄᎸᏒ ᏙᎯᏳ ᎤᏬᏚᎯ ᎠᎪᏩᏛᏗ ᎨᏐᎢ,itse kanulvhsv tohiyu uwotuhi akowhahthvhti kehso'i
train,training_data/processed/sentence_audio/Sentence_for_entry_0804.wav,ᎦᏙᎲ ᏂᏗᏤᏅᏓ ᏧᏫᎬᏯᏂᏍᎬ,katohv nititsenvta tsuwikvyanihskv
train,training_data/processed/sentence_audio/Sentence_for_entry_0345.wav,ᎭᎵᏍᎫᏯ ᏕᎭᏓᏂᎸᎨᏍᏗ,halhskuyha tehatanilvkehsti
train,training_data/processed/sentence_audio/Sentence_for_entry_1414.wav,ᎢᏤ ᎣᏏ ᎠᏓᏍᏓᏴᏗ ᎤᏓᏒᏅ ᎠᎾᏓᎪᎾᏘᏗᏍᎬᎢ,itse ohsi atahstayhti utahsvnhv anatakonathtihskv'i
train,training_data/processed/sentence_audio/Sentence_for_entry_1796_02.wav,ᎤᏬᏝᏍ ᏗᏍᏓᏓᏅᏟ,uwolhahs tihstatanhvtlhi
train,training_data/processed/sentence_audio/Sentence_for_entry_1470.wav,ᏑᏕᏘᏴᏓ ᏥᎨᏒ ᏣᎩᏩᏒ ᎯᎠ ᏩᏥ,sutethiyvta tsikehsv tsakhiwahsv hi'a watsi
train,training_data/processed/sentence_audio/Sentence_for_entry_1124.wav,ᎭᏢ ᏫᎦᎶᎯ ᏍᏓᎵᎢ,halhv wikalohi hstali'i
train,training_data/processed/sentence_audio/Sentence_for_entry_0938.wav,ᎦᎪ ᎣᏂ ᎤᏩᏂᏙᎴ ᎪᏍᏛᏂᏍᏗ,kako onhi uwanitole kohstvnihsti
train,training_data/processed/sentence_audio/Sentence_for_entry_0551.wav,ᏓᏓᏁᏎᏍᎬ ᎤᏮᏔᏂᏓᏍᏗ ᎤᏯᎸ ᏧᏓᏁᏎᏍᏗ ᎠᏥᏔᏲᏎᎳ,tatanhehsehskv uwhthanitahsti uyhalv tsutanhehsehsti atsithayohsela
train,training_data/processed/sentence_audio/Sentence_for_entry_0656.wav,Ꮎ ᎠᏍᎦᏯ ᎠᏣᎳᎩ ᏗᏓᏅᏫᏍᎩ,na ahskaya atsalaki titanhvwihski
train,training_data/processed/sentence_audio/Sentence_for_entry_1478.wav,ᏑᏒᎯᏓ ᎮᏙᎸ ᏔᎵᏁᎢ ᎢᎮᏙᎸᎢ,suhsvhita hetolv thaline'i ihetolv'i
train,training_data/processed/sentence_audio/Sentence_for_entry_1813.wav,ᎤᏍᎦᏎᏗ ᎥᏳᎩ ᎤᏂᏴᎲᎢ,uhskahsehti vyhuki uniyvhv'i
train,training_data/processed/sentence_audio/Sentence_for_entry_1041.wav,ᏐᎢ ᎪᎨᏱ ᎢᏴ ᏛᏑᎵᎪᏥ ᏓᏕᏲᎲᏍᎬᎢ,so'i kokeyi iyv tvhsulkotsi tateyhohvhskv'i
train,training_data/processed/sentence_audio/Sentence_for_entry_1161.wav,ᎤᏒ ᏂᎨᏒᎾ ᏱᎩ ᎢᎦ ᎨᏐᎢ,uhsv nikehsvna yiki ika kehso'i
train,training_data/processed/sentence_audio/Sentence_for_entry_1003.wav,ᎭᏰᎵᏍᏗ ᎬᏗ ᏓᏥᏘᏏᎶᎥᎢ,hayelhsti kvhti tatsithihsilo'v'i
train,training_data/processed/sentence_audio/Sentence_for_entry_1349.wav,ᎪᎩ ᎤᏗᏞᎩ ᏗᏛᎪᏗ ᎾᏂᏪᏍᎬ ᎶᎶ,koki utilhehki tithvkoti naniwehskv lolo
train,training_data/processed/sentence_audio/Sentence_for_entry_0751.wav,ᎦᏙ ᎤᏍᏗ ᏧᎵᏑᏫᏓ ᏚᎵᏲᎭ,kato uhsti tsulhsuwhita tuliyoha
train,training_data/processed/sentence_audio/Sentence_for_entry_0977_01.wav,ᎦᏅᏠᏍᏗ ᏫᎾᏌᎾᎩ,kanvlhohsti whinhsanaki
train,training_data/processed/sentence_audio/Sentence_for_entry_0986.wav,ᏄᏝᏂᎬᎬ ᎬᏗᏍᎪ ᏳᏩᏌᏆᎴᏝ Ꮎ ᎤᏔᎾ ᎦᏆᏘᏗ,nulhanikvkv khtihsko yuwahsakwalelha na uthana kakwathti
train,training_data/processed/sentence_audio/Sentence_for_entry_1514.wav,ᎯᏍᏚᎲᎦ ᎦᎶᎯᏍᏗᎢ ᏛᎦ ᏕᎯᏴᏗᎭ,hihstuhvka kalohihsti'i thvhka tehiyhtiha
train,training_data/processed/sentence_audio/Sentence_for_entry_0651.wav,ᏧᎾᏓᎯᎵᏓᏍᏗ ᎡᎦ ᏗᏘᏲᎯᎯ,tsunatahi'litahsti eka tithiyohihi
train,training_data/processed/sentence_audio/Sentence_for_entry_0618.wav,ᏓᏍᎩᎾᏗᏍᎪ ᎪᎱᏍᏗ ᏳᎿᎸᏍᏔᎾ,tahskinatihsko kohuhsti yunhalvhsthana
train,training_data/processed/sentence_audio/Sentence_for_entry_0344.wav,ᏍᏆᎵᏍᎪᎸᏓᏏ ᎠᎩᏬᏂᎯᏍᏗᎢ,skwalhskolhtahsi akiwonihsti'i
train,training_data/processed/sentence_audio/Sentence_for_entry_0356.wav,ᎠᎹᏢᏙᏗ ᎯᎧᎵᏣ,amalhtohti hihkhalitsa
train,training_data/processed/sentence_audio/Sentence_for_entry_0347.wav,ᏦᎳᏂ ᎤᎵᏍᏆᎷᏓ ᎤᏍᏗ ᎠᏧᏣ,tsolani ulhskwaluta uhsti atshutsa
train,training_data/processed/sentence_audio/Sentence_for_entry_0887.wav,ᎭᎴ ᏄᎶᏒᎢ,hale nulohsv'i
train,training_data/processed/sentence_audio/Sentence_for_entry_1336.wav,ᎪᏍᏚᎭ ᏄᎵᏍᏔᏅ ᎤᏑᎸ ᎤᏅᏣ,khohstuha nulhsthanv uhsulv unvtsa
train,training_data/processed/sentence_audio/Sentence_for_entry_0655.wav,ᏣᎾᏔᏍ ᎤᎿ ᎦᏁᎸ ᏗᏓᏁᏎᏍᎩ,tsanhthahs unha kanelv titanhehsehski
train,training_data/processed/sentence_audio/Sentence_for_entry_1721.wav,ᏧᏌᎨ ᏗᎿᏬᏍᏙᏗ ᏚᎿᏬᏍᏗ,tsuhsake tinhawohstohti tunhawohsti
train,training_data/processed/sentence_audio/Sentence_for_entry_1296_02.wav,ᎠᎵᏣᏙᎲᏍᎩ ᎧᏃᎮᏓ ᏚᎵᏣᏙᏁᎸ ᏴᏫ,alhtsatohvhski khanoheta tulhtsatonhelv yvwi
train,training_data/processed/sentence_audio/Sentence_for_entry_0665.wav,ᎭᏢ ᏗᏓᏘᏂᏙᎯ ᎢᏣᏓᏡᎬᎢ,hatlhv titathinhitohi itsatalhkv'i
train,training_data/processed/sentence_audio/Sentence_for_entry_1527.wav,ᎤᏓᏅᏙ ᎤᎴᏫᏍᏓᏁᎸᎢ,utanhto ulewhihstanelv'i
train,training_data/processed/sentence_audio/Sentence_for_entry_1624.wav,ᎤᏅᏉᎳᏛ ᎤᏍᎪᎸᏨ ᎤᎶᎩᎸ ᎤᎵᎦᎵᏴᎭ,unvkwholthv uhskolvtsv ulokilv ulhkaliyvha
train,training_data/processed/sentence_audio/Sentence_for_entry_0135.wav,ᏔᎵ ᏧᏒᎯᏓ ᎢᎪᎯᏓ ᎤᎩᏟᏲᏨᎢ,thali tsuhsvhita ikohita ukilhiyotsv'i
train,training_data/processed/sentence_audio/Sentence_for_entry_1265.wav,ᎧᎶᏪᎩᏗ ᏦᏍᏓ ᏗᎨᏛᏍᏗ ᏓᏙᏢᏍᎪᎢ,khalowekhti tsohsta tikethvhsti tatolhvhsko'i
train,training_data/processed/sentence_audio/Sentence_for_entry_1718.wav,ᎤᏅᏗ ᎤᎸᏉᏗ ᎤᏗᏔᏍᏗᎢ,unvti ulvkwti utithahsti'i
train,training_data/processed/sentence_audio/Sentence_for_entry_1325.wav,ᎩᎳᏊ ᏫᏓᏗᎷᏥ,khilakwu witatiluhtsi
train,training_data/processed/sentence_audio/Sentence_for_entry_1419.wav,ᏗᏌᏛᏗ ᎬᏗ ᏕᎦᏂᏱᏍᎪ ᏥᏍᏚ,tihsatvti kvhti tekaniyihsko tsihstu
train,training_data/processed/sentence_audio/Sentence_for_entry_0115.wav,ᏂᎪᎯᎸ ᎠᎦᏟᏱ ᎨᏐ ᎤᏓᏍᏕᏟᏗᎢ,nikohilv akalhiyi kehso utahstelhti'i
train,training_data/processed/sentence_audio/Sentence_for_entry_1150.wav,ᎢᎾᏓᏬᎤᎦ ᎰᏩ,inatawo'uka howa
train,training_data/processed/sentence_audio/Sentence_for_entry_1324_02.wav,ᎩᎳ ᏫᏥᏍᏚᎲᎦ ᏦᎳᏂ,khila witsihstuhvka tsolani
train,training_data/processed/sentence_audio/Sentence_for_entry_0348.wav,ᎭᎵᏍᏇᏚᎩ ᏥᎪᎵᏯ,halhskwethuhki tsikoliya
train,training_data/processed/sentence_audio/Sentence_for_entry_1052.wav,ᎦᏙ ᎤᏍᏗ ᎰᏢᏍᎦ,kato uhsti holhvhska
train,training_data/processed/sentence_audio/Sentence_for_entry_0886_02.wav,ᎠᎯᏓ ᎤᎶᏒ ᎠᏥᎪᎵᏰᎠ,ahita ulohsv atsikoliye
train,training_data/processed/sentence_audio/Sentence_for_entry_0808.wav,ᎦᏙ ᎤᏍᏗ ᎤᎵᏑᏫᏓ ᏘᏑᏫᏍ,kato uhsti ulhsuwhita thihsuwhihs
train,training_data/processed/sentence_audio/Sentence_for_entry_1590.wav,ᎠᏓ ᎤᏪᏘ ᎤᎪᏍᎦ,ata uwethi ukohska
train,training_data/processed/sentence_audio/Sentence_for_entry_0254.wav,ᎠᏥᎳ ᎪᏢᏗ ᏍᎩᏗᏏ,atsila kolhvhti hskitihsi
train,training_data/processed/sentence_audio/Sentence_for_entry_1152.wav,ᎦᏙ ᏙᏛᏔᏂ Ꮎ ᏗᏯᏖᎾ,kato tothvhthani na tiyhahthena
train,training_data/processed/sentence_audio/Sentence_for_entry_0054.wav,ᏙᏳ ᎠᏂᏓᏪᎯ ᎨᏐ ᎢᎦᏓ ᎠᏂᏣᎳᎩ,toyu anitawehi kehso ikata anitsalaki
train,training_data/processed/sentence_audio/Sentence_for_entry_0156.wav,ᎠᏲᏁᎦᏍ ᏍᏓᎵᎢ ᎠᎬᎿᎨᎢᎨ,ayonekahs hstali'i akvnhake'ikhe
train,training_data/processed/sentence_audio/Sentence_for_entry_0301.wav,ᎯᎳ ᎢᎦ ᎯᏯᏈᏴᎡᎴ,hila ika hiyakwiyv'ele
train,training_data/processed/sentence_audio/Sentence_for_entry_0668.wav,ᏐᏁᎳ ᏍᎪᎯ ᎢᏯᏂᎢ ᏗᎾᏕᏠᏆᏍᎩ ᏚᏂᏍᏆᏛ ᎪᎯ ᎪᎨᏱ,sonhela hskohi iyani'i tinatelhkwahski tunihskwa'tv khohi kokeyi
train,training_data/processed/sentence_audio/Sentence_for_entry_0514.wav,ᎯᏰᎩ ᎠᎪᏎᎳ ᎤᏰᏨᎢ,hiyeki akohsela uyetsv'i
train,training_data/processed/sentence_audio/Sentence_for_entry_0912.wav,ᏦᎢᎭ ᏗᎪᏍᏛᏂᏍᏗ ᏘᏄᎦ ᎤᎾᎳᏍᎦᎵᏗᎢ,tso'iha tikohstvnihsti thinuka unalahskalhti'i
train,training_data/processed/sentence_audio/Sentence_for_entry_0179.wav,ᏗᏁᏍᎨᏍᎩ ᎠᏟᎶᏍᏗ ᎬᏗᏍᎪ ᎠᏟᎶᏍᎬ ᎢᏴ ᎤᏍᏆᎵᏍᏗ ᏯᏖᎾ,tinhehskehski alhilohsti kvhtihsko alhilohskv iyv uhskwalhsti yhahthena
train,training_data/processed/sentence_audio/Sentence_for_entry_1616.wav,ᎭᏰᎵᏍᏗ ᎬᏗ ᏓᏍᏆᎸᏍᎦ ᏚᎿᏑᎦᏢᎢ,hayelhsti kvhti tahskwalhska tunhahsuhkalhv'i
train,training_data/processed/sentence_audio/Sentence_for_entry_0463.wav,ᎯᏲᎵᎩᏍ ᎩᎶ ᎠᏒᏆᎶᏍᎩ ᏧᎸᏫᏍᏓᏁᎯ,hiyolikihs khilo ahsvkwalohski tsulvwhihstanehi
valid,training_data/processed/sentence_audio/Sentence_for_entry_1838.wav,ᏩᏂᎨ ᎠᏆᏍᏙ ᎤᏮᏙᏗ ᎤᎸᏉᏗ,wanike akwhsto uwhtohti ulvkwhti
train,training_data/processed/sentence_audio/Sentence_for_entry_0687.wav,ᏦᏍᎪ ᏧᏒᎯᏓ ᏧᎾᏓᏍᏚᏗ ᎤᏴᏍᏗ ᏚᏭᎪᏓᏁᎸ ᏗᎫᎪᏗᏍᎩ,tso'hsko tsuhsvhita tsunatahstuti uyvhsti tuwukhtanelv tikukhtihski
train,training_data/processed/sentence_audio/Sentence_for_entry_1805.wav,ᎦᏙ ᏥᏣᏰᏘᏍᎦ,kato tsitsayetska
train,training_data/processed/sentence_audio/Sentence_for_entry_1533.wav,ᏄᎾ ᏚᏓᏅᏅ ᎠᏰᏟ ᎠᎢ,nuna tutanvnhv ayelhi a'i
train,training_data/processed/sentence_audio/Sentence_for_entry_1080.wav,ᎦᎷᏯᏍᏗ ᎫᎭᎵᏗ ᎠᏲᏢᏍᎦ,kaluyhsti kuhalhti ayolhvhska
train,training_data/processed/sentence_audio/Sentence_for_entry_1836.wav,ᏩᎶᏏ ᎾᏂᏪᎠ,walohsi naniwe'a
train,training_data/processed/sentence_audio/Sentence_for_entry_0050.wav,ᏑᏕᏘᏴᏓ ᎢᏳᏓᎵ ᎢᏤ ᏓᏆᎴᎳ ᎠᏓᏅᏍᎪᎢ,sutethiyvta iyutali itse takwalela atanvhsko'i
train,training_data/processed/sentence_audio/Sentence_for_entry_1000.wav,ᎨᏛ ᎦᏔ ᎠᎾᎦᎵᏍᎩ ᎠᏨᏍᏗ,kethv katha anakalihski atsvhsti
train,training_data/processed/sentence_audio/Sentence_for_entry_1261.wav,ᏨᏍᎩᏃᎢᏍ ᎡᎯ ᏎᏓᏂ,tsvhskino'ihs ehi hsetani
train,training_data/processed/sentence_audio/Sentence_for_entry_1271.wav,ᎧᎾᏥᏍᏕᏥ ᎠᏂᏃᎯᎵᏙᎭ ᏙᏱ,khantsihstetsi aninohilitoha toyi
train,training_data/processed/sentence_audio/Sentence_for_entry_1453_02.wav,ᏏᏊ ᎠᏆᏚᎵ ᎠᎹ,sikwu akwatuli ama
train,training_data/processed/sentence_audio/Sentence_for_entry_1311.wav,ᎧᏴᏐᎵ ᎠᏓᏁᎦᎵ ᎤᏗᏞᎩ ᎠᎦᎵᏍᎬ ᎢᏳᏍᏗ,khayvhsoli atanekali utilhehki akalihskv iyuhsti
train,training_data/processed/sentence_audio/Sentence_for_entry_1659.wav,ᎠᏴᎩ ᎤᎦᏎᏍᏗ ᎤᎵᏘᏍᏗ ᏂᎨᏒᎾ ᎤᏰᎸᏒᎢ,ayhvkhi ukhsehsti ulthihsti nikehsvn uyelvhsv'i
train,training_data/processed/sentence_audio/Sentence_for_entry_1693.wav,ᎤᏓᏅᏘᏴ ᎢᏳᏍᏗ ᏥᎸᏉᏗ,utanhthiyv iyuhsti tsilvkwoti
train,training_data/processed/sentence_audio/Sentence_for_entry_1001.wav,ᎦᏘᏗ ᎤᏲᎱᏏ ᎤᎿᏬᎩᎢ,kathti uyohuhsi unhawoki'i
train,training_data/processed/sentence_audio/Sentence_for_entry_0334.wav,ᏒᎯᏰᏱ ᎤᏔᎾ ᎠᎵᏍᏓᏴᎲᏍᎪᎢ,svhiyeyi uthana alhstayvhvhsko'i
train,training_data/processed/sentence_audio/Sentence_for_entry_0903.wav,ᎤᏚᎵᏍᎬ ᎢᎪᎯᏓ ᏧᎸᏫᏍᏓᏁᏗ ᏥᎾᏢᏍᎦ,utulihskv ikohita tsulvwhihstanhti tsinalhvhska
train,training_data/processed/sentence_audio/Sentence_for_entry_1610.wav,ᏁᎳᎩ ᎩᏟ ᎤᎿᎸᎦᏏ,nelaki kilhi unhalvkahsi
train,training_data/processed/sentence_audio/Sentence_for_entry_0870.wav,ᏦᎢ ᏧᏒᎯᏓ ᎤᎵᏨ ᎢᎾᎨᎢ,tso'i tsuhsvhita ulitsv inake'i
train,training_data/processed/sentence_audio/Sentence_for_entry_1451.wav,ᏏᎦ ᏭᏪᏙᎸ ᎤᏙ ᏧᏪᏅᏒᎢ,sika wuwetolv uto tsuwenvhsv
train,training_data/processed/sentence_audio/Sentence_for_entry_1049.wav,ᎯᏲᎵᎩᏍ ᎯᎠ ᎠᏍᎦᏯ,hiyolikihs hi'a ahskaya
train,training_data/processed/sentence_audio/Sentence_for_entry_1250.wav,ᎢᏤ ᏧᎾᏓᏍᏚᏗ ᏛᎾᏁᏍᎨᎯ,itse tsunatahstuti tvnanhehskehi
train,training_data/processed/sentence_audio/Sentence_for_entry_1769.wav,ᏚᏩᏂᎦᏢ ᎤᏂᎸᏉᏗ ᎤᎾᎩᎸᏗ ᏩᎱᎯ,tuwanikalhv unilvkwhti unkhilvti wahuhi
train,training_data/processed/sentence_audio/Sentence_for_entry_0351.wav,ᎦᏙ ᎤᏛᏁᏗ ᎠᎵᏐᏍᏗᎭ,kato utvnhti alhsohstiha
train,training_data/processed/sentence_audio/Sentence_for_entry_0859.wav,ᏓᏂᏍᏓᏲᎯᎲ ᎠᏓᏁᏗ ᏥᏇᏅᏍᎦ,tanihstayohihv atanhehti tsikwhenvhska
train,training_data/processed/sentence_audio/Sentence_for_entry_1768.wav,ᎤᏩᏂ ᎪᏢᏔᏅ ᎠᎿᏬ ᎤᏄᏩ,uwa'ni kolhvhthanv anhawo unhuwa
train,training_data/processed/sentence_audio/Sentence_for_entry_1016.wav,ᎦᏰᏫᏍᎩ ᎬᏗ ᎦᏰᏫᏍᎦ ᎠᏌᏃ,kayewhski kvhti kayewhska ahsano
train,training_data/processed/sentence_audio/Sentence_for_entry_1835.wav,ᏩᎴᎳ Ꮭ ᎠᏁᏙᎯ ᏱᎩ,walela lha anetohi yiki
train,training_data/processed/sentence_audio/Sentence_for_entry_0349.wav,ᏗᎦᏚᎲ ᏳᏪᎾ ᏧᏓᏅᎦᎸᏓ ᏓᎿᏬᏍᎪᎢ ᎣᏍᏓᏃ ᎠᎵᏍᏇᏚᏬ ᎠᎵᏍᏇᏚᎲᏍᎪᎢ,tikatuhv yuwena tsutanvkalvta tanhawohsko'i ohstanho alhskwethuwo alhskwethuhvhsko'i
train,training_data/processed/sentence_audio/Sentence_for_entry_0792.wav,ᎦᏓᏆᎳ ᎪᏢᏔᏅ ᎦᏅᏃᏩ ᎤᏩᏯ,katakwala kolhvhthanv kanvnowa uwaya
train,training_data/processed/sentence_audio/Sentence_for_entry_0795.wav,ᏨᏔᏅᎢᏍ ᏐᏈᎵ ᎤᏂᎾᏌᏁᏍᏗ ᎦᏓᎷᎪᏗ,tsthanvhs hsokwili uninhsanehsti katalukoti
train,training_data/processed/sentence_audio/Sentence_for_entry_1780.wav,ᏧᏪᏥ ᎠᏂᏧᏣ ᏓᏩᏛᎮᎦ,tsuwetsi anitshutsa tawhahthvheka
train,training_data/processed/sentence_audio/Sentence_for_entry_1450.wav,ᏝᏍ Ꮟ ᏱᎦᎷᎦ,lhahs hsi yika'luhka
train,training_data/processed/sentence_audio/Sentence_for_entry_1663.wav,ᎤᎬᎭᏓ ᎪᎯ ᏑᎾᎴᎢ,ukhvha'ta khohi hsunale'i
train,training_data/processed/sentence_audio/Sentence_for_entry_1825.wav,ᏩᏚᎵᏏ ᎠᏃᏢᏍᎪ ᏩᏚᎵᏏ,watulihsi anolhvhsko watulihsi
train,training_data/processed/sentence_audio/Sentence_for_entry_0164.wav,ᏦᎳᏂ ᏓᎦᏍᏚᎿ ᏥᎠᏬᏍᏔᏅᎢ,tsolani takhstunha tsi'awohsthanv'i
train,training_data/processed/sentence_audio/Sentence_for_entry_0374.wav,ᎡᏝᏪ ᎠᏂᏅᎢ,elhawe ani'nv'i
train,training_data/processed/sentence_audio/Sentence_for_entry_0979.wav,ᎤᎵᏨᏓᏆᏓ ᎤᏅᏥᏙᎸᎢ,ulhtsvtakwata unvtsitolv'i
train,training_data/processed/sentence_audio/Sentence_for_entry_0311_02.wav,ᏤᏅᏍᏗ ᏱᏣᏚᎵ ᎠᎴ Ꮭ ᏱᎩ ᎣᏏᏊ,tsenvhsti yitsatuli ale la yiki ohsikwu
train,training_data/processed/sentence_audio/Sentence_for_entry_0944.wav,ᎢᎾᏓ ᎤᎵᏬᏨ ᎤᏂᏌᏅᎢ,inata uliwhotsv unihsanhv'i
train,training_data/processed/sentence_audio/Sentence_for_entry_0747.wav,ᎠᎦᎵᏍᎬ ᏰᏙ ᏧᎵᏏᎩ ᏚᎦᏘᏅᏙᎢ,akalihskv yeto tsulhsihki tukhthinvtho'i
train,training_data/processed/sentence_audio/Sentence_for_entry_0895.wav,ᎦᎸᎳᏗᏍ ᎦᎸᎶ ᎦᎸᎳᏗ,kalvla'tihs kalvlo kalvlati
train,training_data/processed/sentence_audio/Sentence_for_entry_0432.wav,ᎪᏍᏛᏂᏍᏗ ᎬᏗ ᎤᏍᏆᎸᏂᏍᏙᏗ ᎩᏟ ᎤᏁᏟᏔᏅᎢ,kohstvnihsti kvhti uhskwalvnihstohti kilhi unelhthanv'i
train,training_data/processed/sentence_audio/Sentence_for_entry_0806.wav,ᏚᏯᏪᏣ ᎦᏌᎴᏂ ᎦᏁᎲ ᎤᏙᏅᏔᏅᎢ,tuyawetsa kahsalen kanhehv utonhthanv'i
train,training_data/processed/sentence_audio/Sentence_for_entry_0828.wav,ᎦᏙ ᎤᏍᏗ ᎦᎵᏗ ᏔᎷᎩᏍᎩ Ꮎ ᎠᏍᎦᏯ,kato uhsti kalhti thalukihski na ahskaya
train,training_data/processed/sentence_audio/Sentence_for_entry_0247.wav,ᎠᏤᎵᏍᏛ ᏚᏢᏅ ᎠᏂᏥᎸᏍᎩ,atselihstv tulhvnv anitsilvhski
train,training_data/processed/sentence_audio/Sentence_for_entry_0970.wav,ᏍᏓᏱ ᎤᏅᏨ ᎠᎳᏍᎦᎵᏍᎬᎢ,stayi unvtsv alahskalihskv'i
train,training_data/processed/sentence_audio/Sentence_for_entry_1602.wav,Ꮭ ᏳᎸᏉᏗ ᎤᎯᏐᏓᏁᏗ,lha yulvkwhti uhihsohtanehti
train,training_data/processed/sentence_audio/Sentence_for_entry_1649.wav,ᎢᎸᎯᏳᎢᏍ ᎤᏥᎸ ᏣᏕᏓ,ilvhiyuhs utsilv tsateta
train,training_data/processed/sentence_audio/Sentence_for_entry_0931.wav,ᎠᏓᏬᏍᏗ ᎤᏚᎿ ᎤᏓᏅᏆᎡᎲ ᎠᎹ,atawohsti utunha utanhkwa'ehv ama
train,training_data/processed/sentence_audio/Sentence_for_entry_0917.wav,ᏔᎵᏍᎪ ᎠᏃᏪᎵ ᎤᏒᏕᎾ ᎦᎶᏪ ᎦᏁᎭ,thalhsko anowheli uhsvtena kalowe kaneha
train,training_data/processed/sentence_audio/Sentence_for_entry_0467.wav,ᎡᎵᏏ ᎠᏒᏃᏱ ᎨᏒᎢ,elihsi ahsvnoyi kehsv'i
train,training_data/processed/sentence_audio/Sentence_for_entry_0708.wav,ᏗᏆᏲᏗ ᏕᏥᏆᏲᎥᏍᎪ ᏧᏪᏥ,tikwhayoti tetsikwhayo'vhsko tsuwetsi
train,training_data/processed/sentence_audio/Sentence_for_entry_0695.wav,ᏗᏴᎩᏍᏗ ᏂᏚᏩᏅᏗ ᏚᎳᏑᏢᎢ,tiyhvkihsti nituwanhti tulahsulhv'i
train,training_data/processed/sentence_audio/Sentence_for_entry_1233.wav,ᎪᎯᏗ ᎤᏗᏞᎬ ᏱᎦᏁ ᎤᏅᏗ ᏧᎿᏦᏍᏗ ᏂᎦᎵᏍᏗᏍᎪᎢ,kohiti utilhehkv yikane unvti tsunhatsohsti nikalhstihsko'i
train,training_data/processed/sentence_audio/Sentence_for_entry_1461.wav,ᏐᏈᎵ ᏗᎦᎴᏅᎯᏓ ᎬᏗ ᎦᏓᎷᎩᎠ,sokwili tikalenvhita kvhti kataluki'a
train,training_data/processed/sentence_audio/Sentence_for_entry_0261.wav,ᏑᏓᎵ ᎢᏳᏩᏂᎸ ᏑᎾᎴ ᏕᎯᏨᏍᏔᏅᎢ,sutali iyuwanhilv hsunale tehitsvhsthanv'i
train,training_data/processed/sentence_audio/Sentence_for_entry_0805.wav,ᏥᏯᏙᎵᎦᏊ,tsiyatolikakwu
train,training_data/processed/sentence_audio/Sentence_for_entry_1437.wav,Ꮎ ᏗᎦᎶᎩᏍᎩ ᏎᎷ ᎠᎾᏔᏍᎩᏍᎩ ᏓᏫᏍᎦ,na tikalokihski hselu anhthahskihski tawhihska
train,training_data/processed/sentence_audio/Sentence_for_entry_1032.wav,ᎩᎦ ᎤᏓᏅᎵᏰᎠ ᏣᏄᏮᎢ,kika utanvliye'a tsanhuwv'i
train,training_data/processed/sentence_audio/Sentence_for_entry_0113_02.wav,ᏥᏈᏍᏗ ᎠᎵᏍᏓᏴᏗ ᎠᏛᏅᎢᏍᏗᏍᎪ ᏓᏂᏍᏓᏲᎯᎲᎢ,tskwihsti alhstayhti atvnv'ihstihsko tanihstayohihv'i
train,training_data/processed/sentence_audio/Sentence_for_entry_1011.wav,ᎤᏁᎫᏨ ᎢᏳᏍᏗ ᎤᏪᏥ ᎠᏧᏣ ᏂᎪᎯᎸ ᎦᏬᏅᏗᏍᎪᎢ,unekutsv iyuhsti uwetsi atshutsa nikohilv kawonhtihsko'i
train,training_data/processed/sentence_audio/Sentence_for_entry_0534.wav,ᎠᏲᎤᏟ ᎠᏍᎦᏯ ᎠᏙᎳᏅᏍᏗ ᎤᏔᏲᏢᎢ,ayo'ulhi ahskaya atolnvhsti uthayolhv'i
train,training_data/processed/sentence_audio/Sentence_for_entry_1162.wav,ᎢᎦᏓ ᎠᎾᎳᏍᎦᎵᏍᎩ Ꮭ ᏳᏂᎷᏤᎢ,ikata analahskalihski lha yuniluhtse'i
train,training_data/processed/sentence_audio/Sentence_for_entry_0988.wav,ᎦᏌᎴᏂ ᎭᎿᏬᎥ ᏙᏱ ᎮᏒᎢ,kahsaleni hanhawo'v toyi hehsv'i
train,training_data/processed/sentence_audio/Sentence_for_entry_1629.wav,ᏩᏥ ᏧᏲᎱᏎᎸ ᏒᎯ ᎤᏲᎭ,watsi tsuyohuhselv hsvhi uyhoha
train,training_data/processed/sentence_audio/Sentence_for_entry_1232.wav,ᏧᏟᎢᎸᏍᏔᏅ Ꮭ ᎥᏍᎩ ᎢᎦ ᏱᏗᎦᏃᎸᏍᎨᎢ,tsulhi'ilvhsthanv lha vhski ika yitikanolvhske'i
train,training_data/processed/sentence_audio/Sentence_for_entry_1381.wav,ᎯᎳ ᎢᏴ ᏖᏏ ᏄᏯᎩ,hila iyv thehsi nuyaki
train,training_data/processed/sentence_audio/Sentence_for_entry_0239.wav,ᎦᎪ ᎤᏴᏍᏕᎷᏁᎢ,kako uyhvhstelunhe'i
train,training_data/processed/sentence_audio/Sentence_for_entry_0034.wav,ᏥᏈᏍᏓ ᎤᏓᎾᏁᏒᎲᏍᏗ ᎤᏚᎵ ᎠᏎᏃ ᏥᏈᏍᏗ ᏓᎬᏩᎵᏗᏓᎾ,tskwihsta utananehsvhvhsti utuli ahsenho tskwihsti takvwalhtita'na
train,training_data/processed/sentence_audio/Sentence_for_entry_0371.wav,ᏥᏈᏍᏗ ᎠᏂ ᎠᎾᏛᎯᏍᏗᏍᎪ ᏍᏗᎳᏪᎵ,tskwihsti a'ni anthvhihstihsko hstilaweli
train,training_data/processed/sentence_audio/Sentence_for_entry_1047.wav,ᎥᏍᏊ ᏍᎪᎯ ᎾᏕᏘᏯ ᎬᏩᎪᎲ ᏱᎩ ᎩᎶ ᎠᎯᏓ ᎪᎵᎪᎢ,vhskwu hskohi natethiya kvwakohv yiki khilo ahita kolhko'i
train,training_data/processed/sentence_audio/Sentence_for_entry_0265.wav,ᎠᎧᏍᎨᏂ ᎤᏪᎯᏍᏓᏁᎸ ᎤᏅᏣ,akhahskeni uwehihstanelv unvtsa
train,training_data/processed/sentence_audio/Sentence_for_entry_1234.wav,ᏧᎿᏬ ᏓᎬᎩᎶᎡᎭ ᎠᏧᏣ,tsunhawo takvkilo'eha atshutsa
train,training_data/processed/sentence_audio/Sentence_for_entry_1104.wav,Ꮎ ᎠᏍᎦᏯ ᏴᏫ ᎤᏢᎢ ᎬᏅᎢ ᎢᎪᎯᏓ ᎠᏥᏍᏚᏗ ᏚᏚᎪᏓᏏ,na ahskaya yvwi ulhv'i khvnhv'i ikohita atsihstuti tutukhtahsi
train,training_data/processed/sentence_audio/Sentence_for_entry_1283.wav,ᎤᏁᏉᎥ ᏧᎸᏫᏍᏓᏁᏗ ᎤᏍᏆᏓ ᏓᏕᏠᏆᏍᎬᎢ,unhehkwo'v tsulvwhihstanehti uhskwa'ta tatelhohkwahskv'i
train,training_data/processed/sentence_audio/Sentence_for_entry_0768.wav,ᏥᏳᎯ ᏚᏂᏐᏨ ᎡᏉᏂ ᎠᏂᏲᏍᎩ,tsiyuhi tunihsohtsv ekwoni aniyohski
train,training_data/processed/sentence_audio/Sentence_for_entry_1417.wav,ᎣᏏᏲ ᏙᎯᏧ,ohsiyo thohitsu
train,training_data/processed/sentence_audio/Sentence_for_entry_0576.wav,ᏚᎳᏑᏢ ᏚᎧᏁᏴᎲ ᏚᎳᏑᎴᏌ,tulahsulhv tukhaneyhvhv tulahsulehsa
train,training_data/processed/sentence_audio/Sentence_for_entry_1263.wav,ᎤᏴᏍᏗ ᎧᏫ ᎠᎩᎸᏉᏗ,uyhvhsti khawhi akilvkwhti
train,training_data/processed/sentence_audio/Sentence_for_entry_1782.wav,Ꮎ ᎤᏓᏥ ᎤᏪᏥᏅ ᎠᎨᏯ ᎤᏂᏠᏱ ᏗᎨᎦᎦᏅᏗᎢ,na utatsi uwetsinhv akeyha unitlhoyi tikekakanhti'i
train,training_data/processed/sentence_audio/Sentence_for_entry_1722.wav,ᏂᎦᏓ ᏧᏌᏃ ᏓᏖᏍᎦ,nikata tsuhsano tathehska
train,training_data/processed/sentence_audio/Sentence_for_entry_0955.wav,ᏓᏆᎴᎳ ᎤᏃᏍᎩᏒ ᎢᏳᏍᏗ ᏧᎾᏓᏍᏚᏗ ᏩᏯᎠ,takwalela unohskihsv iyuhsti tsuntahstuti waya'a
train,training_data/processed/sentence_audio/Sentence_for_entry_0537.wav,Ꮎ ᎠᏧᏣ ᎢᏤ ᎪᏍᏛᏂᏍᏗ ᎤᏴᏩᏛᎲᎢ,na atshutsa itse kohstvnihsti uyvwhthvhv'i
train,training_data/processed/sentence_audio/Sentence_for_entry_0068.wav,ᎠᏕᎳ ᎠᎨᏳᏗ ᎨᏒ ᏗᏓᎴᏂ ᎠᏍᎦᏂ,atela akeyhti kehsv titaleni ahskanhi
train,training_data/processed/sentence_audio/Sentence_for_entry_1818.wav,ᏥᏈᏍᏗ ᏧᎬᏩᎶᏗ ᎨᏒ ᎦᎵᏦᏕ ᎥᏍᎩᎾ ᎢᏳᏍᏗ Ꮭ ᏯᎩᏩᏎᎢ,tskwihsti tsukvwalhti kehsv kalhtsote vhskina iyuhsti lha yakhiwahse'i
train,training_data/processed/sentence_audio/Sentence_for_entry_1715_02.wav,ᎪᎱᏍᏗ ᎤᏃᏴᎦ ᎦᏆᏛᎢ,kohuhsti unoyhvhka kakwathv'i
train,training_data/processed/sentence_audio/Sentence_for_entry_1100.wav,ᎬᎿᎨ ᏓᏆᎴᎳ ᎠᎩᎭ,kvnhake takwalela akiha
train,training_data/processed/sentence_audio/Sentence_for_entry_0272.wav,ᏗᎩᏳᏍᎨᏂ ᏗᎦᏓᎭ ᏂᏚᎵᏍᏔᏅ ᎤᏓᎾᏏᏅᏌ,tikhiyuhskeni tikataha nitulhsthanv utanhsinvhsa
train,training_data/processed/sentence_audio/Sentence_for_entry_1168.wav,ᏍᎪᎯᏥᏆ ᎢᏳᏟᎶᏓ ᎢᎬᎾᏕᎾ ᏚᏫᏌ ᏎᎷ,skohitskwa iyulhilota ikvnatena tuwhihsa hselu
train,training_data/processed/sentence_audio/Sentence_for_entry_1766.wav,ᎧᎾᏬᎬ ᎢᏳᏍᏗ ᎤᏩᎾᏫᎠ,khanawokv iyuhsti uwanawi'a
train,training_data/processed/sentence_audio/Sentence_for_entry_1178.wav,ᎯᎳ ᎢᎩᏓ ᎠᎵᏍᏇᏚᏬ ᎭᎵᏍᏇᏚᎲᏍᎩ,hila ikhita alhskwethuwo halhskwethuhvhski
train,training_data/processed/sentence_audio/Sentence_for_entry_1276.wav,ᎧᎾᏁᏍᎩ ᎠᏏᎳᏕᏫᏍᎦ,khananehski ahsilatewhska
train,training_data/processed/sentence_audio/Sentence_for_entry_0386.wav,ᎯᎠ ᏓᏍᏓᏅᏅ ᏘᏍᏓᏩᏚᎦ,hi'a tahstanvnhv thihstawatuka
train,training_data/processed/sentence_audio/Sentence_for_entry_1019.wav,ᎦᏰᎪᎩ ᎧᏃᎮᏟᏙᎰᎢ,kayhkoki khanohelhitoho'i
train,training_data/processed/sentence_audio/Sentence_for_entry_1092.wav,ᏓᏂᏍᏓᏲᎯᎲ ᎢᎦ ᎤᏭᏔᏅᎢ,tanihstayohihv ika uwuthanhv'i
train,training_data/processed/sentence_audio/Sentence_for_entry_1506.wav,ᎪᎩ ᏥᏈᏍᏗ ᏗᎪᏩᏛᏗ ᏙᎳᏥᎦ,koki tskwihsti tikowahthvhti tholatska
train,training_data/processed/sentence_audio/Sentence_for_entry_1761.wav,ᎠᏍᎦᏯ ᏳᏛᏐᎿ ᎤᏛᏐᏅ ᎠᏃᏎᎰᎢ,ahskaya yuthvhsonha uthvhsonhv anohseho'i
train,training_data/processed/sentence_audio/Sentence_for_entry_1106.wav,ᏄᎾ ᏗᎬᏣᏝᏅ ᏚᎸᏉᏗ,nuna tikvtsalhanv tulvkwhti
train,training_data/processed/sentence_audio/Sentence_for_entry_0997.wav,Ꮎ ᎠᏍᎦᏯ ᎦᏐᎯ ᎤᏪᏍᏓᏁᎭ,na ahskay kahsohi uwehstaneha
train,training_data/processed/sentence_audio/Sentence_for_entry_1683.wav,ᎦᎶᎯᏍᏗ ᎤᎵᏍᏚᎢᏓ ᎨᏒ ᎠᏆᏕᎶᎰᏌ ᏩᎩᏴᏢᎢ,kalohihsti ulhstu'ita kehsv akwatelohohsa wakiyvlhv'i
train,training_data/processed/sentence_audio/Sentence_for_entry_0969.wav,ᎦᏅᏗ ᎠᏍᏛᎥᏍᎦ ᎤᏍᏗᎢ,kanvti ahstv'vhska uhsti'i
train,training_data/processed/sentence_audio/Sentence_for_entry_0712.wav,ᏣᏚᎵᏍᎬᎢᏍ ᎢᏳᏍᏗ ᏗᏁᎵᏙᏗ ᏣᎩᏎ,tsatulihskv'ihs iyuhsti tinelhtohti tsakihse
train,training_data/processed/sentence_audio/Sentence_for_entry_0517.wav,ᎠᏰᏟ ᎢᏴ ᎠᏰᎸ ᏚᎴᏴᏒᎢ,ayelhi yv ayelv tuleyvhsv'i
train,training_data/processed/sentence_audio/Sentence_for_entry_0758.wav,ᎦᏙᎲ ᏙᏣᏲᎯ ᏍᏕᏱᏓ,katohv totsa'yohi hsteyita
train,training_data/processed/sentence_audio/Sentence_for_entry_0392.wav,ᏗᎪᏪᎶᏗ Ꮭ ᎠᏍᏗᎩᏍᏗ ᏱᎩ,tikowheloti lha ahstikihsti yiki
train,training_data/processed/sentence_audio/Sentence_for_entry_0823.wav,ᎦᎩ ᏛᎯᎴᏏ ᏓᏆᎴᎳ,kaki tvhilehsi takwalela
train,training_data/processed/sentence_audio/Sentence_for_entry_0014.wav,ᏦᎢ ᎢᏳᏩᎩᏗ ᎠᏓᏙᎵᏍᏗᏍᎪ ᏏᎦ,tso'i iyuwakhti atatolihstihsko hsika
train,training_data/processed/sentence_audio/Sentence_for_entry_1167_02.wav,ᏫᏓᏂᏰᎵᏍᎬᎢ ᎢᎪᎯᏓ ᏩᏇᏙᎸᎢ,witaniyelihskv'i ikohita wakwetolv'i
train,training_data/processed/sentence_audio/Sentence_for_entry_1697.wav,ᎤᎾᎳᏍᎦᎸᏗ ᎢᏕᎾ,unalahskalhti itena
train,training_data/processed/sentence_audio/Sentence_for_entry_1689.wav,ᏙᏳ ᎤᎵᏏᎦ ᎪᎯ ᎤᏒᎢ,toyu ulhsihka khohi uhsv'i
train,training_data/processed/sentence_audio/Sentence_for_entry_0109.wav,ᎯᎠ ᎠᏓᏥ ᎣᎩᎾᎵᎢ,hi'a atatsi okinali'i
train,training_data/processed/sentence_audio/Sentence_for_entry_0511.wav,ᏥᏈᏍᏗ ᏄᎾᏛᏅ ᏴᏫ ᎤᏯᏙᏢ ᎠᎵᏍᏓᏴᏗ,tskwihsti nunatvnhv yvwi uyatholhv alhstayhti
train,training_data/processed/sentence_audio/Sentence_for_entry_0816.wav,ᏌᎷᏱ ᎤᎾᎦᏎᏍᏗ ᎦᏚᏏ ᏓᏁᏛᏍᎪ ᏧᎾᎦᏙᏗᎢ,saluyi unakhsehsti katuhsi tanethvhsko tsunakhthohti'i
train,training_data/processed/sentence_audio/Sentence_for_entry_1369.wav,ᏃᏊ ᏍᏕᏅᏍᏗ ᎤᏚᎵᎭ,nokwu hstenvhsti utuliha
train,training_data/processed/sentence_audio/Sentence_for_entry_0676.wav,ᏗᎦᎶᎩᏍᎩ ᎤᏫᏒᏅ ᎤᎧᏲᏐᏅ ᎾᎦᏍᎬᎾ ᎨᏒ ᎢᏳᏍᏗ,tikalokihski uwhihsvnv ukhayohsonhv nakahskvna kehsv iyuhsti
train,training_data/processed/sentence_audio/Sentence_for_entry_0063.wav,ᎢᏤ ᏗᎪᏪᎶᏗ ᎤᏕᎸ ᏗᏕᏠᏆᏍᎩ,itse tikowheloti utelv titelhohkwahski
train,training_data/processed/sentence_audio/Sentence_for_entry_1790.wav,ᎠᎩᏄᎸᏅ ᏗᎩᏐᎯᏍᏗ ᎤᏪᏴᎢ ᏍᏓᏱ ᎦᏃᎱᎩᏍᎬ ᎢᏳᏍᏗ,akinulvnhv tikihsohihsti uweyv'i hstayi kanohukihskv iyuhsti
train,training_data/processed/sentence_audio/Sentence_for_entry_0033.wav,ᎤᎾᎳᏍᎦᎵᏗ ᏳᏟᎢᎶᏝ ᎠᏓᎴᏂᏍᎪ ᎠᎾᎳᏍᎦᎵᏍᎬᎢ,unalahskalhti yulhilolha atalenihsko analahskalihskv'i
train,training_data/processed/sentence_audio/Sentence_for_entry_0985.wav,ᏑᏟᎶᏓ ᎢᏳᏓᏅᎯᏓ ᎤᏩᏌᏙᏴ ᏓᏆᎴᎳ ᎩᎳ ᎤᏂᎩᏒᎢ,sulhilota iyutanvhita uwahsatoyhv takwalela khila unhikihsv'i
train,training_data/processed/sentence_audio/Sentence_for_entry_0900.wav,ᎦᏙᎯ ᎠᏔᎴᏒ ᎤᎸᏅ ᎢᎾᏓ ᎤᎵᏬᏨᎢ,katohi athalehsv ulvnv inata uliwhotsv'i
train,training_data/processed/sentence_audio/Sentence_for_entry_1173.wav,ᎤᏪᏘ ᏓᏆᎴᎳ ᏧᎲ ᎠᏎᏃ ᏃᏊ ᎢᏤ ᎤᎭ,uwethi takwalela tsuhv ahsenho nokwu itse uha
train,training_data/processed/sentence_audio/Sentence_for_entry_0341.wav,ᎦᏬᏂᏍᎩ ᎦᏙᎬ ᎾᎥ ᎤᎵᏍᏛᏡᏅᎢ,kawonihski katokv na'v ulhstvlhunv'i
train,training_data/processed/sentence_audio/Sentence_for_entry_1083.wav,ᏱᏚᏯᎨᏗᏐᎿ ᏄᎾ ᎠᎼᎯ ᏕᎫᎯᎶᏍᎪᎢ,yituyhahkhetsonha nuna amohi tekuhilohsko'i
train,training_data/processed/sentence_audio/Sentence_for_entry_1327.wav,ᎡᎵᏊᏍ ᎩᎶ ᏯᎩᏃᎯᏍ ᏂᎦᎵᏍᏔᏅᏍᎬ,elikwuhs khilo yakhinohihs nikalhsthanvhskv
train,training_data/processed/sentence_audio/Sentence_for_entry_1293.wav,ᎦᏙ ᎤᏍᏗ ᏕᎯᎯᏍᏗᏍᎪ ᎧᏂᏈᏌ,kato uhsti tehihihstihsko khanikwhsa
train,training_data/processed/sentence_audio/Sentence_for_entry_0475.wav,ᎯᎳ ᎢᏳᏕᏘᏴᏓ ᏤᏥ ᎠᏔᏄᏣ,hila yutethiyvta tsetsi athanutsa
train,training_data/processed/sentence_audio/Sentence_for_entry_0480.wav,ᎤᏪᏥ ᎠᏧᏣ ᎠᏔᏬᎠ,uwetsi atshutsa athawo'a
train,training_data/processed/sentence_audio/Sentence_for_entry_0112.wav,ᎠᏛᏁᎵᏍᎩ ᎢᏳᎵᏍᏙᏗ ᎠᏕᏠᏆᎠ ᏗᏕᏠᏆᏍᎩ,atvnelihski yulhstohti atelhohkwa'a titelhohkwahski
train,training_data/processed/sentence_audio/Sentence_for_entry_1427.wav,ᏍᏕᏱᏓ ᎪᏢᏔᏅ ᎠᏓᏁᏐᎳᏕᏗ ᎤᏃᏢᎭ,steyita kolhvhthanv atanehsolatehti unolhvha
train,training_data/processed/sentence_audio/Sentence_for_entry_0512.wav,ᎦᏟᏆᏍᎪ ᏦᎢ ᎤᏕᏘᏴᏌᏗᏒᎢ ᎠᏯᏙᎯᎯ ᏄᎵᏍᏔᏅᎢ,kalhkwahsko tso'i utethiyvhsatihsv ayathohihi nulhsthanv'i
train,training_data/processed/sentence_audio/Sentence_for_entry_1584.wav,ᎠᏂᏴᏫᏯ ᏧᎩᏓᏟ ᏚᎾᏗᎵᎪᎢ,aniyvwiya tsukitalhi tunatilhko'i
train,training_data/processed/sentence_audio/Sentence_for_entry_1374.wav,ᏫᎵ ᏄᏓᎴ ᏓᏆᎴᎳ ᎤᎭ,wili nutale takwalela uha
train,training_data/processed/sentence_audio/Sentence_for_entry_0308.wav,ᎠᎳᏑᏟᏗ ᏚᎸᏫᏍᏓᏁᎲ ᎤᎴᏅᎲ ᏗᏘᏲᎯᎯ,alahsulhti tulvwhihstanehv ulenvhv tithiyohihi
train,training_data/processed/sentence_audio/Sentence_for_entry_1517.wav,ᎤᏙᎯᏳ ᎠᏎ ᎤᏓᎨᏳᏎᎢ,utohiyu ahse utakeyuhse'i
train,training_data/processed/sentence_audio/Sentence_for_entry_1750.wav,ᎪᎱᏍᏗ ᎠᎪᏎᎸᏁᎳ ᎤᏔᏝᏬᏒᎢ,kohuhsti akohselvnela uthalhawohsv'i
train,training_data/processed/sentence_audio/Sentence_for_entry_1823.wav,ᎭᏢ ᏩᎩᏗᏍᏗ ᏣᏚᎵ ᎯᎠ ᎧᏁᏌᎢ,halhv wakitihsti tsatuli hi'a khanehsa'i
train,training_data/processed/sentence_audio/Sentence_for_entry_1673.wav,ᏦᏍᏓᏓᏅᏟ ᎤᎵᏥᏍᏆᏁᏓ ᎤᏍᏘᎦ,tsohstatanhvtlhi ultsihskwaneta uhsthihka
train,training_data/processed/sentence_audio/Sentence_for_entry_1765.wav,ᏥᏈᏍᏗ ᏳᎵᏍᏓᏴᎿ ᎤᏩᎫᎴᎪᎢ,tskwihsti yulhstayvnha uwakhuleko'i
train,training_data/processed/sentence_audio/Sentence_for_entry_0369.wav,ᏁᎳᏚᏊ ᏄᏕᏘᏴᎭ ᎤᏁᎳᏛᎢ ᎣᎩᎾᎵᎢ,nelatukwu nutethiyvha uneltv okinali'i
train,training_data/processed/sentence_audio/Sentence_for_entry_1068.wav,ᎪᏍᏗᏳᏟ ᎦᎷᏯᏍᏗ ᎬᏗᏍᎬ ᎠᏓ ᏓᏍᎷᏯᏍᎬᎢ,kohstiyutlhi kaluyhsti khtihskv ata tahslhuyhskv'i
train,training_data/processed/sentence_audio/Sentence_for_entry_0387.wav,ᎩᎦᎨ ᏗᎪᏪᎶᏗ ᎬᏗ ᎤᏍᏓᏅᎿᏅᎢ,kikake tikowheloti kvhti uhstanvnhanv'i
train,training_data/processed/sentence_audio/Sentence_for_entry_1680.wav,ᎤᎦᎿᏂᏕᎾ ᎢᏳᏍᏗ ᎤᎶᎩᎳ,ukanhanitena iyuhsti ulokila
train,training_data/processed/sentence_audio/Sentence_for_entry_0565.wav,ᎯᎳ ᎢᏯᎦᎸᎳᏗ ᎡᎵᏊ ᏱᏕᎭᎵᏔᏚᎦ,hila iyakalvlti elikwu yitehalhthatuka
train,training_data/processed/sentence_audio/Sentence_for_entry_0990_01.wav,ᎠᏍᏘ ᎦᏌᏁᎾᏛᏍᎦ ᏴᎩᎢ,ahsthi kahsanenatvhska yvki'i
train,training_data/processed/sentence_audio/Sentence_for_entry_0040.wav,ᎠᎵᏍᏓᏴᏗ ᎠᏓᏁᏢ ᏚᏁᎸ ᏧᏂᏲᏏᏍᎩ,alhstayhti atanelhv tunhelv tsuniyohsihski
train,training_data/processed/sentence_audio/Sentence_for_entry_0978.wav,ᏦᏍᎪ ᏦᎢ ᎪᏪᎵ ᎦᏅᏅ ᎾᎥ ᏥᏁᎳ,tsohsko tso'i kowheli kanvnhv na'v tsinela
train,training_data/processed/sentence_audio/Sentence_for_entry_1291.wav,ᎠᏂᏍᎬᏘ ᏥᎧᎸ ᎠᏥᏰᏝᎸ ᎧᏂᎨᏂ,anhskvthi tsikha'lv atsiyelhalv khanikeni
train,training_data/processed/sentence_audio/Sentence_for_entry_0811.wav,ᏗᏎᎯᏍᏗ ᎦᏚ ᎠᏝᎭ ᎠᏓᎨᏗ,tihsehihsti katu alhaha atakhehti
train,training_data/processed/sentence_audio/Sentence_for_entry_1741.wav,ᏂᎪᎯᎸ ᎤᏓᏅᎦᎸᏓ ᎨᏐ ᎤᏍᏘᎬᎢ,nikohilv utanvkalvta kehso uhsthihkv'i
train,training_data/processed/sentence_audio/Sentence_for_entry_0222.wav,ᎭᏢ ᎯᏰᎦ ᏍᏆᏞᏍᏗ,halhv hiyheka hskwalhehsti
train,training_data/processed/sentence_audio/Sentence_for_entry_1072.wav,ᎢᎾᏓ ᎤᏍᎦᎵᏨ ᎦᏅᏍᎨᏂ ᎤᏬᏘᏒᎢ,inata uhskalhtsv kanvhskeni uwothihsv'i
train,training_data/processed/sentence_audio/Sentence_for_entry_0471.wav,ᎯᏔᎳᏛ Ꮎ ᏥᏳ ᎭᏑᏃᏅᎢ,hihthala'tv na tsiyu hahsunhonhv'i
train,training_data/processed/sentence_audio/Sentence_for_entry_1562.wav,ᎤᏙ ᎤᏩᏛᎯᏙᎭ ᏒᎾᏙᏓᏆᏍᏗ ᎢᎪᎯᏓ,uto uwhahthvhito hsvntotakwahsti ikohita
train,training_data/processed/sentence_audio/Sentence_for_entry_1489.wav,ᏔᎵ ᎢᏗᎳᏑᎶ ᏚᏩᎯ,tha'li itilahsulo tuwhahi
train,training_data/processed/sentence_audio/Sentence_for_entry_0585.wav,ᏱᏚᎦᏘᏅᏕᏌ Ꮭ ᎣᏍᏓ ᏯᎪᏩᏘᏍᎪᎢ,yitukhthinvtehsa lha ohsta yakowhthihsko'i
train,training_data/processed/sentence_audio/Sentence_for_entry_1462.wav,ᏐᎯ ᏕᎫᏖᏍᎪ ᎤᎵᎪᎲᏍᏗ,sohi tekuthehsko ulikohvhsti
train,training_data/processed/sentence_audio/Sentence_for_entry_0125.wav,ᎠᎦᏯᎷᏗ ᎠᏅᏗᏍᎪ ᏥᏍᏛᎾ ᏓᏂᏂᏱᏍᎬ ᎠᏂᏣᎳᎩ,akayaluti anhtihsko tsihstvna taniniyihskv anitsalaki
train,training_data/processed/sentence_audio/Sentence_for_entry_1292.wav,ᏥᏚᎬ ᎢᎦ ᏓᏥᏂᏝᏂ ᏥᎪᎥᎢ,tsithukv ika tatsinilhani tsiko'v'i
train,training_data/processed/sentence_audio/Sentence_for_entry_0394.wav,ᎦᏙ ᎦᎵᏍᏓ ᎠᏍᏙᏍᎩᎢ,kato kalhsta ahstohski'i
train,training_data/processed/sentence_audio/Sentence_for_entry_0558.wav,ᏧᏂᎳᏫᏍᏗ ᏕᎨᎦᏨᏍᏔᏅ ᏐᎢ ᏥᎧᎸᎢ,tsunilawihsti tekekatsvhsthanv hso'i tsikha'lv'i
train,training_data/processed/sentence_audio/Sentence_for_entry_1082.wav,ᎫᏇ ᏧᏂᏲᎯ ᏴᏓᎭ ᎤᏅᏌ ᏓᎾᏓᏲᏍᏙᏗᏍᎪᎢ,kuhkwe tsuniyhohi yvtaha unvhsa tanatayohstohtihsko'i
train,training_data/processed/sentence_audio/Sentence_for_entry_1117.wav,ᎤᎵᏣᏗ ᎧᎵ ᏚᏩᏍᏆᎶᎥ ᏐᎯ,ulhtsa'ti khali tuwahskwalo'v hsohi
train,training_data/processed/sentence_audio/Sentence_for_entry_0143_01.wav,ᎣᎩᎾᎵᎢ ᏂᏓᏳᏅᏅ ᎪᏪᎵ ᏥᎪᎵᏰᎠ,okinali'i nitayunvnv kowheli tsikoliye'a
train,training_data/processed/sentence_audio/Sentence_for_entry_0078.wav,ᏗᎪᏪᎵ ᎦᏍᎩᎸ ᏚᏝᎥ ᏚᏗᎦᎴᏴ ᏗᎪᏪᎶᏗ ᎤᏯᎳ,tikowheli kahskilv tulha'v tutikaleyv tikowheloti uyhala
train,training_data/processed/sentence_audio/Sentence_for_entry_0857.wav,ᏌᏊ ᏪᏌ ᏥᏯᎧᏁᎭ,sakwu wehsa tsiyakhaneha
train,training_data/processed/sentence_audio/Sentence_for_entry_0876.wav,ᎭᏢ ᏣᏕ ᎦᎶᎪᏗ,halhv tsa'te kalokoti
train,training_data/processed/sentence_audio/Sentence_for_entry_1023_02.wav,ᎤᎾᎵᎪᏒ ᎤᎾᏓᏠᏌ ᎤᏁᏡᏅ ᎠᎾᎳᏍᎦᎵᏍᎩ,unalikohsv unatalhohsa unelhunhv analahskalihski
train,training_data/processed/sentence_audio/Sentence_for_entry_1194.wav,ᏦᎢ ᎢᏳᎾᏙᏓᏆᏍᏗ ᎢᎪᎯᏓ ᏗᏙᎳᏅᏍᏗ ᏚᏮᏔᏅᎢ,tso'i iyunatotakwahsti ikohita titolanvhsti tuwhthanv'i
train,training_data/processed/sentence_audio/Sentence_for_entry_1640.wav,ᎩᎶ ᎤᏴᏍᏕᏍᎩ ᎤᎿᏬᏨ ᎪᎳ ᏥᎨᏒᎢ,khilo uyhvhstehski unhawotsv kola tsikehsv'i
train,training_data/processed/sentence_audio/Sentence_for_entry_0258.wav,ᎠᏥᎾ ᏂᎪᎯᎸ ᎢᏤ ᎨᏐᎢ,atsina nikohilv itse kehso'i
train,training_data/processed/sentence_audio/Sentence_for_entry_0166.wav,ᎦᏙ ᎤᏍᏗ ᎯᎯᏙᎭ,kato uhsti hihitoha
train,training_data/processed/sentence_audio/Sentence_for_entry_0732.wav,ᏙᏓᏉᏅ ᏒᎾᏙᏓᏆᏍᏗ ᏛᎦᎷᏥ,totakwonhv hsvnatotakwahsti tvkaluhtsi
train,training_data/processed/sentence_audio/Sentence_for_entry_0502.wav,ᎯᏯᏛᏛᎲᎦ ᏂᏗᏛᏁᎵᏒᎢ,hiyathvtvhvka nititvnelihsv'i
train,training_data/processed/sentence_audio/Sentence_for_entry_0364.wav,ᎤᎵᏬᏨ ᎠᎾᎦᎵᏍᎩ ᎤᏄᎸᏅ ᎤᏂᎩᏍᏙᏗ ᏓᏆᎴᎳ,uliwhotsv anakalihski unulvnhv unhikihstohti takwalela
train,training_data/processed/sentence_audio/Sentence_for_entry_0850.wav,ᎤᏪᏘ ᎠᎿᏬ ᎤᏩᏣᎦᎸᎲ ᏓᏆᎴᎳ ᎤᏅᎦᎸᏙᏗ,uwethi anhawo uwatsakalvhv takwalela unvkalhtohti
train,training_data/processed/sentence_audio/Sentence_for_entry_1732_01.wav,ᎢᎦᏓ ᎤᏂᏍᎦᏃᎵ ᎨᏐ ᎤᎾᏛᏅᎢᏍᏙᏗᎢ,ikata unihskanoli kehso unatvnv'ihstohti'i
train,training_data/processed/sentence_audio/Sentence_for_entry_0202_02.wav,ᎢᏤ ᎠᎾᎦᎵᏍᎩ ᎤᏝᎾ ᎠᎯᏓ ᎤᏂᎩᏒ ᏓᏆᎴᎳ,itse anakalihski ulhana ahita unhikihsv takwalela
train,training_data/processed/sentence_audio/Sentence_for_entry_1496.wav,ᎯᎳ ᎢᎦ ᏔᎹᏟ ᏕᏣᏚᎵᎭ,hila ika thamalhi tetsatuliha
train,training_data/processed/sentence_audio/Sentence_for_entry_0731.wav,ᎯᎳ ᎢᏏᎾᎴ ᎭᏗᏗᏍᎪ ᏙᏓᏈᏕᎾ ᏑᎾᎴᎢ,hila ihsinale hatitihsko totakwiten hsunale'i
train,training_data/processed/sentence_audio/Sentence_for_entry_1752.wav,ᎤᏔᏂ ᎯᎠ ᎠᎿᏬ,uthani hi'a anhawo
train,training_data/processed/sentence_audio/Sentence_for_entry_1209.wav,ᏥᏍᏛᎾ ᏗᎩᏯᎷᎦ,tsihstvna tikiyhaluka
train,training_data/processed/sentence_audio/Sentence_for_entry_1623.wav,ᏧᏠᏱᎭ ᏚᎾᏄᏬ ᎠᏂᏲᏍᎩ,tsulhoyiha tunanhuwo aniyohski
train,training_data/processed/sentence_audio/Sentence_for_entry_0363.wav,ᏥᏈᏍᏗ ᎠᎾᎦᎵᎭ ᏙᏱ ᏗᏁᎶᏗᎢ,tskwihsti anakaliha toyi tinelhti'i
train,training_data/processed/sentence_audio/Sentence_for_entry_0036.wav,ᎩᏟ ᏓᏑᏫᏍᎬ ᎤᏛᎦᎾ ᎤᏓᎾᏫᏍᏔᏅᎢ,kilhi tahsuwhihskv uthvkana utanawhsthanv'i
train,training_data/processed/sentence_audio/Sentence_for_entry_1109.wav,ᎠᎦᎵᏍᎬ ᎤᏩᎾᏬᏔᎾ ᎤᏅᏥ ᏝᏬᏚᎯ ᏄᎵᏍᏔᏅᎢ,akalihskv uwanawohthana unhtsi lhawothuhi nulhsthanv'i
train,training_data/processed/sentence_audio/Sentence_for_entry_1357.wav,ᏗᎦᏙᎬ ᎾᎥ ᏩᎴᎲᎦ,tikatokv na'v whalehvka
train,training_data/processed/sentence_audio/Sentence_for_entry_0845.wav,ᎢᎾᏓ ᎤᎵᏬᏨ ᎦᏂᏙᎭ,inata uliwhotsv kanhitoha
train,training_data/processed/sentence_audio/Sentence_for_entry_0881.wav,ᎦᎶᏂ ᎧᎸ ᎤᏕᏘᏱᏍᎩ,ka'lonhi khalv utethiyihski
train,training_data/processed/sentence_audio/Sentence_for_entry_0192.wav,ᎦᏓᎭ ᏄᎵᏍᏔᎾ ᎤᏄᏮ ᎤᎿᏩᎢᏴᏒᎢ,kataha nulhsthana unhuwv unhawa'iyvhsv'i
train,training_data/processed/sentence_audio/Sentence_for_entry_1700.wav,ᎤᎾᎵᎪᏗ ᏧᎾᎵᎪᏒ ᏥᏥᎪᎥ ᎪᎯ,unalikhti tsunalikohsv tsitsiko'v khohi
train,training_data/processed/sentence_audio/Sentence_for_entry_1063.wav,ᏔᎵᏍᎪᎯ ᏗᎪᎦᏍᏗ ᏕᎦᎶ ᏌᏊ ᏂᏕᎦᏇᏅᏒᎢ,thalhskohi tikokhsti tekalo hsakwu nitekakwhenhvhsv'i
train,training_data/processed/sentence_audio/Sentence_for_entry_0287.wav,Ꮭ ᎪᎱᏍᏗ ᏯᏆᏚᎵ ᏥᎦᏖᏃᎵᏙᎭᏊ,lha kohuhsti yakwatuli tsikathenolitohakwu
train,training_data/processed/sentence_audio/Sentence_for_entry_1343.wav,ᎦᏙ ᏣᏛᏁᏗ ᏕᏧᎪᏓ ᎦᏰᏉᏂ ᏅᎩᏁᎢ,kato tsatvnhti tetsukhta kayekwoni nvhkine'i
train,training_data/processed/sentence_audio/Sentence_for_entry_1389.wav,ᏅᎩᏁ ᎢᎦ ᎢᎮᏙᎸᎢ,nvhkine ika ihetolv'i
train,training_data/processed/sentence_audio/Sentence_for_entry_0277.wav,ᎦᏅᎯᏓ ᎠᎦᏐᏍᎬ ᎠᎦᏐᏍᎪ ᎠᎹ ᏳᏁᎩᏎᎾ,kanvhita akhsohskv akhsohsko ama yunekihsena
train,training_data/processed/sentence_audio/Sentence_for_entry_0395.wav,Ꮎ ᏗᏓᏍᏙᏰᏍᎩ ᎤᏪᏥ ᎠᏧᏣ ᎠᏍᏙᏰᏍᎪᎢ,na titahstoyehski uwetsi atshutsa ahstoyehsko'i
train,training_data/processed/sentence_audio/Sentence_for_entry_0025_01.wav,ᎤᏃᏍᎩᏒ ᎠᎫᎢᏍᏔᎾ ᎤᏓᏱᎸᎢ,unohskihsv aku'ihsthana utayhilv'i
train,training_data/processed/sentence_audio/Sentence_for_entry_0581.wav,ᏗᎾᎦᎵᏍᎩ ᏧᏯᏅ ᏚᎦᏒᏍᏔᏅ ᏚᏖᏴᏌ,tinakalihski tsuyanv tukhsvhsthanv tutheyvhsa
train,training_data/processed/sentence_audio/Sentence_for_entry_0578.wav,ᎪᎯᏓ ᎤᎵᏏᎬ ᏴᏯᎠ ᏱᏛᎨᏩᎦ,kohita ulhsihkv yvya'a yitvkhewaka
train,training_data/processed/sentence_audio/Sentence_for_entry_1793.wav,ᎤᏬᏚᎯ ᏓᏆᎴᎳ ᎠᏥᏁᎸ ᏚᏍᏆᏓ,uwotuhi takwalela atsinelv tuhskwa'ta
train,training_data/processed/sentence_audio/Sentence_for_entry_1073.wav,ᎪᏛ ᎾᎥ ᏕᎩᏃᏞᏍᏗ,kothv na'v tekinolhehsti
train,training_data/processed/sentence_audio/Sentence_for_entry_1791.wav,ᎠᏏᎳᏛ ᏚᏢᏅ ᏧᏬᏕᏫᏓ ᏗᎿᏬ,ahsila'tv tutlhvnv tsuwotewhita tinhawo
train,training_data/processed/sentence_audio/Sentence_for_entry_0110.wav,ᎦᏙ ᎭᏛᏁᎮᏍᏗ ᏙᏓᏈᏕᎾ,kato hatvnehehsti totakwitena
train,training_data/processed/sentence_audio/Sentence_for_entry_1786.wav,ᎤᏪᎳ ᎬᏂᏍᏗᎭ,uwela kvnhihstiha
train,training_data/processed/sentence_audio/Sentence_for_entry_0201.wav,Ꮎ ᏗᏁᏍᎨᏍᎩ ᎤᏔᎾ ᏥᏔᎩ ᎤᏂᏴᏍᏗ ᎤᏁᏍᎨᎲᎢ,na tinhehskehski uthana tsithaki uniyvhsti unhehskehv'i
train,training_data/processed/sentence_audio/Sentence_for_entry_0984.wav,ᎦᏅᏬ ᎤᏪᎯᏍᏓᏁ ᎠᏍᏓᏴ ᎤᏗᏅᏒ ᏍᏆᏞᏍᏗ,kanvwo uwehihstane ahstayv utinvhsv hskwalhehsti
train,training_data/processed/sentence_audio/Sentence_for_entry_0840.wav,ᏍᏕᏱᏓ ᎬᏗ ᏥᏯᎸᎸ ᎠᏴᎩ,steyita kvhti tsiya'lvlv ayhvkhi
train,training_data/processed/sentence_audio/Sentence_for_entry_1465_02.wav,ᏏᏊ ᏐᎢ ᏥᏍᎬᏏ,sikwu hso'i tsihskhvhsi
train,training_data/processed/sentence_audio/Sentence_for_entry_0765_01.wav,ᏂᏚᎾᎳᏑᏢᎾ ᎠᏁᏙᎭ,nitunalahsulhvna anetoha
train,training_data/processed/sentence_audio/Sentence_for_entry_1307_02.wav,ᏧᎳᏍᎩ ᎠᏔᎴᏒ ᎧᏅᏫᎠ ᏔᎷᎩᏍᎩ ᏗᎧᏅᏫᏍᎩ,tsulahski athalehsv khanvwi'a thalukihski tikhanvwihski
train,training_data/processed/sentence_audio/Sentence_for_entry_0772.wav,ᎡᏝᏪ ᎨᏒ ᏴᏫ ᎦᏬᏂᏍᎩ ᎦᏬᏂᏍᎬ ᎢᎪᎯᏓ,elhawe kehsv yvwi kawonihski kawonihskv ikohita
train,training_data/processed/sentence_audio/Sentence_for_entry_1607.wav,ᏓᏆᎴᎳ ᎤᎲ ᎤᏠᏱ ᎠᏆᏚᎵᎭ,takwalela uhv ulhoyi akwatuliha
train,training_data/processed/sentence_audio/Sentence_for_entry_1638.wav,ᎯᎳ ᎢᎦ ᏚᏗᏔᎮ ᎩᎳ ᎤᏴᏍᏓᎡᎢ,hila ika tutithahe khila uyhvhsta'e'i
train,training_data/processed/sentence_audio/Sentence_for_entry_0641.wav,ᎦᏣᏄᎵ ᎤᏩᏕᏯᏍᏔᎾ ᎠᏕᏲᎲ ᏚᏟᏆᏗᏅᏒ ᏓᏆᎴᎳ,katsanuli uwateyhsthana ateyohv tulhihkwatinvhsv takwalela
train,training_data/processed/sentence_audio/Sentence_for_entry_1776.wav,ᏱᏚᏏᏛᏂᎳ ᎤᏬᏰᏂ ᎤᏪᎯᏍᏓᏁᎰᎢ,yituhsihthvnila uwoyeni uwehihstaneho'i
train,training_data/processed/sentence_audio/Sentence_for_entry_0013.wav,ᎠᏓᏙᎵᏍᏗ ᎤᏔᏲᏢ ᎠᎵᏣᏙᎲᏍᎩ,atatolihsti uthayolhv alhtsatohvhski
train,training_data/processed/sentence_audio/Sentence_for_entry_1136_01.wav,ᏣᏲᏏᎭᏍ Ꮭ,tsayohsihahs lha
train,training_data/processed/sentence_audio/Sentence_for_entry_0459.wav,ᎭᏑᏯᎩ ᎢᏳᏍᏗ ᏣᏚᎵᏍᎬᎢ,hahsuyaki iyuhsti tsatulihskv'i
train,training_data/processed/sentence_audio/Sentence_for_entry_1368_02.wav,ᏂᎬ ᎤᏪᏙᎵᏓᏍᏗ ᎤᎸᏉᏗ,nikhv uwetolitahsti ulvkwhti
train,training_data/processed/sentence_audio/Sentence_for_entry_1759.wav,ᎠᏴᏓᏆᎶᏍᎬ ᎠᏆᏛᏓᏍᏙᏗ ᎠᎩᎸᏉᏗ,ayhvtakwalohskv akwahthvtahstohti akilvkwhti
train,training_data/processed/sentence_audio/Sentence_for_entry_0242.wav,ᎯᎳ ᎢᏯᏂᎢ ᎠᏣᏗ ᏕᎯᏂᏴᎮ,hila yani'i atsati tehiniyvhe
train,training_data/processed/sentence_audio/Sentence_for_entry_1035.wav,ᎩᏝ ᏄᏍᏓ ᏣᏄᏮᎢ,kitlha nuhsta tsanhuwv'i
train,training_data/processed/sentence_audio/Sentence_for_entry_1429.wav,ᏍᏗᎩᏓ ᏚᏂᏯᏪᎬᎢ ᏍᏆᏞᏍᏗ ᏚᎾᏁᎶᏅᎢ,stikhita tuniyawekv'i hskwalhehsti tunanelonhv'i
train,training_data/processed/sentence_audio/Sentence_for_entry_0081.wav,ᎦᏙ ᎤᏍᏗ ᎠᏗᎭ,kato uhsti atiha
train,training_data/processed/sentence_audio/Sentence_for_entry_0825.wav,ᎠᎹᏱ ᏭᏕᎵᏨ ᎦᏆᏘᏗ ᎤᏓᏆᏕᏍᏔᎾ,amayi wutelitsv kakwathti utakwatehsthana
train,training_data/processed/sentence_audio/Sentence_for_entry_0172.wav,ᎦᏍᎩᎸ ᎯᏝᎲᎦ Ꮎ ᎫᎫ,kahskilv hilhahvka na kuku
train,training_data/processed/sentence_audio/Sentence_for_entry_0182.wav,ᎪᎱᏍᏗ ᏯᏍᎦᏍᏓᏁ ᎠᏫ ᎠᏟᏴᏌᎾᏩᏍᏗᏍᎪᎢ,kohuhsti yahskahstane awhi alhiyvhsanawhstihsko'i
train,training_data/processed/sentence_audio/Sentence_for_entry_0569.wav,ᏧᏓᏅᎦᎸᏓ ᏔᎿᏬᏣ,tsutanvkalvta thanhawotsa
train,training_data/processed/sentence_audio/Sentence_for_entry_1679.wav,ᏕᎨᎦᏨᏍᏗᏍᎬ ᎤᎾᎵᏰᏑᏍᏙᏍᏗ ᎠᎵᏰᏑᏍᏙ ᎤᎵᏰᏑᏍᏘᎬᎢ,tekekatshvhstihskv unaliyehsuhsthohsti aliyehsuhstho uliyehsuhsthkv'i
train,training_data/processed/sentence_audio/Sentence_for_entry_0246.wav,ᏓᏆᎴᎷ ᎭᏣᎥᎦ,takwalelu hatsa'vka
train,training_data/processed/sentence_audio/Sentence_for_entry_0373.wav,ᏌᏚ ᎢᏳᏩᏂᎸ ᎤᏒ ᎦᏳᎳ ᎠᏂᏟᏅᎢ,sa'tu iyuwanhilv uhsv kayula anilhi'nv'i
train,training_data/processed/sentence_audio/Sentence_for_entry_1346.wav,ᎯᎠ ᏗᎦᎶᎩᏍᎩ ᏆᎾ ᏓᏛᎯᏍᏗᏍᎪ ᏕᎦᎾᏕᎪᎢᏃ,hi'a tikalokihski kwhana tathvhihstihsko tekanateko'inho
train,training_data/processed/sentence_audio/Sentence_for_entry_0294.wav,ᎠᎦᏘᏏ ᎠᎦᏙᎵ ᏂᎪᎯᎸ ᎤᏕᏯᏙᏗᏍᎪᎢ,akhthihsi akhtholi nikohilv uteyhahthohtihsko'i
train,training_data/processed/sentence_audio/Sentence_for_entry_0058.wav,ᎭᏓᏪᏐᎸᏍᏓ ᏙᏔᏍᏔᏰᏎᎦ,hatawehsolvhsta tothahsthayehseka
train,training_data/processed/sentence_audio/Sentence_for_entry_1628.wav,Ꮎ ᎠᎨᏯ ᎤᏰᎯ ᎤᏲᎭ,na akeyha uyhehi uyhoha
train,training_data/processed/sentence_audio/Sentence_for_entry_1005.wav,ᏌᎶᎵ ᎦᏙᎦ ᎦᏓᎠ ᎨᏛᎢ,saloli kathohka kata'a kethv'i
train,training_data/processed/sentence_audio/Sentence_for_entry_0300.wav,ᏑᏓᎵᏍᎪᎯ ᎠᏕᎸ ᎦᏈᏱᎭ ᏓᏆᎴᎳ ᏏᏅᏓ,sutalhsko atelv kakwiyiha takwalela hsinvta
train,training_data/processed/sentence_audio/Sentence_for_entry_0168.wav,ᎤᏙᏓ ᎤᏤᎵ ᏓᏆᎴᎳ ᎠᎯᎴᎭ,utota utseli takwalela ahi'leha
train,training_data/processed/sentence_audio/Sentence_for_entry_0443.wav,ᏐᏈᎵ ᎨᏯᏔᎯ ᎤᏍᎳᏛᎢ,sokwili keyhahthahi uhslhatv'i
train,training_data/processed/sentence_audio/Sentence_for_entry_1164.wav,ᎯᎩᏍᎪ ᎢᎳᏏᏗ ᎢᎦᏅᎯᏓ ᏍᏕᏱᏓ ᎤᏮᏔᏅ ᏩᎦ ᎠᎩᎾ ᎠᏍᎳᏗᏍᎬᎢ,hikhsko ilahsihti ikanvhita hsteyita uwhthanv wahka akina ahslhatihskv'i
train,training_data/processed/sentence_audio/Sentence_for_entry_0433.wav,ᏅᏓᎩ ᏥᏈᏍᏗ ᎠᏂᏍᏆᏂ ᎠᏁᎭ,nvtaki tskwihsti anihskwani aneha
train,training_data/processed/sentence_audio/Sentence_for_entry_1060.wav,ᎪᎢᎭ ᎭᏫᏯ ᎠᎩᎠ,ko'iha hawiya aki'a
train,training_data/processed/sentence_audio/Sentence_for_entry_1656.wav,ᎤᏗᏞᎩᏊ ᎤᎧᏛᎢ,utilhehkikwu ukhathv'i
train,training_data/processed/sentence_audio/Sentence_for_entry_1734.wav,ᎤᏍᏆᏂᎩᏗ ᎠᏂᏃᎮᏢᏍᎪ ᏳᏂᏬᏂᏌ,uhskwanikhti aninhohelhvhsko yuniwonihsa
train,training_data/processed/sentence_audio/Sentence_for_entry_0236.wav,ᎠᏍᎪᎵ ᎦᎸᎳᏗᏜ ᎤᏴᏖᏍᏗ ᎤᏁᏟᏔᏅᎢ,ahskholi kalvlatilha uyhvhthehsti unelhthanv'i
train,training_data/processed/sentence_audio/Sentence_for_entry_0071.wav,ᎤᏕᎶᎰᏒ ᎠᏥᎶᏄᎡᏍᎬᎢ,utelohohsv atsilonu'ehskv'i
train,training_data/processed/sentence_audio/Sentence_for_entry_0622.wav,ᎤᎾᏙᏓᏉᏅ ᎤᏒ ᎤᏬᏂᎯᏍᏗ ᏚᏒᏍᏔᏅᎢ ᎬᏩᏔᏲᏎᎳ ᎤᏬᏂᎯᏍᏗᎢ,unatotakwonhv uhsv uwonihihsti tuhsvhsthanv'i kvwahthayohsela uwonihihsti'i
train,training_data/processed/sentence_audio/Sentence_for_entry_0541.wav,ᎯᎠ ᎠᏧᏣ ᎠᎧᎵ ᎠᏴᏫᏯᎢ,hi'a atshutsa ahkhali ayvwiya'i
train,training_data/processed/sentence_audio/Sentence_for_entry_1220.wav,ᏦᎢᏁ ᎤᎦᏅᏓᏛ ᏫᏴᏆᏓᎩ,tso'ine ukanhtatv whiyhvhkwataki
train,training_data/processed/sentence_audio/Sentence_for_entry_0632.wav,ᏅᏃᎯ ᏕᎦᎾᏗᏫᏍᎬ ᎠᏫ ᏥᎪᎥ ᎤᏒ ᏥᎨᏒᎢ,nvnohi tekanatiwhskv awhi tsiko'v uhsv tsikehsv'i
train,training_data/processed/sentence_audio/Sentence_for_entry_0315.wav,ᎭᎴᏫᏍᏙᏓ ᏓᏆᎴᎳ,halewhihstohta takwalela
train,training_data/processed/sentence_audio/Sentence_for_entry_1771_02.wav,ᎤᏩᏌ ᎤᏅᏔ ᏄᎵᏍᏔᏂᏙᎸᎢ,uwahsa unhtha nulhsthanitolv'i
train,training_data/processed/sentence_audio/Sentence_for_entry_0981.wav,ᏎᎷ ᎤᏓ ᎪᏢᏔᏅ ᎦᏅᏃᏩ ᎪᎦᏍᏗᏍᎩ ᎨᏒᎢ ᎡᏚᏚ,selu uta kolhvhthanv kanvnowa kokhstihski kehsv'i etutu
train,training_data/processed/sentence_audio/Sentence_for_entry_0326.wav,ᏗᎵᏰᏑᎶ ᏓᎩᏲᎱᏏ,tiliyehsulo takiyohuhsi
train,training_data/processed/sentence_audio/Sentence_for_entry_1827.wav,ᎯᎠ ᎠᏍᎦᏯ ᏥᏈᏍᏗ ᏩᎦ ᏚᎾᏝᎠ,hi'a ahskaya tskwihsti wahka tunalha'a
train,training_data/processed/sentence_audio/Sentence_for_entry_1242.wav,ᏧᎳᏍᎩ ᎤᏍᎦᎵᏨ ᎯᎠ ᎠᏍᎦᏯ,tsulahski uhskalhtsv hi'a ahskaya
train,training_data/processed/sentence_audio/Sentence_for_entry_0336.wav,ᎦᎵᏦᏕ ᏓᎾᏁᏍᎨᏍᎬ ᎠᎵᏍᏕᎵᏍᎪᎢ,kalhtsote tananhehskehskv alhstelihsko'i
train,training_data/processed/sentence_audio/Sentence_for_entry_1811.wav,Ꮭ ᏯᏆᎵᏍᏓᏴᏁ ᏑᎾᎴ ᏃᏊᏅ ᎠᎩᏲᏏᎭ,lha yakwalhstayvnhe hsunale nokwunhv akiyohsiha
train,training_data/processed/sentence_audio/Sentence_for_entry_0964.wav,ᎡᎵᏊᏍ ᏱᏍᎩᏃᎯᏍ ᎤᎿ ᎪᏢᏒ ᎦᏄᎪᎢᏍᏙᏗᎢ,elikwuhs yihskhinohihs unha kolhvhsv kanuko'ihstohti'i
train,training_data/processed/sentence_audio/Sentence_for_entry_0904.wav,ᎦᎪ Ꮎ ᎦᎾᎵ ᎠᏍᎦᏯ,kako na kanali ahskaya
train,training_data/processed/sentence_audio/Sentence_for_entry_1189.wav,ᏍᎩᎦᏚ ᎢᏯᏓᏅᏖᏗ ᏧᎬᏩᎶᏗ ᎠᏗᏔᏍᏗ ᎠᏆᏚᎵᎭ,skikatu iyatanhthehti tsukvwalhti atithahsti akwatuliha
train,training_data/processed/sentence_audio/Sentence_for_entry_1599.wav,ᏚᎭᏁᎦᎸ ᏚᎧᏲᎯᏎᎭ,tuhaneka'lv tukhayohihseha
train,training_data/processed/sentence_audio/Sentence_for_entry_0408.wav,Ꮎ ᎤᏔᎾ ᎩᏟ ᏥᏍᎦᎭ,na uthana kilhi tsihskaha
train,training_data/processed/sentence_audio/Sentence_for_entry_0145.wav,ᎢᏤ ᎦᎵᏣᏗ ᎬᏗ ᎠᎪᏂᎭ,itse kalhtsati kvhti akoniha
train,training_data/processed/sentence_audio/Sentence_for_entry_0018.wav,ᎢᏤ ᎠᏓᏝᏁᏌᎵᏗ ᎤᏅᏁᎸ ᎤᏍᏓᏴᎲᏍᎩ,itse atalhanehsalhti unvnelv uhstayvhvhski
train,training_data/processed/sentence_audio/Sentence_for_entry_1367.wav,ᏂᎯ ᏍᏓᏟᏃᎮᏗ ᎤᏚᎵᎭ,nihi hstalhinohehti utuliha
train,training_data/processed/sentence_audio/Sentence_for_entry_0439.wav,ᎭᏏᏄᎦ ᎦᏛᏅ ᎭᏏᏁᏒᎢ,hahsinuka katvnv hahsinehsv'i
train,training_data/processed/sentence_audio/Sentence_for_entry_1142.wav,ᏝᏬᏚᎭ ᏓᏆᎴᎳ ᎦᏅᎦᎵᎭ,lhawothuha takwalela kanvkaliha
train,training_data/processed/sentence_audio/Sentence_for_entry_1400.wav,ᎣᎦᎳᎰᎹ ᏥᎩ ’ᎩᎦᎨ ᎠᏍᎦᏯ’ ᎠᏗᎭ ᎠᏂᏣᏓ ᎤᏂᏬᏂᎯᏍᏗ,oklhahoma tsiki kikake ahskaya atiha anitsahta uniwonihihsti
train,training_data/processed/sentence_audio/Sentence_for_entry_1285.wav,ᏣᎩᏁᎢᏍᏔᏅ ᎨᎵᏍᎬ,tsakhine'ihsthanv kelihskv
train,training_data/processed/sentence_audio/Sentence_for_entry_0798.wav,ᎦᏗᎨᏂ ᎤᏰᏝᎸ ᎫᎫ ᎤᏲᏨ ᎤᎳᏍᏛᏔᎾ ᎠᎹᏱ ᎠᏚᎯᏂᏙᎲᎢ,katikeni uyhelhalv kuku uyotsv ulahstvthana amayi atuhinitohv'i
train,training_data/processed/sentence_audio/Sentence_for_entry_1520.wav,ᎤᏙᎯᏳ ᎤᏓᏣᏘᏗ ᎠᏧᏣ,utohiyu utatsathti atshutsa
train,training_data/processed/sentence_audio/Sentence_for_entry_0673.wav,ᎭᎳ ᏧᎬᏩᎵᏗ ᏑᏟᎶᏓ ᏗᎦᏛᏗ,hala tsukvwalhti hsulhilota tikatvti
train,training_data/processed/sentence_audio/Sentence_for_entry_1328.wav,ᎢᎾᎨ ᎠᏁᎰ ᎩᏳᎦ,inake aneho khiyuka
train,training_data/processed/sentence_audio/Sentence_for_entry_1356.wav,ᎯᏍᎩ ᎾᏂᎠ ᏧᏂᎸᏫᏍᏓᏁᎯ,hihski nani'a tsunilvwhihstanehi
train,training_data/processed/sentence_audio/Sentence_for_entry_1597.wav,ᎤᎭᏠᎨ ᎦᏢᏍᎬ ᎢᏳᏍᏗ,uhalhoke kalhvhskv iyuhsti
train,training_data/processed/sentence_audio/Sentence_for_entry_0046.wav,ᏙᏯ ᎾᎥ ᏱᎦᎷᏤᎳ ᎠᏓᏃᏴᏟᏍᏗᏍᎪᎢ,toya na'v yikaluhtshela atanoyhvlhihstihsko'i
train,training_data/processed/sentence_audio/Sentence_for_entry_0409.wav,ᎠᏍᎦᏯ ᎤᏍᎦᎵᏍᏗ ᎤᏁᏟᏔᏅ ᎩᏟ,ahskaya uhskalhsti unelhthanv kilhi
train,training_data/processed/sentence_audio/Sentence_for_entry_1816.wav,ᎥᎴ ᎠᏃᏍᏓ ᏗᎦᏰᏍᏗ ᎠᎾᏗᏍᎪ ᎢᎦᏓ,vle anohsta tikayhehsti anatihsko ikata
train,training_data/processed/sentence_audio/Sentence_for_entry_1331.wav,ᎪᎦ ᏎᎷ ᏗᏂᏃᏍᎩᏍᎩ,khoka hselu tininohskihski
train,training_data/processed/sentence_audio/Sentence_for_entry_0376.wav,ᎠᏂᏍᏆᏂᎢ ᏓᎨᏏ ᎪᎩ ᎢᏴᎢ,anihskwani'i takehsi koki iyv'i
train,training_data/processed/sentence_audio/Sentence_for_entry_1186.wav,ᎢᏌ ᏫᎩ ᏗᎦᏚᎲᎢ,ihsa whiki tikatuhv'i
train,training_data/processed/sentence_audio/Sentence_for_entry_0748.wav,ᏂᏚᎳᏑᏢᎾ ᎠᏨᏏᏰᎠ ᎠᏧᏣ,nitulahsulhvna atsvhsiye'a atshutsa
train,training_data/processed/sentence_audio/Sentence_for_entry_1530.wav,ᎤᏓᏅᏘᏌᏅ ᎬᏟ ᎤᎾᏝᎠ,utanhthihsanhv khvlhi unalha'a
train,training_data/processed/sentence_audio/Sentence_for_entry_0343.wav,ᎢᎦᏓ ᎠᏂᏣᎳᎩ ᎠᏂᎨᏳᏣ ᎤᏂᎸᏉᏗ ᎤᎾᎵᏍᎩᏍᏗᎢ,ikata anitsalak anikeyhuts unilvkwhti unalhskihsti'i
train,training_data/processed/sentence_audio/Sentence_for_entry_0998.wav,ᎩᎶ ᎦᏒᏂᎬ ᎤᏛᎦᎾ ᎩᏟ ᎤᏓᎾᏫᏍᏔᏅᎢ,khilo kahsvnhkv uthvkana kilhi utanawhsthanv'i
train,training_data/processed/sentence_audio/Sentence_for_entry_1223.wav,ᏗᏍᏚᎢᏓ ᎢᎨᏎᏍᏗ ᏦᎳᏂ ᏕᎯᏍᏚᏅᎢ,tihstu'ita ikehsehsti tsolani tehihstunhv'i
train,training_data/processed/sentence_audio/Sentence_for_entry_0669.wav,ᎢᎸᏍᎩ ᏧᏕᏘᏴᏓ ᏗᏕᏲᎲᏍᎩ ᏂᎨᏐᎢ,ilvhski tsutethiyvta titeyhohvhski nikehso'i
train,training_data/processed/sentence_audio/Sentence_for_entry_1675.wav,ᏏᏆ ᏧᎵᎩᏏ ᏕᎦᏅᎦᎵᎭ,sihkwa tsulikhsi tekanvkaliha
train,training_data/processed/sentence_audio/Sentence_for_entry_0902.wav,ᏥᏈᏍᏗ ᎦᎾᏝᎢ ᎤᏴᏗᏓᎾ ᎤᏤᎵᎪᎯ,tskwihsti kanalha'i uyhtita'na utselikohi
train,training_data/processed/sentence_audio/Sentence_for_entry_1084.wav,ᏒᎦᏔ ᏕᎦᏃᏍᎩᏍᎬ ᎫᎯᏍᏗᎭ,svkhtha tekanohskihskv kuhihstiha
train,training_data/processed/sentence_audio/Sentence_for_entry_0508.wav,ᎣᏓᎸ ᎦᎸᎳᏗ ᏓᎾᏁᏍᏓᏝᎲᏍᎪ ᎠᏬᎭᎵ,otalv kalvla'ti tananhehstalhahvhsko awoha'li
train,training_data/processed/sentence_audio/Sentence_for_entry_0961.wav,ᎠᏴ ᏥᎾᏏᏄᎦ ᏞᎦ,ayv tsinahsinuka lheka
train,training_data/processed/sentence_audio/Sentence_for_entry_0413.wav,ᎯᏲᎵᎦᏍ Ꮎ ᎠᏍᎦᏯ,hiyolikahs na ahskaya
train,training_data/processed/sentence_audio/Sentence_for_entry_0072.wav,ᎯᎠ ᎠᎵᏍᏇᏚᏬ ᏍᎪ ᎠᏕᎸ ᏧᎬᏩᏟᏗ,hi'a alhskwethuwo hsko atelv tsukvwalhti
train,training_data/processed/sentence_audio/Sentence_for_entry_1510_02.wav,ᏥᏈᏍᏗ ᎠᏂᏲᏁᎦ ᎦᏥᎪᏩᏘᎭ,tskwihsti aniyoneka katsikowahthiha
train,training_data/processed/sentence_audio/Sentence_for_entry_0509.wav,ᎦᏙ ᎤᏍᏗ ᎧᏅᏑᎸ ᎠᏯᎠ,kato uhsti khanvhsulv aya'a
train,training_data/processed/sentence_audio/Sentence_for_entry_0193.wav,ᎤᎦᎾᏬᏌ ᎤᎿᏪᏒ ᎦᏌᎴᎾ,ukanawohsa unhawehsv kahsalena
train,training_data/processed/sentence_audio/Sentence_for_entry_1277.wav,ᎤᏍᏗ ᎧᎾᏌᏛ ᎤᏓᏰᏝᎸ ᎠᏰᎳᏍᏗ ᎬᏗ,uhsti khanahsatv utayhelhalv ayelhsti kvhti
train,training_data/processed/sentence_audio/Sentence_for_entry_1455.wav,ᎢᏤ ᏓᏆᎴᎳ ᏓᏤᏝ ᏏᏅ ᎤᏪᏘ ᎨᏒᎢ,itse takwalela tatselha hsinhv uwethi kehsv'i
train,training_data/processed/sentence_audio/Sentence_for_entry_0750.wav,Ꮭ ᏯᎩᎸᏉᏗ ᏗᏆᎵᏰᏑᎶᏗ ᏱᏓᎩᎸᏫᏍᏓᏁᎭ,lha yakilvkwhti tikwaliyehsuloti yitakilvwhihstaneha
train,training_data/processed/sentence_audio/Sentence_for_entry_0245.wav,ᎤᏔᎾ ᏗᎦᏚᎲ ᏳᏪᎾ ᎠᏣᏅᏍᎪᎢ,uthana tikatuhv yuwena atsanvhsko'i
train,training_data/processed/sentence_audio/Sentence_for_entry_0472.wav,ᏗᏔᎴᏍᏗ ᎬᏗ ᎤᏔᎴᏒ ᏯᏖᎾ,tithalehsti kvhti uthalehsv yhahthena
train,training_data/processed/sentence_audio/Sentence_for_entry_1033.wav,ᏍᏆᏞᏍᏗ ᎤᏩᏂᎳ ᎧᏴᏐᎵ ᎩᎦ ᏚᏴᏍᏉᎸᎢ,skwalhehsti uwanhila khayvhsoli kika tuyhvhskwolv'i
train,training_data/processed/sentence_audio/Sentence_for_entry_0414.wav,ᎠᏍᎦᏰᎬᏍᏓ ᎣᏍᏗᏁᎵ ᎤᏛᏅ ᎠᎨᏯ,ahskayekvhsta ohstineli utvnhv akeyha
train,training_data/processed/sentence_audio/Sentence_for_entry_0896.wav,ᏥᏳ ᎦᎸᎳᏗ ᎦᏃᎯᎵ,tsiyu kalvlati kanohili
train,training_data/processed/sentence_audio/Sentence_for_entry_0775_01.wav,ᎡᎳᏗ ᎤᎵᏍᏛᏡᏅᎢ,elati ulhstvlhunv'i
train,training_data/processed/sentence_audio/Sentence_for_entry_0154.wav,ᏧᎦᏅᏕᎾ ᎬᏂᏍᏙᏗ ᎯᎬᎭᎷᏯ,tsukanhtena kvnhihstohti hikvhaluyha
train,training_data/processed/sentence_audio/Sentence_for_entry_0461.wav,ᏒᎩ ᎢᎾᎨ ᎡᎯ ᏳᏅᏂᏍᏔᎾ ᎠᏂᏣᎳᎩ ᏧᏪᏥ ᏓᎾᏑᏴᏍᎪᎢ,svki inake ehi yunvnhihsthana anitsalaki tsuwetsi tanahsuyvhsko'i
train,training_data/processed/sentence_audio/Sentence_for_entry_1702.wav,ᎩᎬᎭ ᏄᎵᏍᏔᏅ ᎤᏁᎦ ᎤᏄᏮ ᎩᎦ ᏚᏴᏍᏉᎳ,kikvha nulhsthanv uneka unhuwv kika tuyhvhskwola
train,training_data/processed/sentence_audio/Sentence_for_entry_0874.wav,ᎤᏪᏥ ᎠᏧᏣ ᎤᎵᎥᏂᎸᎢ,uwetsi atshutsa ulvnhilv'i
train,training_data/processed/sentence_audio/Sentence_for_entry_0406.wav,Ꮎ ᎠᏌᎳᏛ ᎠᏎᏒᏓ ᏂᎦᎵᏍᏓ,na ahsalatv ahsehsvta nikalhsta
train,training_data/processed/sentence_audio/Sentence_for_entry_1256.wav,ᏍᎪᎯ ᏧᏒᎯᏓ ᏙᎢ ᎤᏪᏙᎸ ᏚᎸᏫᏍᏓᏁᎲᎢ,skohi tsuhsvhita tho'i uwetolv tulvwhihstanehv'i
train,training_data/processed/sentence_audio/Sentence_for_entry_0983.wav,ᎦᏅᏍᎨᏂ ᎠᏥᏲᎴ ᏓᎿᏬᎢ ᎠᎴ ᎠᏥᏅᏍᏕᏍᏗ ᏄᎵᏍᏔᏁᎢ,kanvhskeni atsiyole tanhawo'i ale atsinvhstehsti nulhsthane'i
train,training_data/processed/sentence_audio/Sentence_for_entry_1416.wav,ᎣᏏᏊᏍ ᏣᏓᏅᏔ,ohsikwuhs tsatanhtha
train,training_data/processed/sentence_audio/Sentence_for_entry_0160.wav,Ꮭ ᎩᎶ ᏳᎸᏉᏓ ᎠᎭᎳᏓ,lha khilo yulvkwhta ahalata
train,training_data/processed/sentence_audio/Sentence_for_entry_1042.wav,ᎠᏋᏅᎦ ᎪᎩ ᎢᏳᎵᏍᏙᏗᎢ,akwvnvka koki iyulhstohti'i
train,training_data/processed/sentence_audio/Sentence_for_entry_1208.wav,ᏦᏍᏓᏓᏅᏟ ᎤᎸᏉᏗ ᏥᏍᏚ ᏧᏲᏍᏗᎢ,tsohstatanhvlhi ulvkwhti tsihstu tsuyhsti'i
train,training_data/processed/sentence_audio/Sentence_for_entry_0613.wav,ᎯᎳ ᎢᏴ ᏙᏛᏂᏰᎵᏏ,hila iyv totvniyelihsi
train,training_data/processed/sentence_audio/Sentence_for_entry_0636.wav,ᎤᎾᏙᏓᏆᏍᎬ ᏗᎾᏕᏠᏆᏍᎩ ᏗᎨᏲᎲᏍᎩ ᏚᏬᏏᏌᏅ ᎤᏂᎪᎵᏰᎥᎢ,unatotakwahskv tinatelhohkwahski tikeyohvhski tuwohsihsanhv unikoliye'v'i
train,training_data/processed/sentence_audio/Sentence_for_entry_0031.wav,Ꮲ ᎤᏪᏅᏍᏗ ᏯᏛᏅᎢᏍᏗ ᎠᏓᎨᏍᎪᎢ,lhv uwenvhsti yatvnv'ihsti atakhehsko'i
train,training_data/processed/sentence_audio/Sentence_for_entry_1502.wav,ᏙᎯ ᏂᎨᏒᎾ ᎨᏒ ᎬᏯᏛᎦᏅ,thohi nikehsvna kehsv kvyathvkanv
train,training_data/processed/sentence_audio/Sentence_for_entry_0485.wav,ᎠᏘᏟᏗ ᎤᏬᏢᏅ ᎠᏂᏁᎵ ᎤᎿᏬᏍᏗ,athilhti uwolhvnhv anineli unhawohsti
train,training_data/processed/sentence_audio/Sentence_for_entry_0711_01.wav,ᏗᎾᏓᏅᏟᏍ ᎯᎠ ᎠᏂᏧᏣ,tinatanhvlhihs hi'a anitshutsa
train,training_data/processed/sentence_audio/Sentence_for_entry_0288.wav,ᏦᎳᏂ ᎠᎦᏘᎭ ᎩᎶᎢ,tsolani akhthiha khilo'i
train,training_data/processed/sentence_audio/Sentence_for_entry_1213.wav,ᏥᏔᎦ ᎬᏣᏝᏅ ᎤᎸᏉᏗ ᎤᎩᏍᏗ,tsithaka kvtsalhanv ulvkwhti ukihsti
train,training_data/processed/sentence_audio/Sentence_for_entry_1079.wav,ᏤᏙᎸᎯᏍ ᎫᎫ,tsetolvhihs kuku
train,training_data/processed/sentence_audio/Sentence_for_entry_0959.wav,ᎡᎵᏊᏍ ᏓᏆᎴᎳ ᏱᏍᎩᎾᏌᏁᏏ,elikwuhs takwalela yihskinhsanehsi
train,training_data/processed/sentence_audio/Sentence_for_entry_1651.wav,ᎢᎾᏓ ᎤᏦᎾᏛ ᎤᏛᎦᎾ ᎤᏯᏅᏒᎢ,inata utsonathv uthvkana uya'nvhsv'i
train,training_data/processed/sentence_audio/Sentence_for_entry_1087.wav,ᏦᎢᎭ ᏧᏪᏥ ᏚᏭᏅ ᏑᎾᎴ ᏧᎩᏍᏗ,tso'iha tsuwetsi tuwunhv hsunale tsukihsti
train,training_data/processed/sentence_audio/Sentence_for_entry_0360.wav,ᎠᎺᏉ ᎠᏁᎯ ᎠᏣᏗ ᏧᎾᏔᎾ ᎨᏐᎢ,amekwo anehi atsa'ti tsunthana kehso'i
train,training_data/processed/sentence_audio/Sentence_for_entry_0190.wav,ᎠᎵᏔᏬᏍᏗ ᎠᎩᏩᎯᏍᏗ ᎠᏆᏚᎵ,alhthawohsti akhiwahihsti akwatuli
train,training_data/processed/sentence_audio/Sentence_for_entry_0977_02.wav,ᏗᎦᏅᏠᏍᏗ ᏚᏗᏒᏁᎸᎢ,tikanvlhohsti tutsvnhelv'i
train,training_data/processed/sentence_audio/Sentence_for_entry_1166.wav,ᏑᏓᎵ ᎢᎳᏏᏗ ᏑᏓᎵ ᎢᏏᏔᏗᏍᏗ ᎢᎦᏘ Ꮎ ᎠᎳᏍᎦᎵᏍᎩ,sutali ilahsihti hsutali ihsihthatihsti ikathi na alahskalihski
train,training_data/processed/sentence_audio/Sentence_for_entry_1179.wav,ᏍᎪᎯ ᎢᎳᏏᏗ ᏂᎦᏅᎭ ᏥᏳ ᎤᏤᎵᎢ,skohi ilahsihti nikanvha tsiyu utseli'i
train,training_data/processed/sentence_audio/Sentence_for_entry_0542.wav,ᏣᏛᎦᏅᎢᏍ ᎠᏲᏁᎦ ᏣᎳᎩ ᎦᏬᏂᏍᎬ,tsahthvkanvhs ayoneka tsalaki kawonihskv
train,training_data/processed/sentence_audio/Sentence_for_entry_0667.wav,ᎢᎬᏱ ᏗᎾᏓᏬᏍᎩ ᏧᏂᎳᏫᏍᏗ ᎠᏯᏙᎯᎯ ᏄᎵᏍᏔᏅᎢ,ikvyi tinatawohski tsunilawihsti ayathohihi nulhsthanv'i
train,training_data/processed/sentence_audio/Sentence_for_entry_1650.wav,ᎢᎦᏓ ᎠᎾᏑᏂᏙᎯ ᎤᏂᏥᏯ ᏓᏅᏗᏍᎪ ᏳᎾᏑᎿ,ikata anahsunhitohi unitsiya tanhtihsko yunahsunha
train,training_data/processed/sentence_audio/Sentence_for_entry_0515.wav,ᎠᎭᏂ ᎠᏰᏟ ᏦᏞᏍᏗ,ahani ayelhi tsolhehsti
train,training_data/processed/sentence_audio/Sentence_for_entry_0402.wav,ᎦᎷᏨ ᎯᏯᏎᎮᎸ ᎾᎿ ᎤᏗ ᏓᏆᎴᎳ,kaluhtsv hiyahsehelv nanha uhti takwalela
train,training_data/processed/sentence_audio/Sentence_for_entry_0322.wav,ᎦᏙ ᎤᏰᏟᏗ ᎠᎵᎮᎵᎦ,kato uyelhti alihelika
train,training_data/processed/sentence_audio/Sentence_for_entry_0958_02.wav,ᎯᎳ ᎢᏴ ᎦᏃᏴᎨᏍᏗ,hila iyv kanoyvkehsti
train,training_data/processed/sentence_audio/Sentence_for_entry_1820.wav,ᎦᏙ ᏱᎦᎵᏍᏓ ᎥᏍᎩᎾ ᏱᏄᎾᏛᏁᎳ,kato yikalhsta vhskina yinunatvnela
train,training_data/processed/sentence_audio/Sentence_for_entry_1298.wav,ᎠᏎᎢᏍ ᎯᏃᎯᏰᎢ,ahse'ihs hinohiye'i
train,training_data/processed/sentence_audio/Sentence_for_entry_0454.wav,ᎠᏏᎳᏛ ᎠᏓᏬᎯᎳᏗᏍᎬ ᎤᏲᏍᏔᎾ ᎤᏑᎶ ᎤᏑᎴᏒ ᎣᏍᏓ ᏄᏩᏁᎸᎢ,ahsilatv atawohilatihskv uyohsthana uhsulo uhsulehsv ohsta nuwanelv'i
train,training_data/processed/sentence_audio/Sentence_for_entry_1860.wav,ᎯᎪᎥᎢᏍ ᎩᎶ ᏲᎾ ᎠᏁᏍᏗᏍᎬᎢ,hiko'v'ihs khilo yona anhehstihskv'i
train,training_data/processed/sentence_audio/Sentence_for_entry_1585.wav,ᎤᎩᏨᏓ ᎢᏴ ᎩᎳ ᏩᎩᎷᏨᎢ,ukitsvta iyv khila waki'luhtsv'i
train,training_data/processed/sentence_audio/Sentence_for_entry_1317.wav,ᏂᎪᎯᎸ ᏗᎪᏪᎵ ᏓᏅᏛᎥᏍᎪ ᎪᏛᎢ,nikohilv tikowheli tanhtv'vhsko kothv'i
train,training_data/processed/sentence_audio/Sentence_for_entry_1605.wav,ᏚᎾᏙᎥ ᏙᏪᎸᎦ ᎤᏟᏍᏓ,tunato'v thowhelvka ulhihsta
train,training_data/processed/sentence_audio/Sentence_for_entry_0705.wav,ᏗᎦᏘᏅᏘᏗ ᏧᎩᏍᏗ ᏄᎵᏍᏔᏅᎢ,tikhthinvthti tsukihsti nulhsthanv'i
train,training_data/processed/sentence_audio/Sentence_for_entry_0410.wav,ᎦᏙ ᎤᏍᏗ ᏭᏔᏅ ᎠᏍᎦᏂ,kato uhsti wuthanv ahskanhi
train,training_data/processed/sentence_audio/Sentence_for_entry_1523.wav,ᎤᏙᎯᏳ ᎤᏓᎸᏉᏗ Ꮎ ᎠᏧᏣ,utohiyu utalvkwhti na atshutsa
train,training_data/processed/sentence_audio/Sentence_for_entry_1490.wav,ᎧᏬᏂ ᏔᎵᏁ ᎠᏆᏕᏘᏱᏍᎩ,khawonhi tha'line akwatethiyihski
train,training_data/processed/sentence_audio/Sentence_for_entry_0108.wav,ᎭᏢ ᎠᏩᏛᏗ ᎠᏚᏓᎴᏍᏗ,halhv awhahthvhti atutalehsti
train,training_data/processed/sentence_audio/Sentence_for_entry_1247.wav,ᎭᏢ ᏣᏅᏁ Ꮎ ᏧᎶᎸᏗ ᎠᏆᎿᏬ,halhv tsanvne na tsulolhti akwanhawo
train,training_data/processed/sentence_audio/Sentence_for_entry_0319.wav,Ꮎ ᎦᏅᎯᏓ ᎤᏍᏘᎩ ᏥᎩ ᎠᏴᏫᏯ ᎠᎵᎬᏓᏃᏍᏙᏗ ᎤᏚᎵᎭ,na kanvhita uhsthihki tsiki ayvwiya alkvtanohstohti utuliha
train,training_data/processed/sentence_audio/Sentence_for_entry_1472.wav,ᏔᎵᎭ ᏗᏑᏗ ᏓᏆᏚᎵᎭ,tha'liha tihsuhti takwatuliha
train,training_data/processed/sentence_audio/Sentence_for_entry_1525.wav,Ꮎ ᎠᎦᏴᎵᎨ ᎤᏁᎦᎸ ᎤᏓᏁᎪᏳᎭ,na akayvlike uneka'lv utanekoyuha
train,training_data/processed/sentence_audio/Sentence_for_entry_0838.wav,ᎠᎹᏱ ᏳᏑᏁᎾ ᎦᎵᏦᏛ ᏩᏯᎣᎢ,amayi yuhsunhena kalhtsothv waya'o'i
train,training_data/processed/sentence_audio/Sentence_for_entry_0640.wav,ᏕᎭᎷᏱ ᎧᎸ ᎠᏓᎴᏂᏍᎪᎢ ᎪᎩ,tehaluyi kha'lv atalenihsko'i koki
train,training_data/processed/sentence_audio/Sentence_for_entry_1861.wav,Ꮎ ᎠᏲᏁᎦ ᏲᏁᎦ ᎦᏬᏂᎭ,na ayoneka yoneka kawoniha
train,training_data/processed/sentence_audio/Sentence_for_entry_0589.wav,ᎠᎹ ᏓᏆᏲᎥᏍᎦ ᏗᎿᏬ ᏧᏖᏍᏗ,ama takwhayohska tinhawo tsuthehsti
train,training_data/processed/sentence_audio/Sentence_for_entry_0183.wav,ᏑᏟᎶᏓ ᎢᎪᎯᏓ ᎤᎵᏣᏙᏅᎢ,sulhilota ikohita ulhtsatonhv'i
train,training_data/processed/sentence_audio/Sentence_for_entry_0279.wav,ᎠᎦᏔ ᎠᏰᎸᎯ ᎠᎧᎿ ᏌᏆᎦᏘ,akhtha ayelvhi akhanha hsakwakhth'i
train,training_data/processed/sentence_audio/Sentence_for_entry_0661.wav,ᏗᏓᏂᏱᏍᎩ ᎣᎩᎾᏟᏃᎮᏗ ᎠᏆᏚᎵ,titaniyihski okinalhinohehti akwatuli
train,training_data/processed/sentence_audio/Sentence_for_entry_0520_01.wav,ᎯᏍᎩ ᏗᏤ ᏗᎪᏪᎶᏙᏗ ᏚᏴᎲ ᏗᏓᎾᏅᎢ,hihski titse tikowhelotohti tuyvhv titana'nv'i
train,training_data/processed/sentence_audio/Sentence_for_entry_0177.wav,ᏥᏈᏍᏗ ᎤᎵᏍᏓᏴᏅ ᏱᎩ ᎠᏟᎩᏍᎪᎢ,tskwihsti ulhstayvnhv yiki alhikihsko'i
train,training_data/processed/sentence_audio/Sentence_for_entry_0775_02.wav,ᎡᎳᏗᏍ ᎯᎷᎩ,elatihs hi'luhki
train,training_data/processed/sentence_audio/Sentence_for_entry_0915.wav,ᎤᏅᏓ ᎦᏁᎩᎡᎭ ᏩᎦ,unvta kaneki'eha wahka
train,training_data/processed/sentence_audio/Sentence_for_entry_1099.wav,ᏙᎯᏳ ᏗᏅᎿᎦᎵᏍᏗ ᏚᏓᏘᎿᎠ,tohiyu tinvnhakalhsti tutathinha'a
train,training_data/processed/sentence_audio/Sentence_for_entry_0950.wav,ᏥᏳ ᎦᏃᎯᎸᏍᏓ,tsiyu kanohilvhsta
train,training_data/processed/sentence_audio/Sentence_for_entry_1048.wav,ᎪᎵᎦᏍ ᏣᎳᎩ,kolhkahs tsalaki
train,training_data/processed/sentence_audio/Sentence_for_entry_1339.wav,ᏥᏍᏆ ᎤᏂᎸᏉᏗ ᎫᏩ ᎤᏂᎩᏍᏗᎢ,tsihskwa unilvkwti khuwa unikihsti'i
train,training_data/processed/sentence_audio/Sentence_for_entry_1676.wav,Ꮭ ᎤᏙᎯᏳ ᎤᎵᏍᏗ ᏱᎩ,lha utohiyu ulihsti yiki
train,training_data/processed/sentence_audio/Sentence_for_entry_0579.wav,ᏓᎩᏏ ᏅᏃᎯ ᏚᎾᏗᏫᏏᏗᏒ ᏥᎪᏩᏔ,takhsi nvnohi tuntiwhsitihsv tsikowahtha
train,training_data/processed/sentence_audio/Sentence_for_entry_0684.wav,ᎠᎾᏁᎯᎲ ᏗᎪᏪᎶᏗ ᎬᏗ ᎠᏥᏘᏍᏙᏔᏅᎢ,ananhehihv tikowheloti kvhti atsithihstohthanv'i
train,training_data/processed/sentence_audio/Sentence_for_entry_1639.wav,ᎤᏴᏍᏕᏓ ᎠᏍᎦᏯ ᏣᎢᏒ ᏥᎪᏩᏘᎭ,uyhvhsteta ahskaya tsa'ihsv tsikowahthiha
train,training_data/processed/sentence_audio/Sentence_for_entry_1783.wav,ᎤᏪᏥ ᎠᎨᏳᏣ ᏓᏍᏆᏗᎠ ᎪᎯ ᎪᎩ,uwetsi akeyhutsa tahskwati'a khohi koki
train,training_data/processed/sentence_audio/Sentence_for_entry_0028.wav,ᏣᏂ ᎣᏍᏗ ᎧᏃᎮᏓ ᏣᏁᎵᏁ ᎠᏯᏙᏢ ᎠᏥᏁᎢᏍᏗ ᎠᏓᏲᏁᎯ ᎠᎨᏯ,tsani ohsti khanoheta tshaneline ayatholhv atsinehsti atayhonehi akeyha
train,training_data/processed/sentence_audio/Sentence_for_entry_0251.wav,ᎠᏥᎳ ᎠᎲ ᎠᎾᏕᏲᎰ ᎠᎾᎵᏍᎩᏍᎬ ᎦᏘᏲᎢ,atsila ahv anateyoho analhskihskv kathiyo'i
train,training_data/processed/sentence_audio/Sentence_for_entry_0608.wav,ᎦᏙᎲ ᏚᎾᎦᎴᏅᎮᎢ,katohv tunakalenvhe
train,training_data/processed/sentence_audio/Sentence_for_entry_0749.wav,ᏚᎵᏍᏗ ᎧᎸ ᎠᏂᏣᎳᎩ ᏓᎵᏆ ᎤᏂᏍᏆᎸᎡᎰ ᎤᎾᏕᏘᏱᏍᎬᎢ,tulihsti kha'lv anitsalaki talikwa unihskwalv'eho unatethiyihskvi
train,training_data/processed/sentence_audio/Sentence_for_entry_0431.wav,Ꮎ ᎠᏍᎦᏯ ᎦᎷᏯᏍᏗ ᎫᎭᏟᏗ ᎤᏍᏆᎵᏒᎢ,na ahskaya kaluyhsti kuhalhti uhskwalhsv'i
train,training_data/processed/sentence_audio/Sentence_for_entry_1655.wav,ᎤᎧᏲᏛ ᎭᎢᏎᏍᏗ,ukhayotv ha'ihsehsti
train,training_data/processed/sentence_audio/Sentence_for_entry_0602.wav,ᏓᎵᏲᎯᎲ ᎢᎪᎯᏓ ᎩᎶ ᏚᏃᏍᎩᏎ ᏧᎳᏑᎶ,taliyohihv ikohita khilo tunohskihse tsulahsulo
train,training_data/processed/sentence_audio/Sentence_for_entry_1378.wav,ᏄᎳ ᎪᎱᏍᏗ ᎬᏃᎯᏎᏗ ᎠᏆᏚᎵ,nula kohuhsti kvnohsehti akwatuli
train,training_data/processed/sentence_audio/Sentence_for_entry_1222.wav,ᎪᎯᎩ ᏥᎨᏒ ᏦᎳ ᎠᎾᏛᎯᏍᏗᏍᎬ ᎠᏂᏣᎳᎩ,kohiki tsikehsv tsola anathvhihstihskv anitsalaki
train,training_data/processed/sentence_audio/Sentence_for_entry_1770.wav,ᎦᏙ ᏂᎦ ᏨᏅᎦ,kato nika tsvnvka
train,training_data/processed/sentence_audio/Sentence_for_entry_1749.wav,ᎠᎹ ᎠᎩᏔᏕᎩᎠ,ama akhthateki'a
train,training_data/processed/sentence_audio/Sentence_for_entry_0501.wav,ᏍᎪᎯ ᎢᏳᏔᏬᏍᏔᏅ ᎢᎪᎯᏓ ᏥᏯᏛᏓᏍᏔᏅ ᎦᏬᏂᏍᎬᎢ,skohi iyuthawohsthanv ikohita tsiyathvtahsthanv kawonihskv'i
train,training_data/processed/sentence_audio/Sentence_for_entry_0274.wav,ᎠᎪᏕᏍᏗ ᎫᎭᏟᏗ ᎪᏢᏍᎦ,akhotehsti kuhalhti kolhvhska
train,training_data/processed/sentence_audio/Sentence_for_entry_0401.wav,ᎠᏎᎩ ᎠᏆᏓᏅᏓᏛ ᏞᎦ,ahseki akwatanhtatv lheka
train,training_data/processed/sentence_audio/Sentence_for_entry_0899.wav,ᎦᎸᎶ ᏌᎪᏂᎨᎢ,kalvlo hsakhonike'i
train,training_data/processed/sentence_audio/Sentence_for_entry_0468.wav,ᎯᎠ ᎠᏧᏣ ᎠᎾᏔ ᏧᏟᏃᎮᏙᏗ ᎤᎸᏉᏗ,hi'a atshutsa anatha tsulhinohehtohti ulvkwhti
train,training_data/processed/sentence_audio/Sentence_for_entry_1167_01.wav,ᎯᎳ ᎢᎪᎯᏓ ᎤᏟᎢᎵᏙᎴ,hila ikohita ulhi'ilitole
train,training_data/processed/sentence_audio/Sentence_for_entry_1471.wav,ᏑᎨᏓ ᎤᏬᏢᏃᎿ ᏗᎦᏘᏗ ᏭᏝᏅᎢ,suketa uwolhvnhonha tikathti wutlhanv'i
train,training_data/processed/sentence_audio/Sentence_for_entry_1193.wav,ᏦᎢ ᎢᏳᏟᎶᏓ ᎢᏳᏓᏅᎯᏓ ᎤᏫᏛᎲ ᏔᎵ ᎢᏳᏟᎶᏓ ᎧᏄᎦᏟ,tso'i iyulhilota iyutanvhita uwhitvhv tha'li iyulhilota khanukalhi
train,training_data/processed/sentence_audio/Sentence_for_entry_0921.wav,ᏧᏂᎸᏫᏍᏓᏁᎯ ᎤᎾᏗᏔᏍᏗ ᎠᎹ ᎤᏁᏫᏛᎲᎢ,tsunilvwhstanehi unatithahsti ama unewhitvhv'i
train,training_data/processed/sentence_audio/Sentence_for_entry_1569.wav,ᎤᏙᎯᏳ ᎣᏍᏓ ᎿᏛᎦ ᎡᏣᎪᎵᏰᏍᎬᎢ,utohiyu ohsta nhatvka etsakoliyehskv'i
train,training_data/processed/sentence_audio/Sentence_for_entry_0767.wav,ᎡᏆ ᎦᎵᏦᏕ ᎠᎾᏁᏍᎨᎭ,ekwa kalhtsote ananhehskeha
train,training_data/processed/sentence_audio/Sentence_for_entry_0599.wav,ᏙᏓᎦᎵᏰᏑᎴᏏ ᏂᎯᎾ,totakaliyehsulehsi nihina
train,training_data/processed/sentence_audio/Sentence_for_entry_0307.wav,ᎠᏲᎤᏟ ᎠᏍᎦᏯ ᎤᎦᏎᏍᏗ ᎠᎳᏍᎬᏍᎪᎢ,ayo'ulhi ahskaya ukhsehsti alahskvhsko'i
train,training_data/processed/sentence_audio/Sentence_for_entry_0814.wav,ᎦᏚ ᎤᎦᎾᏍᏓ ᎤᏩᏘᏗ ᎠᏛᏅᎢᏍᏗᎭ,katu ukanahsta uwathti atvnv'ihstiha
train,training_data/processed/sentence_audio/Sentence_for_entry_0167.wav,ᎦᎵᏉᎩ ᎢᏯᏂ ᏌᎶᎵ ᏕᏥᎸ ᎠᎩᏃᎭᎴᎾ,kalhkwoki iyani hsaloli tetsilv akinohalena
train,training_data/processed/sentence_audio/Sentence_for_entry_1586.wav,ᎤᎩᏥᏕᏱ ᎠᏗᏗᏍᎪ ᏧᎸᏫᏍᏓᏁᏗ ᏱᎩ,ukitsteyi atitihsko tsulvwhstanhti yiki
train,training_data/processed/sentence_audio/Sentence_for_entry_0849.wav,ᎠᏂᏤ ᏚᏯ ᎠᏃᏍᏓ ᏗᎦᏰᏍᏗ,anitse thuya anohsta tikayhehsti
train,training_data/processed/sentence_audio/Sentence_for_entry_0268.wav,ᏔᎵ ᏗᎦᏆᏘ ᎤᎩᎸᏙᏗ ᎤᎸᏉᏗ,tha'li tikakwathi ukhilvtohti ulvkwhti
train,training_data/processed/sentence_audio/Sentence_for_entry_1127.wav,ᏏᏆ ᏧᏂᎯᏍᏗ ᎦᏲᏟᎨ ᏓᎬᏩᎶᏙ ᎭᏫᏯ,sihkwa tsunihihsti kayolhike takvwalhto hawiya
train,training_data/processed/sentence_audio/Sentence_for_entry_1648.wav,ᏝᏍ ᏯᏛᎩᎠ ᎤᏥ ᏧᏯᏂᏍᎬᎢ,lhahs yahthvki'a utsi tsuyhanihskv'i
train,training_data/processed/sentence_audio/Sentence_for_entry_0227.wav,ᏥᏃᎠᎵᏙᎲ ᎠᎩᏲᎱᏎᎸ ᎭᏰᎵᏍᏗ,tsino'alitohv akiyohuhselv hayelhsti
train,training_data/processed/sentence_audio/Sentence_for_entry_1415.wav,ᎣᏏ ᎠᎦᎾᏬᎯᏍᏗ ᏗᎲᏘᏗ ᎠᏓ ᏓᏍᏆᎸᏍᎦ,ohsi akanawohihsti tihvthti ata tahskwalhska
train,training_data/processed/sentence_audio/Sentence_for_entry_1500.wav,ᏘᏲᎭᎵ ᎦᏂᏯ ᎦᎴᎩ,thiyohali kaniya kaleki
train,training_data/processed/sentence_audio/Sentence_for_entry_1727.wav,ᏧᏍᏗ ᏓᏆᎴᎳ ᎤᎪᏗ ᏓᎩᎸᏉᏗ ᏏᏅ ᏧᏔᎾ ᎨᏒᎢ,tsuhsti takwalela ukoti takilvkwti hsinhv tsuthana kehsv'i
train,training_data/processed/sentence_audio/Sentence_for_entry_0200.wav,ᎦᏄᎸᎯ ᎠᎾᏁᏦᏍᎦ ᏗᏂᏲᏟ,kanulvhi ananhetsohska tiniyolhi
train,training_data/processed/sentence_audio/Sentence_for_entry_1145.wav,ᏞᎩᏍ ᏓᎦᎷᏥ ᎤᏛᏁ,lhekhihs takaluhtsi utvnhe
train,training_data/processed/sentence_audio/Sentence_for_entry_0913.wav,ᏂᏚᏁᎦᎸᏓᏊ ᏓᏍᏗᎩᏍᎪ ᎦᎦᎻ ᎢᎦ ᏧᎸᏉᏗ,nitunekalvtakwu tahstikihsko kakami ika tsulvkwhti
train,training_data/processed/sentence_audio/Sentence_for_entry_1463.wav,ᏐᏁᎳ ᎢᏳᏩᏂᎸ ᏑᎾᎴ ᏥᎪᏩᏛᏗ ᎦᎾᎦᏘ,sonhela iyuwanhilv hsunale tsikowahthvhti kanakhthi
train,training_data/processed/sentence_audio/Sentence_for_entry_1210.wav,ᏥᏍᏛᎾ ᎠᏓᏨᏯᏍᎩ ᎤᏩᏨᏴ ᎤᎳᏏᏕᏂ,tsihstvna atatsvyhski uwatsvyhv ulahsihteni
train,training_data/processed/sentence_audio/Sentence_for_entry_0911.wav,ᎠᏫ ᎦᏁᎦ ᎪᏢᏔᏅ ᎠᎿᏬ ᎤᎾᎠ,awhi kaneka kolhvhthanv anhawo una'a
train,training_data/processed/sentence_audio/Sentence_for_entry_0235.wav,ᎠᏴᏤᏂ ᏓᏥᏲᎵᏒ ᏥᏍᏚ ᎠᏎᏃ ᏕᏥᏅᏛᎢ,ayhvhtseni tatsiyolihsv tsihstu ahsenho tetsinvtv'i
train,training_data/processed/sentence_audio/Sentence_for_entry_0698.wav,ᏗᎧᎸᎬ ᏗᏜ ᏭᎶᏒᎢ,tikhalvkv tilha wulohsv'i
train,training_data/processed/sentence_audio/Sentence_for_entry_0073.wav,ᎠᏆᏕᏘᏗ ᎠᎩᎸᏉᏗ ᏱᎦᏓᏬᎠ,akwatethti akilvkwhti yikatawo'a
train,training_data/processed/sentence_audio/Sentence_for_entry_1014.wav,Ꮎ ᎠᏍᎦᏯ ᏧᎾᏔᎾ ᎠᏂᏩᏒᎩ ᏓᏛᎯᏍᏗᏍᎪᎢ,na ahskaya tsunthana aniwhsvki tathvhihstihsko'i
train,training_data/processed/sentence_audio/Sentence_for_entry_1725.wav,ᎤᏍᏓᏴᎲᏍᎩ ᎤᏕᏘᏱᏍᎬ ᎤᏍᏓᏴᏅᎢ,uhstayvhvhski utethiyihskv uhstayvnhv'i
train,training_data/processed/sentence_audio/Sentence_for_entry_0717.wav,ᎠᎾᎦᎵᏍᎩ ᎠᏂᎩᏍᏗᏍᎩ ᏗᏔᎴᏍᏗ ᎠᎩᏲᎭ,anakalihski anhikihstihski tithalehsti akhiyoha
train,training_data/processed/sentence_audio/Sentence_for_entry_0289.wav,ᎠᎦᏘᏏ ᎬᏗ ᎤᏕᎪ ᏍᏆᏞᏍᏗ,akhthihsi kvhti uteko hskwalhehsti
train,training_data/processed/sentence_audio/Sentence_for_entry_0035.wav,ᎠᏓᎾᏅ ᏓᎩᎸᏫᏍᏓᏁᎰ ᎪᎩ ᏱᏄᎵᏍᏔᎾ,atananv takilvwhihstaneho koki yinulhsthana
train,training_data/processed/sentence_audio/Sentence_for_entry_0292.wav,ᎠᎦᏙᏗ ᎤᏚᎵ ᎤᏕᏘᏱᏍᎬᎢ,akhthohti utuli utethiyihskv'i
train,training_data/processed/sentence_audio/Sentence_for_entry_1245.wav,ᏧᏬᏰᏂ ᎬᏗ ᏓᏟᏃᎮᏗᏍᎪ ᏧᏂᎵᎡᎾ ᏴᏫ,tsuwoyeni kvhti talhinohehtihsko tsunili'ena yvwi
train,training_data/processed/sentence_audio/Sentence_for_entry_0598.wav,ᏓᎵᏆ ᏣᎳᎩ ᎠᏰᏟ ᎤᏙᏢᏒᎢ ᎣᎦᎳᎰᎻ,talikwa tsalaki ayelhi utolhvhsv'i oklhahomi
train,training_data/processed/sentence_audio/Sentence_for_entry_0700.wav,ᏓᏃᏯᏓᏍ ᏗᏂᎧᏃᏩᏗᏙᎯ,tanoyha'tahs tinikhanowatitohi
train,training_data/processed/sentence_audio/Sentence_for_entry_0928.wav,ᏂᎪᎯᎸ ᏳᎵᏍᏓᎥᏃᎿ ᏕᎦᏅᎦᎵᏍᎪ ᏕᎦᏅᏙᎬᎢ,nikohilv yulhsta'vnhonha tekanvkalihsko tekanhtohkv'i
train,training_data/processed/sentence_audio/Sentence_for_entry_1467.wav,ᏑᏓᎴᎩ ᎢᏯᎩᏪᏍᏗ ᎠᏆᏚᎵ,sutaleki iyakiwehsti akwatuli
train,training_data/processed/sentence_audio/Sentence_for_entry_0006.wav,ᎯᎳ ᏧᎬᏩᎶᏗ ᏌᏊ ᎢᎦᏒᏘ ᎠᏓ,hila tsukvwalhti hsakwu ikahsvthi ata
train,training_data/processed/sentence_audio/Sentence_for_entry_1539.wav,ᎤᏕᎰᎯᏍᏗ ᎪᏢᏍᎦ ᏥᎾᏛᏁᎰ,utehohihst kolhvhska tsinatvneho
train,training_data/processed/sentence_audio/Sentence_for_entry_0077.wav,ᏑᏓᎵ ᎢᏳᏩᏂᎸ ᏑᎾᎴ ᎦᏗᏗᏍᎪᎢ,sutali iyuwanhilv hsunale katitihsko'i
train,training_data/processed/sentence_audio/Sentence_for_entry_1253.wav,ᏧᏅᎩᎶᏍᏗ ᎢᎦ ᏕᎬᎩᎶᏍᎪᎢ,tsunhkilohsti ika tekhkilohsko'i
train,training_data/processed/sentence_audio/Sentence_for_entry_1054.wav,ᏦᎳᏂ ᎦᏘᏅᏛ ᎤᏬᎰᏒᎢ,tsolani kathinvthv uwohohsv'i
train,training_data/processed/sentence_audio/Sentence_for_entry_1290.wav,ᎪᎩ ᏱᏄᎵᏍᏔᎾ ᎧᏁᏍᎦ ᎠᏂᎾᏌᏁᏍᎪ ᎠᏂᏧᏣ,koki yinulhsthana khanehska aninhsanehsko anitshutsa
train,training_data/processed/sentence_audio/Sentence_for_entry_1069.wav,ᏍᏆᏞᏍᏗ ᎤᏂᏲᎱᏎᎸ ᎤᏬᏍᏛᏂᎳ,skwalhehsti uniyohuhselv uwohstvnila
train,training_data/processed/sentence_audio/Sentence_for_entry_0631.wav,ᏍᏚᏗ ᏚᎸᏛᏂᏍᏔᏅ ᎤᏅᎪᏣ,stuti tulvtvnihsthanv unvkotsa
train,training_data/processed/sentence_audio/Sentence_for_entry_1423.wav,ᏌᎵᎫᎩ ᏥᏰᏒ ᎥᏓᎵ ᎦᏑᎲᏍᎬᎢ,salikuki tsiyehsv vtali kahsuhvhskv'i
train,training_data/processed/sentence_audio/Sentence_for_entry_1691.wav,ᏓᎶᏂᎨ ᎤᎵᏑᏫᏓ ᏓᏆᎴᎳ ᎠᎩᎭ,talonike ulhsuwhita takwalela akiha
train,training_data/processed/sentence_audio/Sentence_for_entry_0754.wav,ᏚᏂᏂᏗ ᏥᎧᎸ ᎬᏪᏙᎸᎢ,tuninhti tsikha'lv kvwetolv'i
train,training_data/processed/sentence_audio/Sentence_for_entry_0614.wav,ᏎᎦᏨ ᏚᏍᏓᏲᏢ ᎦᎶᏇ ᎠᏍᏓᏴ ᎪᏣᏁᏍᏗᎢ ᎢᏳᏍᏗ,sekatsv tuhstayolhv kalokwe ahstayv kotsanehsti'i iyuhsti
train,training_data/processed/sentence_audio/Sentence_for_entry_1839.wav,ᏩᏐᏝ ᎤᏪᎵᏒ ᎠᏎᏃ ᎧᎹᎹ ᎨᏒᎢ,wahsolha uwelihsv ahsenho khamama kehsv'i
train,training_data/processed/sentence_audio/Sentence_for_entry_1244.wav,ᏧᎵᏨᏯᏍᏗ ᏱᎨᏎ Ꮭ ᏱᎬᏩᎵᏘᏎᎢ,tsulhtshvyahsti yikehse lha yikvwalthihse'i
train,training_data/processed/sentence_audio/Sentence_for_entry_0572.wav,ᏞᏍᏗ ᏥᏙᏍᎩᏴᎩ ᎦᎵᏍᏓᏴᎲᏍᎬᎢ,lhehsti tsitohskhiyvki kalihstayvhvhskv'i
train,training_data/processed/sentence_audio/Sentence_for_entry_1434.wav,ᎢᎦᏓ ᏗᏎᎯᏍᏗ ᏎᏗ ᎠᏓ ᏗᎪᏢᏔᏅ ᎨᏐᎢ,ikata tihsehihsti hseti ata tikolhvhthanv kehso'i
train,training_data/processed/sentence_audio/Sentence_for_entry_0428.wav,ᏍᏆᏞᏍᏗ ᏩᎦᏗᏁᎳ ᎤᏍᏆᏞᏒᎢ,skwalhehsti wakatinela uhskwalhehsv'i
train,training_data/processed/sentence_audio/Sentence_for_entry_1843.wav,ᏪᏌᏍ ᎯᎪᏩᏘ,wehsahs hikowahthi
train,training_data/processed/sentence_audio/Sentence_for_entry_0298.wav,ᏒᏙᏂ ᎠᎫᎩᎠ ᎠᎹ,svtoni akhuki'a ama
train,training_data/processed/sentence_audio/Sentence_for_entry_0450.wav,ᎠᏑᏍᏗ ᎦᏑᎠ,ahsuhsti kahsu'a
train,training_data/processed/sentence_audio/Sentence_for_entry_0523.wav,ᎦᏃᎭᎵᏙ ᎦᏟᏓ ᎬᏗ ᎤᏲᏢ ᎠᏫ,kanohalito kalhita kvhti uyolhv awhi
train,training_data/processed/sentence_audio/Sentence_for_entry_0799.wav,ᎡᎵᏊᏍ ᏱᏗᏆᎸᏕᏯᏍᏓ ᎦᏆᏛᎢ,elikwuhs yhitikwalvteyhsta kakwathv'i
train,training_data/processed/sentence_audio/Sentence_for_entry_0228.wav,ᎣᎩᎾᎵ ᏥᏲᎭ ᎭᏢ ᏫᎦᎶᎯ,okinali tsiyoha halhv wikalohi
train,training_data/processed/sentence_audio/Sentence_for_entry_0812.wav,ᎪᎯᎩ ᏥᎨᏒ ᎦᏚᎩ ᏓᎾᎵᏍᏕᎵᏍᎬ ᎠᏂᏣᎳᎩ,kohiki tsikehsv katuki tanalhstelihskv anitsalaki
train,training_data/processed/sentence_audio/Sentence_for_entry_0600.wav,ᏕᎦᎵᏰᏑᎵ ᏙᏛᎩᎸᏫᏍᏓᏁᎴᏏ,tekalyehsuli totvkilvwhstanelehsi
train,training_data/processed/sentence_audio/Sentence_for_entry_0610.wav,ᏍᏆᏞᏍᏗ ᏙᏓᎦᏁᎶᏂ ᏑᎾᎴ ᎤᏙᏓᏆᏓ,skwalhehsti totakanelonhi hsunale utotakwata
train,training_data/processed/sentence_audio/Sentence_for_entry_0789.wav,ᎦᏙ ᎤᏍᏗ Ꮎ ᏥᎦᏓᎠ ᎨᏛᎢ,kato uhsti na tsika'ta'a kethv'i
train,training_data/processed/sentence_audio/Sentence_for_entry_1053.wav,ᎦᏍᎩᎸ ᎠᏝᎲ ᏩᏥ ᎤᏬᎰᏅᏙᏔᏅᎢ,kahskilv alhahv watsi uwohonvhtohthanv'i
train,training_data/processed/sentence_audio/Sentence_for_entry_0120.wav,ᎠᎦᎾᎦᏘ ᎤᏴᏍᏗ ᏫᏥᏯᎥᎢ,akanakhthi uyvhsti witsiya'v'i
train,training_data/processed/sentence_audio/Sentence_for_entry_0250_01.wav,ᎦᏙᎯ ᎠᏤᏫᎠ ᎠᎹ,katohi atsewi'a ama
train,training_data/processed/sentence_audio/Sentence_for_entry_0566.wav,ᎢᎸᎯᏳᏍ ᏙᎢ ᏂᏓᎦᎵᏍᏔᏂ ᎮᎵ ᏓᎿᏩ,ilvhiyuhs thohi ntakalhsthan heli tanhawa
train,training_data/processed/sentence_audio/Sentence_for_entry_0833.wav,ᎩᎳ ᎤᏒ ᎦᏳᎳ ᎦᏟᎰᎢ,khila uhsv kayula kalhiho'i
train,training_data/processed/sentence_audio/Sentence_for_entry_0150.wav,ᏤᏣᏟᎶᏍᏔᏅ ᎤᎪᏩᏛᏗ ᎤᏚᎵ ᏣᏥ,tsetsalhilohsthanv ukowhahthvhti utuli tsatsi
train,training_data/processed/sentence_audio/Sentence_for_entry_1834.wav,ᏗᎦᏚᎲ ᏫᏥᎦᏘ,tikatuhv witsikathi
train,training_data/processed/sentence_audio/Sentence_for_entry_1411.wav,ᎣᏍᏓ ᎧᏃᎮᏓ ᎠᎵᏣᏙᎲᏍᎩ,ohsta khanoheta alhtsatohvhski
train,training_data/processed/sentence_audio/Sentence_for_entry_1728.wav,ᎤᏍᏗ ᎦᏅᏅ ᎠᎢᏒ ᎤᎴᎾᏢᎢ,uhsti kanvnhv a'ihsv ulenalhv'i
train,training_data/processed/sentence_audio/Sentence_for_entry_0076.wav,ᎠᎭᏂ ᏓᏥᏗ ᎯᎠ ᏑᏗ,ahani tatsi'ti hi'a hsuhti
train,training_data/processed/sentence_audio/Sentence_for_entry_0492.wav,ᎠᏙᎵᏓᏍ ᎯᎠ ᏗᏓᏟᎶᏍᏗᏍᎩ,atholitahs hi'a titalhilohstihski
train,training_data/processed/sentence_audio/Sentence_for_entry_0399.wav,ᎦᏚᎢ ᎤᏍᏛᎭᏝᏅᎢ,katu'i uhstvhalhanv'i
train,training_data/processed/sentence_audio/Sentence_for_entry_0067.wav,ᎯᏍᎩ ᏳᏩᏂᎸ ᏥᎨᏒ ᎪᎯ ᏑᎾᎴ ᎤᏕᏅᎢ,hihski yuwanhilv tsikehsv khohi hsunale utenhv'i
train,training_data/processed/sentence_audio/Sentence_for_entry_1565.wav,ᏕᎯᎳᏫᏤᎪᎢᏍ ᎤᎾᏙᏓᏆᏍᎬ ᎢᎦ,tehilawitseko'ihs unatotakwahskv ika
train,training_data/processed/sentence_audio/Sentence_for_entry_1712.wav,ᎤᏅᏖᎢᏍ ᎪᎯ ᎢᎦ ᏣᎷᎯᏍᏗ ᎨᏒ,unhthe'ihs khohi ika tsa'luhihsti kehsv
train,training_data/processed/sentence_audio/Sentence_for_entry_1568.wav,ᎤᎾᏙᏓᏉᏅ ᏛᎾᎴᏅᎯ ᏓᎾᏕᏠᏆᏍᎬᎢ,unatotakwonhv tvnalenvhi tanatelhohkwahskv'i
train,training_data/processed/sentence_audio/Sentence_for_entry_1503.wav,ᏙᎯᏊ ᎠᏴ ᏂᎯᎾ,thohikwu ayv nihina
train,training_data/processed/sentence_audio/Sentence_for_entry_1319.wav,ᏥᏈᏍᏓ ᏴᏫ ᏄᎾᏛᏅ ᎤᏪᎳᏗᏓᏍᏗ ᎤᎸᏉᏗ,tskwihsta yvwi nunatvnhv uwhelatitahsti ulvkwhti
train,training_data/processed/sentence_audio/Sentence_for_entry_0186.wav,ᏓᏲᎯᎲ ᏓᎵᎪᏛᏗᏍᎪ ᎫᎫ,tayohihv talhkhothtihsko kuku
train,training_data/processed/sentence_audio/Sentence_for_entry_0338.wav,ᎯᎳ ᎢᎪᎯᏓ ᎠᎯᎵᏙᎰ ᏳᎵᏍᏚᎴᎭ,hila ikohit ahilitoho yulhstuleha
train,training_data/processed/sentence_audio/Sentence_for_entry_1146.wav,ᏞᏍᏗ ᏱᏣᏁᎫᏤᏍᏗ,lhehsti yitsanekutsehsti
train,training_data/processed/sentence_audio/Sentence_for_entry_1642.wav,ᏪᏌ ᎧᏁᏌᎢ ᎤᏣᎠ,wehsa khanehsa'i utsa'a
train,training_data/processed/sentence_audio/Sentence_for_entry_1582_02.wav,ᎯᎨᏳᏎᏍᏗ ᏣᏍᏓᏴᎲᏍᎩ,hikeyuhsehsti tsahstayvhvhski
train,training_data/processed/sentence_audio/Sentence_for_entry_1266.wav,ᎧᎶᏇᎩᏗ ᎾᎥ ᎠᏆᏛᏒᎢ,khalokwekhti na'v akwathvhsv'i
train,training_data/processed/sentence_audio/Sentence_for_entry_1831.wav,ᏩᏯ ᏱᏚᏂᏲᏏ ᎠᏂᎾᏰᎪᎢ,wayha yituniyohsi aninayeko'i
train,training_data/processed/sentence_audio/Sentence_for_entry_1297.wav,ᏞᏍᏗ ᏥᎯᏃᎮᏟ ᏄᎵᏍᏔᏂᏙᎸᎢ,lhehsti tsihinhohelhi nulhsthanitolv'i
train,training_data/processed/sentence_audio/Sentence_for_entry_1296_01.wav,ᎧᏃᎮᏓ ᎧᏃᎮᏍᎩ ᎧᏃᎮᏓ ᎧᏃᎮᎭ,khanoheta khanohehski khanoheta khanoheha
train,training_data/processed/sentence_audio/Sentence_for_entry_0771.wav,ᎠᏂᏴᏫᏯ ᎠᎹᏰᏟ ᎠᏁᎯᏯ,aniyvwiya amayelhi anehiya
train,training_data/processed/sentence_audio/Sentence_for_entry_1661.wav,ᎤᎾᎦᏑᏘ ᎠᏂᎾᏰᎩ,unakhsuthi aninayeki
train,training_data/processed/sentence_audio/Sentence_for_entry_0643.wav,ᏗᎪᏍᏓᏯ ᏚᏑᎦᏢ ᎬᏗ ᏚᏄᎪᏒ ᏪᏌ,tikohstaya tuhsuhkalhv kvhti tunhukohsv wehsa
train,training_data/processed/sentence_audio/Sentence_for_entry_0965.wav,ᎦᏄᎸ ᎠᎦᎵᏍᎦ,kanulv akalhska
train,training_data/processed/sentence_audio/Sentence_for_entry_1442.wav,ᏍᎪᎯᏁ ᏐᎢ ᎧᎴᏍᏗ ᏛᎦᎷᏥ,skohine hso'i kha'lehsti tvkaluhtsi
train,training_data/processed/sentence_audio/Sentence_for_entry_0293.wav,ᎠᏧᏣᏊ ᏥᎨᏒ ᎤᎦᏙᎲᏒᎢ,atshutsakwu tsikehsv ukhthohvhsv'i
train,training_data/processed/sentence_audio/Sentence_for_entry_1394.wav,ᏗᎦᎨᏗ ᎨᏒ ᏗᏌᎳᏙᏗ ᏅᏯ ᎩᎶ ᏃᏍᏕᎵᏍᎬᎾ ᏱᎩ,tikaketi kehsv tihsaltoti nvya khilo nohstelihskvna yiki
train,training_data/processed/sentence_audio/Sentence_for_entry_1133_02.wav,ᎯᎳ ᎢᎪᎯᏓ ᏨᏙᏗ ᏣᏚᎵ,hila ikohita tsvhtohti tsatuli
train,training_data/processed/sentence_audio/Sentence_for_entry_0276.wav,ᎯᎠ ᎠᎳᏍᎦᎵᏍᎩ ᎠᎦᏍᎦᏂᏓ,hi'a alahskalihski akhskanita
train,training_data/processed/sentence_audio/Sentence_for_entry_0128.wav,ᎠᎨ ᏫᏓᎨᏙᎵ ᏞᎦ,ake witaketoli lheka
train,training_data/processed/sentence_audio/Sentence_for_entry_1595.wav,ᏦᎵᎩᏍ ᎤᎬᏫᏳᎯ,tsolhkihs ukvwiyuhi
train,training_data/processed/sentence_audio/Sentence_for_entry_0303_01.wav,ᎠᎳᏍᏓᎡᏍᎬ ᎤᏢ ᎢᎾᏓ,alahsta'ehskv ulhv inata
train,training_data/processed/sentence_audio/Sentence_for_entry_0181.wav,ᏓᏆᎴᎳ ᎬᏗ ᎤᏩᏂᎳ ᏔᎷᎩᏍᎩ ᎨᏛ ᎤᏟᏴᏈᏛᏅᎢ,takwalela kvhti uwanhila thalukihski kethv ulhiyvhkwitvnv'i
train,training_data/processed/sentence_audio/Sentence_for_entry_0359.wav,ᎠᎹᏳᏟᏗ ᏓᎩᎾᏩᏛᎲ ᎯᎠ ᏗᎳᏑᎶ,amayulhti takinawhthvhv hi'a tilahsulo
train,training_data/processed/sentence_audio/Sentence_for_entry_0229.wav,ᎯᎳ ᏳᏓᏅᎯᏓ ᎡᎵᏊ ᏯᏳᎢᏄᎦ,hila yutanvhita elikwu yhayhu'inuka
train,training_data/processed/sentence_audio/Sentence_for_entry_1373.wav,ᏕᎦᎳᏅᏛ ᏱᏚᏁᏍᏓᎳᏓ ᏃᏯ ᎠᏂᎳᎨᏯᏛᏍᎪᎢ ᏅᏃᎯ ᏧᏂᎸᏫᏍᏓᏁᎯ,tekalanvtv yitunehstalata noya anilakeytvhsko'i nvnohi tsunilvwhihstanehi
train,training_data/processed/sentence_audio/Sentence_for_entry_1570.wav,ᎤᏚᏚ ᎧᏃᎮᏢᏍᎬ ᎤᏛᏓᏍᏗ ᎠᏧᏣ,ututu khanohelhvhskv uthvtahsti atshutsa
train,training_data/processed/sentence_audio/Sentence_for_entry_1125.wav,ᎡᎵᏊ ᏔᎵ ᎢᏳᏔᏬᏍᏔᏅ ᏱᎨᏓ ᎠᎹᏱ ᎭᏫᏂ,elikwu thali iyuthawohsthanv yiketa amayi hawini
train,training_data/processed/sentence_audio/Sentence_for_entry_0283_02.wav,ᏫᏄᎷᏨᎾᏊ ᎤᎦᏔᎲᏍᏗ ᎤᏚᎸᎲᎢ,winuluhtsvnakwu ukhthahvhsti utulvhv'i
train,training_data/processed/sentence_audio/Sentence_for_entry_1153.wav,ᏯᏙᎵ ᏍᏚᏗ ᎬᏙᎠ ᏫᎦᎶᎯᏍᏗ ᏧᏪᏅᏒ ᏲᎦ,yhahtholi hstuti khtho'a wikalohihsti tsuwenvhsv yoka
train,training_data/processed/sentence_audio/Sentence_for_entry_0525_01.wav,ᏗᏂᏲᏟ ᏍᏆᏞᏍᏗ ᏓᎾᏁᎶᎲᏍᎦ,tiniyolhi hskwalhehsti tananelohvhska
train,training_data/processed/sentence_audio/Sentence_for_entry_1774.wav,ᎪᎱᏍᏗ ᎤᏴᏍᏗ ᎤᏩᏩᏒᎦ ᎠᏗᎭ,kohuhsti uyhvhsti uwawhsvka atiha
train,training_data/processed/sentence_audio/Sentence_for_entry_0593.wav,ᏚᎳᏑᎳᎢᏴᏒ ᏗᎦᏅᎯᏗ ᎨᏒ ᎢᏳᏍᏗ ᏚᎳᏑᏢ,tulahsula'iyvhsv tikanvhiti kehsv iyuhsti tulahsulhv
train,training_data/processed/sentence_audio/Sentence_for_entry_1504.wav,Ꮩ ᏂᏣᏛᎦ ᏚᏬᏎᎳ ᎡᏝᏪ ᏄᎾᎵᏍᏔᏅᎢ,tho nitsatvka tuwohsela elhawe nunalihsthanv'i
train,training_data/processed/sentence_audio/Sentence_for_entry_1682_02.wav,ᎦᏙ ᎤᎵᏍᏓᏁ Ꮎ ᎩᏟ,kato ulhstanhe na kilhi
train,training_data/processed/sentence_audio/Sentence_for_entry_0194.wav,ᏩᎦ ᎦᏁᎦ ᎪᏢᏔᏅ ᎠᎿᏬ ᎠᎩᎾᎠ,wahka kaneka kolhvhthanv anhawo akina'a
train,training_data/processed/sentence_audio/Sentence_for_entry_0701.wav,ᏗᎧᏃᏩᏛᏍᏗ ᏱᏚᏂᏲᏍᏔᎾ ᎢᎦᏓ ᎬᏩᎩᏘ ᎾᎾᏛᏁᎰᎢ,tikhanowatvhsti yituniyohsthana ikata kvwakhthi nanatvneho'i
train,training_data/processed/sentence_audio/Sentence_for_entry_1800.wav,ᎤᏬᏰᏂ ᎬᏗ ᎤᏲᎵᎸᎢ,uwoyeni kvhti uyolilv'i
train,training_data/processed/sentence_audio/Sentence_for_entry_1732_02.wav,ᎤᏍᎦᏃᎵ ᎦᎶᎯ ᏂᎬᏩᏍᏗ ᎪᎯ ᎢᎦ,uhskanoli kalohi nikvwhsti khohi ika
train,training_data/processed/sentence_audio/Sentence_for_entry_1436.wav,ᎯᎳ ᎢᎦ ᏎᎷ ᏕᎭᏛᎯᏍᏓ ᎪᎯ ᎪᎩ,hila ika hselu tehathvhihsta khohi koki
train,training_data/processed/sentence_audio/Sentence_for_entry_0195.wav,ᎢᏤ ᎦᏌᎴᏂ ᎠᏥᏅᏁᎸ ᎠᏎᏃ Ꮭ ᏳᎿᏬᎡᎢ,itse kahsaleni atsinvnelv ahsenho lha yunhawo'e'i
train,training_data/processed/sentence_audio/Sentence_for_entry_0122.wav,ᎪᎩ ᏱᏄᎵᏍᏔᎾ ᎠᎦᎾᏬᏍᎪᎢ,koki yinulhsthana akanawohsko'i
train,training_data/processed/sentence_audio/Sentence_for_entry_1303.wav,ᎦᏟᏓ ᎬᏗ ᏓᏲᎯᎭ ᎧᏄᎾ,kalhita kvhti tayohiha khanuna
train,training_data/processed/sentence_audio/Sentence_for_entry_1630.wav,ᎦᏙ ᎤᏍᏗ ᎤᏲᎷᎭ ᎠᎹᏱ,kato uhsti uyholuha amayi
train,training_data/processed/sentence_audio/Sentence_for_entry_1065.wav,ᏣᎸᏉᏗᏍ ᎪᎳ,tsalvkwhtihs kola
train,training_data/processed/sentence_audio/Sentence_for_entry_1746.wav,ᎠᎹ ᏧᏪᏓᏍᏗ ᏧᏒᏙᏂ ᏚᏁᏍᏓᎳᏛ ᎤᏒ ᏥᎨᏒᎢ,ama tsuwetahsti tsuhsvtoni tunehstala'tv uhsv tsikehsv'i
train,training_data/processed/sentence_audio/Sentence_for_entry_1272.wav,ᎤᏎᎦᏨ ᎤᎿᎷᏒᎢ ᎣᏓᎸᎢ,uhsekatsv unhaluhsv otalv'i
train,training_data/processed/sentence_audio/Sentence_for_entry_1171.wav,ᎯᎠ ᎠᏍᎦᏯ ᎢᎬᏱ ᎦᏬᏂᏍᎩ,hi'a ahskaya ikvyi kawonihski
train,training_data/processed/sentence_audio/Sentence_for_entry_0873.wav,Ꮎ ᎦᎵᏦᎯᏓ ᎠᏍᎦᏯ ᎠᏁᎵᏗ ᎤᏓᎨᏒ ᎤᏲᎱᏎᏗᎢ,na kaltsohita ahskaya anelhti utakehsv uyohuhsehti'i
train,training_data/processed/sentence_audio/Sentence_for_entry_1096_01.wav,ᎦᏅᏆᎶᏍᏗ ᎬᏗ ᎤᏩᏂᎸ ᏴᎩ,kanvkwalohsti kvhti uwanhilv yvki
train,training_data/processed/sentence_audio/Sentence_for_entry_1205.wav,ᏥᎩᎵᎵ ᏱᏂᎦᏪ ᎠᏓᏁᎸ ᎾᎥ ᎩᎶ ᏓᎦᎷᏥ ᎠᎾᏗᏍᎪ ᎠᏂᏣᎳᎩ,tsikilili yinikawe atanelv na'v khilo takaluhtsi anatihsko anitsalaki
train,training_data/processed/sentence_audio/Sentence_for_entry_0617.wav,ᎠᏕᎳ ᎠᎦᏘᏱ ᎠᏕᎳ ᏓᏎᎯᎭ,atela akhthiyi atela tahsehiha
train,training_data/processed/sentence_audio/Sentence_for_entry_0487.wav,ᎦᏙ ᏥᏣᎸᏉᏗ ᏣᏘᏲᏍᏗ,kato tsitsalvkwhti tsathiyohsti
train,training_data/processed/sentence_audio/Sentence_for_entry_0592.wav,ᏗᏤ ᏗᎳᏑᎶ ᏧᎳᏑᏢᏗ ᎤᏚᎵ ᏫᎵ,titse tilahsulo tsulahsulhti utuli wili
train,training_data/processed/sentence_audio/Sentence_for_entry_0188.wav,ᎣᎩᏅᏌ ᎣᎩᎾᎳᏍᎦᎸᎭ ᏥᏠᏒᎢ,okinvhsa okinalahskalvha tsilhohsv'i
train,training_data/processed/sentence_audio/Sentence_for_entry_0918.wav,ᎯᎳ ᎢᎦ ᎤᏅᏓ ᏣᏁᎯᏰᎢ,hila ika unvta tsanehiye'i
train,training_data/processed/sentence_audio/Sentence_for_entry_0974.wav,ᎦᏅᏆᎶᏍᎩ ᎣᏍᏓ ᏂᏓᏅᏁᎰ ᏐᏈᎵ ᏧᎾᎳᏑᎶ,kanvkwalohski ohsta nitanvneho hsokwili tsunalahsulo
train,training_data/processed/sentence_audio/Sentence_for_entry_0481.wav,ᏞᏍᏗ ᏱᏍᎦᎮᏍᏗ ᏣᏔᏲᏍᏗᎢ,lhehsti yhihskahehsti tsthayohsti'i
train,training_data/processed/sentence_audio/Sentence_for_entry_1401.wav,Ꮎ ᎠᏍᎦᏯ ᎣᎦᎾ ᏓᏌᏛᎥᏍᎪᎢ,na ahskaya okana tahsatvhsko'i
train,training_data/processed/sentence_audio/Sentence_for_entry_1696.wav,ᏓᏆᎴᎳ ᎦᎾᏌᏁᏍᎬ ᏚᎵᎦᎵᏒ ᎤᎾᏓᏕᏒᏓ,takwalela kanhsanehskv tulikalhsv unatatehsvta
train,training_data/processed/sentence_audio/Sentence_for_entry_1637.wav,ᏞᏍᏗ ᏥᏣᏴᏥᏅᏘᏏ,lhehsti tsitsayhvtshinvtsi
train,training_data/processed/sentence_audio/Sentence_for_entry_0381.wav,ᏦᎳᏂ ᎯᏌᎳᏛᎦ,tsola'ni hihsalatvka
train,training_data/processed/sentence_audio/Sentence_for_entry_0023.wav,ᎤᏍᏆᏓ ᎪᏪᎵ ᏕᎪᏪᎵᏍᎬ ᎤᏓᏯᏍᏔᏅᎢ,uhskwa'ta kowheli tekowhelihskv utayhahsthanv'i
train,training_data/processed/sentence_audio/Sentence_for_entry_0555.wav,ᎪᎯᏓ ᏚᏪᏘᏅ ᎩᎳ ᏚᏓᏲᏒᎢ,kohita tuwethinv khila tutayohsv'i
train,training_data/processed/sentence_audio/Sentence_for_entry_0562.wav,ᎦᏍᎩᎶ ᏗᏟᎨᏍᎩ ᎤᏩᏌ ᏓᏟᎨᏍᎬ ᎤᎪᎲᎢ,kahskilo tilhihkehski uwahsa talhihkehskv ukohv'i
train,training_data/processed/sentence_audio/Sentence_for_entry_0691.wav,ᏧᏁᎿᎢ ᏥᏈᏍᏗ ᏧᎬᏩᎵᏗ ᏗᎿᏬ ᏚᏂᎾᎣᎢ,tsunenha'i tskwihsti tsukvwalhti tinhawo tunina'o'i
train,training_data/processed/sentence_audio/Sentence_for_entry_0518.wav,ᏐᏈᎵ ᎤᏂᏴᏍᏗ ᎤᏴᏔᏅ ᏐᏈᎵ,sokwili uniyvhsti uyhthanv hsokwili
train,training_data/processed/sentence_audio/Sentence_for_entry_0423.wav,ᎤᏬᏚᎯ ᎤᎵᏑᏫᏒ ᎠᎿᏬ ᎠᏍᎪᎸᎦ,uwotuhi ulhsuwhihsv anhawo ahskolvka
train,training_data/processed/sentence_audio/Sentence_for_entry_0994.wav,ᏂᎪᎯᎸ ᎦᏍᎩᎸ ᎦᏟᎰ Ꮎ ᏪᏌ,nikohilv kahskilv kalhiho na wehsa
train,training_data/processed/sentence_audio/Sentence_for_entry_0659.wav,ᎤᏛᏐᏅ ᏗᏓᏅᏙᏍᏗ ᏕᎦᏅᎦᎵᎭ,uthvhsonhv titanhthohsti tekanvkaliha
train,training_data/processed/sentence_audio/Sentence_for_entry_1230.wav,ᎦᎸᎳᏗ ᏧᎬᏩᎶᏗ ᎢᎨᏎᏍᏗ Ꮭ ᏱᏛᎩᏩᏏ ᏓᏆᎴᎳ,kalvlti tsukvwalhti ikehsehsti lha yitvkhiwahsi takwalela
train,training_data/processed/sentence_audio/Sentence_for_entry_0059.wav,ᎠᏓᏫ ᏧᏙᎢᏓ ᎠᏍᎦᏯ ᎤᏚᎵ ᏍᏓᏟᏃᎮᏗ,atawi tsuto'ita ahskaya utuli hstalhinohehti
train,training_data/processed/sentence_audio/Sentence_for_entry_1139.wav,ᎢᎦᏓ ᏴᏫ Ꮭ ᎢᎸᎯᏳ ᏧᎾᏓᏍᏚᏗ ᎤᏂᏴᏢ ᏱᎨᏐᎢ,ikata yvwi lha ilvhiyu tsunatahstuti uniyvlhv yikehso'i
train,training_data/processed/sentence_audio/Sentence_for_entry_1385.wav,ᏅᏓᎩ ᏩᏇᏙᎸ ᏙᎢ ᎨᏙᎲ ᎢᎪᎯᏓ,nvtaki wakwetolv tho'i ketohv ikohita
train,training_data/processed/sentence_audio/Sentence_for_entry_1212.wav,ᏥᏍᏉᏉ ᎩᎦᎨ ᎨᏐ ᎦᏁᏥᎢ,tsihskwokwo kikake kehso kanetsi'i
train,training_data/processed/sentence_audio/Sentence_for_entry_1228.wav,Ꮎ ᏗᎦᎶᎩᏍᎩ ᏧᎦᎾᏕᎾ ᎠᏫᏍᎦ,na tikalokihski tsukanhtena awhihska
train,training_data/processed/sentence_audio/Sentence_for_entry_0924.wav,ᎦᏁᎵᏍ ᏍᏓᎵᎢ,kanelihs hstali'i
train,training_data/processed/sentence_audio/Sentence_for_entry_1324_01.wav,ᎩᎳ ᎤᏒ ᎠᎩᏢᏅ ᎤᏒ ᏥᎨᏒᎢ,khila uhsv akilhvnhv uhsv tsikehsv'i
train,training_data/processed/sentence_audio/Sentence_for_entry_0175.wav,ᏥᏳ ᏗᏁᏟᏙᏗ ᎤᎸᏉᏓ ᎤᏝᏫᏘᏙᏗ,tsiyu tinelhtohti ulvkwhta ulhawithtohti
train,training_data/processed/sentence_audio/Sentence_for_entry_0491.wav,Ꮎ ᎠᏍᎦᏯ ᏥᎦᏬᏂ ᎠᎹᏰᏟ ᎤᎬᏫᏳᎯ ᏱᎦᎵᏍᏗᏍᎩ ᎠᏙᎩᏯᏍᎩ,na ahskaya tsikawoni amayelhi ukvwiyuhi yikalhstihski athohkiyahski
train,training_data/processed/sentence_audio/Sentence_for_entry_0654.wav,ᎢᎦᏓ ᏓᏤᎵᏍᏛ ᏧᏓᎿᏫᏓ ᏕᎨᏙᎢ,ikata tatselihstv tsutanhawita teketho'i
train,training_data/processed/sentence_audio/Sentence_for_entry_0536.wav,ᎦᎵᏦᏕ ᎠᎩᏴᏢ ᎤᎦᎿᏂᏝ,kalhtsote akiyvlhv ukanhanilha
train,training_data/processed/sentence_audio/Sentence_for_entry_1143_01.wav,ᏳᎦᎿᎾ ᏝᏬᏚᎯ ᏂᏕᎦᎵᏍᏗᏍᎪ ᏕᎦᏅᏅᎢ,yukanhana lhawothuhi nitekalhstihsko tekanvnhv'i
train,training_data/processed/sentence_audio/Sentence_for_entry_0987.wav,ᎦᏌᏆᎸ ᎦᏍᎩᎶ ᎠᎵᏍᏓᏴᏗ ᎤᏂᏍᎩᎳ ᏧᏁᏅᏒᎢ,kahsakwalv kahskilo alhstayhti unihskila tsunenvhsv'i
train,training_data/processed/sentence_audio/Sentence_for_entry_0540.wav,ᎦᏙ ᎠᎾᏛᏁ ᎠᏂᏴᏫ,kato anatvne aniyvwi
train,training_data/processed/sentence_audio/Sentence_for_entry_1059.wav,ᏏᏆ ᎭᏫᏯ ᏥᏈᏍᏗ ᎪᎢ ᎠᏙᏢᎾᏗᏍᎪᎢ,sihkwa hawiya tskwihsti ko'i atolhvntihsko'i
train,training_data/processed/sentence_audio/Sentence_for_entry_1221.wav,ᏦᎢᏁ ᎢᎦ ᏥᎨᏒ ᎬᏩᏂᎩᏓ,tso'ine ika tsikehsv kvwanhikita
train,training_data/processed/sentence_audio/Sentence_for_entry_1657.wav,ᎤᎨᏓᎵᏴ ᎠᏓᏁᎳ ᏧᏪᏅᏒᎢ,ukhetaliyv atanela tsuwenvhsv'i
train,training_data/processed/sentence_audio/Sentence_for_entry_0888.wav,ᎯᏍᎩ ᎢᏳᏩᏂᎸ ᎦᎷᎪᎢ,hihsk iyuwanhilv ka'luhko'i
train,training_data/processed/sentence_audio/Sentence_for_entry_1165.wav,ᏦᎢ ᎢᎦᏒᏘ ᎠᏓ ᏗᎩᏩᎯᏍᏗ ᎠᏆᏚᎵᎭ,tso'i ikahsvthi ata tikhiwahihsti akwatuliha
train,training_data/processed/sentence_audio/Sentence_for_entry_0027.wav,ᎦᎸᏉᏗ ᎪᏪᎵ ᎠᏍᎦᎦ ᎠᏓᏲᏁᏗ,kalvkwhti kowheli ahskaka atayhonehti
train,training_data/processed/sentence_audio/Sentence_for_entry_0692.wav,ᎯᎳ ᎢᎦ ᏗᎿᏬᏍᏙᏗ ᏕᏣᏚᎵᎭ,hila ika tinhawohstohti tetsatuliha
train,training_data/processed/sentence_audio/Sentence_for_entry_1445.wav,ᏍᏆᏂᏤᏍᏛ ᏭᏪᏙᎸ ᏙᎢ ᎡᏙᎲ ᎢᎪᎯᏓ,skwantsehstv wuwetolv thohi etohv ikohita
train,training_data/processed/sentence_audio/Sentence_for_entry_1767.wav,ᎠᏂᏩᏒᎩᏍ ᎤᏅᏂᏒ ᏕᏣᎭ,aniwhsvkihs unvnhsv tetsaha
train,training_data/processed/sentence_audio/Sentence_for_entry_1217.wav,ᏥᏳᎪᏗ ᏫᎶᎯ,tsiyukhti whilohi
train,training_data/processed/sentence_audio/Sentence_for_entry_0085.wav,ᎦᏙ ᎤᏍᏗ ᎠᏗᏔᏍᏗ ᏣᏚᎵ,kato uhsti atithahsti tsatuli
train,training_data/processed/sentence_audio/Sentence_for_entry_1575.wav,ᎤᎵᎪᎲᏍᏗ ᎢᏴ ᏧᎦᎶᎦ ᏧᏓᎴᏅᏓ ᏧᎵᏑᏫᏓ ᏂᏙᏓᎦᎵᏍᏔᏂ,ulikohvhsti iyv tsukaloka tsutalenhvta tsulhsuwhita nitotakalhsthani
train,training_data/processed/sentence_audio/Sentence_for_entry_0396_01.wav,ᎯᏍᏚᎲᎦ ᎦᎶᎯᏍᏗᎢ,hihstuhvka kalohihsti'i
train,training_data/processed/sentence_audio/Sentence_for_entry_0815.wav,ᏗᎦᏚᎵᏓ ᏂᏚᎵᏍᏔᎾ ᏗᏓᏟᎶᏍᏔᏅ ᏚᏲᏨᎢ,tikatulita nitulhsthana titalhilohsthanv tuyotsv'i
train,training_data/processed/sentence_audio/Sentence_for_entry_0769.wav,ᎯᏍᎩ ᏧᏕᏘᏴᏓ ᎡᎲ ᏓᎵᏆ,hihski tsutethiyvta ehv talikwa
train,training_data/processed/sentence_audio/Sentence_for_entry_0627.wav,ᏓᏬᎵᏳᏍᏗ ᎬᏗ ᎤᏍᏚᏅᎢ ᏒᏙᏂ ᎬᎫᏍᎬᎢ,tawoliyuhsti kvhti uhstunhv'i hsvtoni kvkuhskv'i
train,training_data/processed/sentence_audio/Sentence_for_entry_0325_02.wav,ᏧᎾᏓᏍᏚᏗ ᎠᏯᎥ ᎤᎵᏘᏒᎢ,tsunatahstuti aya'v ulthihsv'i
train,training_data/processed/sentence_audio/Sentence_for_entry_1095.wav,ᎦᎵᏦᏕ ᎦᎵᏦᏛ ᎬᎫᏍᎪ ᏳᎦᎿᎾ,kalhtsote kalhtsothv kvkuhsko yukanhana
train,training_data/processed/sentence_audio/Sentence_for_entry_0333.wav,ᎠᎵᏍᏓᏴᏗ ᎤᏓᎾᏁᏒᎲᏍᏗ ᎤᏚᎵᎭ,alhstayhti utananehsvhvhsti utuliha
train,training_data/processed/sentence_audio/Sentence_for_entry_0513.wav,ᎯᎳ ᎠᏯᏙᏢ ᎯᎪᎵᏰᎠ,hila ayatholhv hikoliye'a
train,training_data/processed/sentence_audio/Sentence_for_entry_1257.wav,ᎣᎩᎾᎵᎢ ᏧᏪᏅᏒ ᏫᏓᎨᏙᎵ,okinali'i tsuwenvhsv witaketoli
train,training_data/processed/sentence_audio/Sentence_for_entry_0435.wav,ᏔᎹᏟ ᎤᏩᏂᏒ ᎠᏍᏆᏄᏥᎦ,thamalhi uwanhsv ahskwanutska
train,training_data/processed/sentence_audio/Sentence_for_entry_1252.wav,ᏧᎾᎵᏍᏓᏴᏗ ᎠᏥᎾᏝᎢ ᎣᎩᎾᎵᎢ,tsunalhstayhti atsinalha'i okinali'i
train,training_data/processed/sentence_audio/Sentence_for_entry_1593.wav,ᏣᎳᎩᏍ ᎤᎬᎭᏝ Ꮎ ᎠᏍᎦᏯ,tsalakihs ukvhalha na ahskaya
train,training_data/processed/sentence_audio/Sentence_for_entry_0043.wav,ᎦᏙ ᎤᏍᏗ ᎭᏓᏅᏖᎭ,kato uhsti hatanhtheha
train,training_data/processed/sentence_audio/Sentence_for_entry_1335.wav,ᎪᏍᏚ ᎯᎳᎩ ᎣᏏᎢ,khohstu hilaki ohsi'i
train,training_data/processed/sentence_audio/Sentence_for_entry_1195.wav,ᎥᏍᎩ ᎢᏳᏍᏗ ᎠᏆᏚᎵᎭ,vhski iyuhsti akwatuliha
train,training_data/processed/sentence_audio/Sentence_for_entry_0064.wav,ᎠᎯᏓᏍ ᎠᏕᏠᏆᏍᏗ ᏣᎳᎩ ᎦᏬᏂᎯᏍᏗ,ahitahs atelhohkwahsti tsalaki kawonihihsti
train,training_data/processed/sentence_audio/Sentence_for_entry_0083.wav,ᏗᎾᏓᏂᏱᏍᎩ ᏚᎪᎭ ᏗᏓᎯᎯ ᎤᏗᏍᎦᏝᏅᎢ,tinataniyihski tukoha titahihi utihskalhanv'i
train,training_data/processed/sentence_audio/Sentence_for_entry_1333.wav,ᏍᎩᎦᏘᏰᏍᏗ ᎪᎯᏴ ᏛᏥᎷᏥ,skikhthiyehsti khohiyv tvtsiluhtsi
train,training_data/processed/sentence_audio/Sentence_for_entry_0107.wav,ᎯᏲᎵᎩᏍ ᎩᎶ ᎠᏙᏂᏍᎩ ᎠᏕᏠᏆᏍᎩ,hiyolikihs khilo atonihski atelhohkwahski
train,training_data/processed/sentence_audio/Sentence_for_entry_1580_02.wav,ᎣᏏ ᎾᎥ ᎤᏬᏝ ᎤᎦᎾᏬᏍᎦ,ohsi na'v uwolha ukanawohska
train,training_data/processed/sentence_audio/Sentence_for_entry_1614.wav,ᏅᏯ ᎤᏔᎾ ᎠᎲ ᎤᎿᏍᏆᎶᎥᎢ,nvya uthana ahv unhahskwalo'v'i
train,training_data/processed/sentence_audio/Sentence_for_entry_0865.wav,ᏧᏪᏥ ᏧᎩᏍᏗ ᎤᎸᏉᏗ ᎦᎴᎦ,tsuwetsi tsukihsti ulvkwhti kaleka
train,training_data/processed/sentence_audio/Sentence_for_entry_1819.wav,ᎥᏍᎩᏱ ᎧᎸ ᎨᏐ ᏓᏂᏍᏓᏲᎯᎲᎢ,vhskhiyhi kha'lv kehso tanihstayohihv'i
train,training_data/processed/sentence_audio/Sentence_for_entry_1279.wav,ᎧᎾᏍᏕᏢᏗ ᎯᏃᏢ ᎯᎷᏨᎢ,khanahstelhti hinolhv hi'luhtsvhi
train,training_data/processed/sentence_audio/Sentence_for_entry_0685.wav,ᏗᎪᏏᏐᏗ ᎤᏔᏲᏢ ᎦᎸᏉᏗ ᎪᏪᎵ ᎤᎪᎵᏰᎠ,tikohsihsohti uthayolhv kalvkwhti kowheli ukoliye'a
train,training_data/processed/sentence_audio/Sentence_for_entry_0663.wav,ᏗᎾᏓᏍᏙᏰᏍᎩ ᏧᎾᏕᏠᏆᏍᏗ ᏚᏕᏠᏆᎥᎢ,tinatahstoyehski tsunatelhohkwahsti tutelhohkwa'v'i
train,training_data/processed/sentence_audio/Sentence_for_entry_1518.wav,Ꮭ ᏯᏆᏅᏖ ᎤᏓᏂᎳᎨ ᎨᏒᎢ,lha yakwanhthe utanhilke kehsv'i
train,training_data/processed/sentence_audio/Sentence_for_entry_1620.wav,ᎦᏳᎳᏍ ᏣᏂᎭ,kayulahs tsanhiha
train,training_data/processed/sentence_audio/Sentence_for_entry_0664.wav,ᏣᏴᏢᎢᏍ ᏧᎾᏓᏍᏚᏗ,tsayvlhv'ihs tsunatahstuti
train,training_data/processed/sentence_audio/Sentence_for_entry_1275.wav,ᏅᏯ ᎬᏗ ᏕᎬᏂᎲ ᏚᎿᎸᏍᏔᏅ ᎧᎾᏥᏍᏕᏥ,nvya kvhti tekvnhihv tunhalvhsthanv khantsihstetsi
train,training_data/processed/sentence_audio/Sentence_for_entry_0520_02.wav,ᎡᎳᏗ ᏩᏯ ᏗᎪᏪᎶᏗ,elati waya tikowheloti
train,training_data/processed/sentence_audio/Sentence_for_entry_1690.wav,ᏍᏓᏱ ᎠᎪᏩᏛᏗ ᎤᎵᏏᎬ ᎩᎶ ᎤᎵᏏᎩ ᏳᏄᏩ,stayi akowhahthvhti ulhsihkv khilo ulhsihki yunhuwa
train,training_data/processed/sentence_audio/Sentence_for_entry_0362.wav,ᏥᏈᏍᏓ ᏴᏫ ᎠᎾᏓᏟᏏᎭ ᏗᎦᏚᎲ ᎪᎯ ᎢᎦ,tskwihsta yvwi anatalhihsiha tikatuhv khohi ika
train,training_data/processed/sentence_audio/Sentence_for_entry_0946_01.wav,Ꮎ ᎩᏟ ᎯᏂᏯ,na kilhi hiniya
train,training_data/processed/sentence_audio/Sentence_for_entry_0273.wav,ᎠᏂᏥᎸᏍᎩ ᏧᏩᎪᏗ ᎠᎪᏕᎠ,anitsilvhski tsuwakhohti akhote'a
train,training_data/processed/sentence_audio/Sentence_for_entry_1711.wav,ᎪᎯᏓ ᎠᎲ ᎦᏙᎯ ᎤᏅᏥ,kohita ahv katohi unhtsi
train,training_data/processed/sentence_audio/Sentence_for_entry_1134.wav,ᎯᎳᏴ ᏫᎬᏩᏛᎯᏓᏍᏗ ᏣᏚᎵᎭ,hilayv wikvwhthvhitahsti tsatuliha
train,training_data/processed/sentence_audio/Sentence_for_entry_0809_01.wav,ᎦᏙ ᎤᏍᏗ ᎯᎪᏩᏘᎭ ᎢᏤᎢᏳᏍᏗ ᏗᎪᏪᎶᏗ,kato uhsti hikowhahthiha itse'iyuhsti tikowheloti
train,training_data/processed/sentence_audio/Sentence_for_entry_1755.wav,ᎤᏥᏆᎸᏛ ᎤᎵᏍᏆᎵᏎᎸ ᏡᎬ ᏙᏧᎵᏔᏗᎾ,utskwalvthv ulhskwalhselv lhkv totsulhthatina
train,training_data/processed/sentence_audio/Sentence_for_entry_1371.wav,ᏧᏯᏖᎾ ᏓᏃᏢᏗᏍᎪᎢ ᏃᏥ,tsuyhahthena tanolhvhtihsko'i nohtsi
train,training_data/processed/sentence_audio/Sentence_for_entry_0957.wav,ᎦᏃᏍᎩᏍᎩ ᎠᏥᏩᏛᏔᏅ ᎦᏃᏍᎩᏍᎬᎢ,kanohskihski atsiwahthvhthanv kanohskihskv'i
train,training_data/processed/sentence_audio/Sentence_for_entry_1625.wav,ᎤᏅᏏᏴ ᏩᎴᎲᎦ,unhvhsiyv whalehvka
train,training_data/processed/sentence_audio/Sentence_for_entry_0831.wav,ᏂᎯ ᎦᎵᏉᎩᏁ ᎨᏎᏍᏗ,nihi kalhkwokine kehsehsti
train,training_data/processed/sentence_audio/Sentence_for_entry_0682.wav,ᎢᎦᏓ ᏗᎦᏘᏍᏗ ᏓᏅᏗᏍᎪ ᏥᏍᏛᎾ ᏱᏚᏂᏯᎳ,ikata tikathihsti tanhtihsko tsihstvna yituniyhala
train,training_data/processed/sentence_audio/Sentence_for_entry_0060.wav,ᏣᎸᏉᏗᏍ ᏣᏓᏬᏍᏗ,tsalvkwhtihs tsatawohsti
train,training_data/processed/sentence_audio/Sentence_for_entry_1528.wav,ᎣᏏᏊᏛ ᎠᏆᏓᏅᏔ ᏃᏊ,ohsikwutv akwatanhtha nokwu
train,training_data/processed/sentence_audio/Sentence_for_entry_0893.wav,ᎭᏢ ᏗᎦᏓᎭ ᏗᎿᏬ ᏗᎦᎸᏙᏗ,halhv tikataha tinhawo tikalvtohti
train,training_data/processed/sentence_audio/Sentence_for_entry_0545.wav,ᏧᎦᏍ ᏗᎯᏍᏙᏗ ᏣᏁᎭ,tshuhkahs tihihstohti tsaneha
train,training_data/processed/sentence_audio/Sentence_for_entry_1707.wav,ᎤᏁᎬᎭ ᏂᏛᎩᎾᏫᏘᏗ ᎠᏋᎨᏫᏒᎢ,unekvha nitvkinawithti akwvkhewhsv'i
train,training_data/processed/sentence_audio/Sentence_for_entry_0995.wav,ᎠᎹ ᎦᏍᏉᎢᎭ Ꮎ ᎦᏚᎵᏓ ᎠᎿᏬ ᏥᎦᏓ ᎠᏏᎳᏛᎢ,ama kahskwo'iha na katulita anhawo tsika'ta ahsila'tv'i
train,training_data/processed/sentence_audio/Sentence_for_entry_1596.wav,ᏍᎪᎯ ᎢᏳᏟᎶᏓ ᎦᏓ ᎤᎭ,skohi iyulhilota kata uha
train,training_data/processed/sentence_audio/Sentence_for_entry_1103.wav,ᎬᏃᏓᏍ Ꮎ ᎢᎾᏓ ᏥᎦᎾ,kvnhotahs na inata tsika'na
train,training_data/processed/sentence_audio/Sentence_for_entry_1295.wav,ᎧᏃᎨᏂ ᎤᎵᏍᏆᎵᏎᎸ ᎤᏅᏣ,khanokeni ulhskwalhselv unvtsa
train,training_data/processed/sentence_audio/Sentence_for_entry_1474.wav,ᎪᎱᏍᏗ ᎤᎵᏬᏨ ᎠᏂᏰᎠ ᏑᎵ,kohuhsti uliwhotsv aniyhe'a hsuli
train,training_data/processed/sentence_audio/Sentence_for_entry_1742.wav,Ꮎ ᏪᏌ ᏚᏑᎦᏢ ᏗᎪᏍᏓᏱ,na wehsa tuhsuhkalhv tikohstayi
train,training_data/processed/sentence_audio/Sentence_for_entry_0015_02.wav,ᎠᏓᎨ ᎠᏲᏟ ᎤᏅᏗᏊ ᎢᎦ ᎠᏗᏔᏍᎪᎢ,atake ayolhi unvtikwu ika atithahsko'i
train,training_data/processed/sentence_audio/Sentence_for_entry_0786.wav,ᎦᏥᏃᏍᏓ ᏳᏫᎦᏅᏁ ᎣᏏ ᏱᎨᏎ,katshinohsta yuwikanvnhe ohsi yikehse
train,training_data/processed/sentence_audio/Sentence_for_entry_0042.wav,ᎠᏓᏅᏙ ᏳᎴᏫᏍᏔᎾ ᎠᏲᎱᏍᎪ ᏴᏫ,atanhto yulewhihsthana ayohuhsko yvwi
train,training_data/processed/sentence_audio/Sentence_for_entry_0801_02.wav,ᎦᏙ ᏣᎵᏍᏓᏁᎭ ᏥᎸᏍᎦ,kato tsalhstanheha tsi'lvhska
train,training_data/processed/sentence_audio/Sentence_for_entry_0412.wav,Ꮭ ᎤᏍᎦᏅᎢᏍᏗ ᏳᏚᎵᎭ,tlha uhskanvhsti yutuliha
train,training_data/processed/sentence_audio/Sentence_for_entry_0854.wav,ᏚᎩᎶᎣᏂᏗ ᎠᏎ ᏕᎦᏨᏩᏍᏗᎭᎮᏃ ᏗᎿᏬ,tuhkilo'onhiti ahse tekatsvwahstihahenho tinhawo
train,training_data/processed/sentence_audio/Sentence_for_entry_1097.wav,ᎬᎮ ᏂᎦᏪᏍᎬ ᎠᏆᏛᎦᏅ ᎤᏒ ᏥᎨᏒᎢ,kvhe nikawehskv akwhthvkanv uhsv tsikehsv'i
train,training_data/processed/sentence_audio/Sentence_for_entry_0837.wav,ᏔᎷᎩᏍᎩ ᎦᎵᏦᏛᏙᏗ ᏚᏩᏍᎦ,thalukihski kalhtsothtohti tuwhahska
train,training_data/processed/sentence_audio/Sentence_for_entry_0852.wav,ᎦᏣᏄᎵ ᏓᏆᎴᎳ ᎤᎭ,katsanuli takwalela uha
train,training_data/processed/sentence_audio/Sentence_for_entry_1603.wav,ᎤᎯᏐᏛ ᎤᏁᎳᏓ,uhihsohtv unhelata
train,training_data/processed/sentence_audio/Sentence_for_entry_1581.wav,ᏔᎵᏁ ᎤᎦᏅᏓᏛ ᎪᏪᎳ ᎧᏃᎩᏍᏗ,thaline ukanhta'tv kowhela khanokihsti
train,training_data/processed/sentence_audio/Sentence_for_entry_0305.wav,ᎤᏬᏰᏂ ᎤᏪᎯᏍᏓᏁᎲ ᎢᏳᏍᏗ Ꮭ ᏳᎳᏍᎦᎸᎮᎢ,uwoyeni uwehihstanehv iyuhsti lha yulahskalvhe'i
train,training_data/processed/sentence_audio/Sentence_for_entry_0791.wav,ᏂᎯᏍ ᏦᏢᏁ ᎯᎠ ᎦᏓᎫᎫ,nihihs tsolhvnhe hi'a katakuku
train,training_data/processed/sentence_audio/Sentence_for_entry_0462.wav,ᎪᏍᏗ ᎤᏲ ᎠᏒᎦ,kohsti uyo ahsvka
train,training_data/processed/sentence_audio/Sentence_for_entry_0302.wav,ᏧᎩᏓᏟ ᏗᎦᏅᏗ ᏗᏈᏍᏙ ᏚᏂᎸᏉᏗ ᎠᏂᏣᎳᎩ,tsukitalhi tikanhti tikwhsto tunilvkwhti anitsalaki
train,training_data/processed/sentence_audio/Sentence_for_entry_1706.wav,ᏣᎦᏎᏍᏕᏍᏗ ᎩᏟᏍ ᎤᏁᎫᏥᏓ ᎤᏂᎾᏝᎢ,tsakhsehstehsti kilhihs unekutsita uninatlha'i
train,training_data/processed/sentence_audio/Sentence_for_entry_0163.wav,ᎠᏫ ᎭᏫᏯ ᎣᏍᏗ ᎠᎩᏍᏗ,awhi hawiya ohsti akihsti
train,training_data/processed/sentence_audio/Sentence_for_entry_0645.wav,ᎦᏙ ᎭᏛᏁ ᏕᎲᎩᎶᎠᏍ,kato hatvne tehvhkilo'ahs
train,training_data/processed/sentence_audio/Sentence_for_entry_0681.wav,ᏗᎦᏘᏗ ᏩᎩᏝ ᎦᏚ,tikathti wakilha katu
train,training_data/processed/sentence_audio/Sentence_for_entry_0543.wav,ᏣᏁᎳ ᎠᏕᎸ ᏘᎥᏏ,tshanela telv thi'vhsi
train,training_data/processed/sentence_audio/Sentence_for_entry_0469.wav,ᏣᏅᏔᏍ ᎢᏳᏍᏗ ᎨᏒ ᎠᏔᏝᏬᎯᏍᏗ,tsanhthahs iyuhsti kehsv athalhawohihsti
train,training_data/processed/sentence_audio/Sentence_for_entry_0575.wav,ᏓᏆᎸᏌᏛ ᏓᎩᎧᏁᎮᎭ,takwhalvhsa'tv takikhaneheha
train,training_data/processed/sentence_audio/Sentence_for_entry_0155.wav,ᎦᏚ ᎤᎦᎾᏍᏗ ᎠᎬᎭᎸᏓ ᏍᎬᏏ,katu ukanahsti akvhalvta hskhvhsi
train,training_data/processed/sentence_audio/Sentence_for_entry_0552.wav,ᏙᏛᏓᏂᎸᏥᏍ ᎮᎵ,totvtanilvtsihs heli
train,training_data/processed/sentence_audio/Sentence_for_entry_0989.wav,ᎦᏌᎾᎵ ᏓᏳᎴᏅᎲ ᎠᏓᏪᎳᎩᏍᎬ Ꮎ ᎦᎵᏦᏕ ᏧᎪᏅᎢ,kahsanali tayulenvhv atawelakihskv na kalhtsote tsukonhv'i
train,training_data/processed/sentence_audio/Sentence_for_entry_1057.wav,ᎦᎪ ᎤᏁᏍᏗ ᎪᏪᎵ ᎰᏪᎵᎠ,kako unehsti kowheli howheli'a
train,training_data/processed/sentence_audio/Sentence_for_entry_0495.wav,ᎪᎱᏍᏗ ᎠᏙᏯᏩᏍᎬ ᏥᎪᏩᏘᎭ,kohuhsti athoyawhskv tsikowhthiha
train,training_data/processed/sentence_audio/Sentence_for_entry_0519.wav,ᏣᏛᎦᏅᏍ ᏥᏔᎦ ᎠᎩᏌ ᎠᏴᎬᎢ,tsthvkanvhs tsithaka akihsa ayhkv'i
train,training_data/processed/sentence_audio/Sentence_for_entry_0922.wav,ᎦᏁᏥ ᎤᏩᏂᎸ ᏍᏆᏞᏍᏗ,kanetsi uwanhilv hskwalhehsti
train,training_data/processed/sentence_audio/Sentence_for_entry_0971.wav,ᏓᏆᏑᎦᏢ ᏕᏥᏅᎦᎵᎠ,takwahsuhkalhv tetsinvkali'a
train,training_data/processed/sentence_audio/Sentence_for_entry_0316.wav,ᎯᎳᏴ ᎡᎵᏊ ᏯᎴᎾ ᏕᏣᎸᏫᏍᏓᏁᎲ,hilayv elikwu yhalena tetsalvwhihstanehv
train,training_data/processed/sentence_audio/Sentence_for_entry_0914.wav,ᏑᏟᎶᏓ ᎢᎦ ᎤᏅᏗ ᎤᏁᎩᏒᎢ,sutlhilota ika unvti unekihsv'i
train,training_data/processed/sentence_audio/Sentence_for_entry_1269.wav,ᎧᎹᎹ ᎤᎩᎳ ᏣᏄᏮᎢ,khamama ukhi'la tsanhuwv'i
train,training_data/processed/sentence_audio/Sentence_for_entry_0875.wav,ᏧᏙᏓᏋᏓ ᎦᎶᎩᏍᎪ ᎤᏫᏒᏅᎢ,tsutotakwvta kalokihsko uwhihsvnv'i
train,training_data/processed/sentence_audio/Sentence_for_entry_1024.wav,ᏣᏁᎵᏔᏅᎢᏍ ᏐᏈᎵ ᎨᏯᏔᎯ ᎯᏴᏍᎳᏗᏍᏗᎢ,tsanelhthanvhs hsokwili keyhahthahi hiyhslhatihsti'i
train,training_data/processed/sentence_audio/Sentence_for_entry_0907.wav,ᎦᏌᎴᏂᏍ ᏘᎾᏫᏛᎯ,kahsalenihs thinawitvhi
train,training_data/processed/sentence_audio/Sentence_for_entry_0639_02.wav,ᎭᎳ ᎢᎦ ᏐᎯ ᏙᏛᏙᎯᏏ,hala ika hsohi tothvthohihsi
train,training_data/processed/sentence_audio/Sentence_for_entry_1133_03.wav,ᎯᎳ ᎠᏟᎢᎵ,hila alhi'ili
train,training_data/processed/sentence_audio/Sentence_for_entry_1495.wav,ᎦᏙ ᎤᏍᏗ ᏕᎰᏢᏗᏍᎪ ᏔᎷᏣ,kato uhsti teholhvhtihsko thalutsa
train,training_data/processed/sentence_audio/Sentence_for_entry_1864.wav,ᎪᎯᎩ ᏥᎨᏒ ᎠᏂᏴᏩᎩᏍᎩ ᏓᏂᏃᎮᏍᎬ ᎠᏂᏣᎳᎩ,kohiki tsikehsv aniyvwakihski taninhohehskv anitsalaki
train,training_data/processed/sentence_audio/Sentence_for_entry_0935.wav,ᎭᏢ ᏫᎦᎶᎯ Ꮎ ᎦᏅᏔᏂᏙᎯ,halhv wikalohi na kanhthanitohi
train,training_data/processed/sentence_audio/Sentence_for_entry_0244.wav,ᎯᎳ ᎢᏯᏂᎢ ᏥᏔᎦ ᎠᏂᏓ ᎤᎾᏣᎢᏎᎢ,hila iyani tsithaka anita unatsa'ihse'i
train,training_data/processed/sentence_audio/Sentence_for_entry_0499.wav,ᎠᏚᎩᏍᏗ ᎤᏁᏁᎸᎢ,athukihsti unenhelv'i
train,training_data/processed/sentence_audio/Sentence_for_entry_1132.wav,ᎯᎠ ᏗᏇᏥ,hi'a tikwetsi
train,training_data/processed/sentence_audio/Sentence_for_entry_1499.wav,ᏴᏫ ᎾᎾᎵᏍᏚᎴᏍᎬᎾ ᏱᎩ ᏘᎾ ᎬᏩᏂᎸᎪᎢ,yvwi nanalihstulehskvna yiki thina kvwanilvko'i
train,training_data/processed/sentence_audio/Sentence_for_entry_0951.wav,ᏴᏓᎭ ᏥᏍᏛᏃᏱ ᎤᏪᏴ ᎦᏃᎱᎩᏍᎪᎢ,yvtaha tsihstvnoyi uweyv kanohukihsko'i
train,training_data/processed/sentence_audio/Sentence_for_entry_1051.wav,ᎦᏲᏟᏊ ᏳᎵᏍᏓᏴᎿ ᎪᏢᏍᎪᎢ,kayolhikwu yulhstayvnha kolhvhsko'i
train,training_data/processed/sentence_audio/Sentence_for_entry_0350.wav,ᎯᎳ ᎢᎦ ᏣᏈᏴᎮ Ꮎ ᎠᎵᏍᏇᏚᏬ,hila ika tsakwhiyvhe na alhskwethuwo
train,training_data/processed/sentence_audio/Sentence_for_entry_0437.wav,ᎤᎾᎵᎢ ᎦᏅᏬ ᎤᏏᏔᏛᎢ,unali'i kanvwo uhsihthatv'i
train,training_data/processed/sentence_audio/Sentence_for_entry_0872.wav,ᏓᏆᎴᎳ ᎤᏗᏅᏔᎾ ᎩᏟ ᎤᎵᏬᏨᎢ,takwalela utinvthana kilhi uliwhotsv'i
train,training_data/processed/sentence_audio/Sentence_for_entry_0015_01.wav,ᎠᏂᏓᎨ ᏚᏯ ᎠᏂᏤ ᏚᏩᏒ ᏗᏓᎾᏅᎢ,anitake thuya anitse tuwhahsv titananv'i
train,training_data/processed/sentence_audio/Sentence_for_entry_0296.wav,ᎢᎦᏓ ᎠᏂᏣᎳᎩ ᎠᎦᏙᎥᎯᏍᏗ ᎤᏂᎭ,ikata anitsalaki akhthohvhihsti uniha
train,training_data/processed/sentence_audio/Sentence_for_entry_0488.wav,ᏂᎪᎯᎸ ᎠᏘᏲᏍᏗ ᎤᏲᎰᎢ,nikohilv athiyohsti uyhoho'i
train,training_data/processed/sentence_audio/Sentence_for_entry_1320.wav,ᎣᎩᎾᎵᎢ ᏓᎵᏆ ᏗᎾᏓᏂᏱᏍᎩ ᎤᎾᏙᏢᏒᎢ ᎨᎵ,okinali'i talikwa tinataniyihski unatolhvhsv'i kheli
train,training_data/processed/sentence_audio/Sentence_for_entry_1006.wav,ᏗᏓᏟᎶᏍᏔᏅ ᎦᏛᏍᎦ,titalhilohsthanv kathvhska
train,training_data/processed/sentence_audio/Sentence_for_entry_0388.wav,Ꮎ ᎤᏍᏗ ᎠᏧᏣ ᎤᏙᏓ ᎠᏍᏓᏩᏕᎦ,na uhsti atshutsa utota ahstawateka
train,training_data/processed/sentence_audio/Sentence_for_entry_1172.wav,ᎠᏂᏤ ᏚᏯ ᏗᎾᏕᏑᎦ,anitse thuya tinatehsuka
train,training_data/processed/sentence_audio/Sentence_for_entry_0851.wav,ᎦᎵᏦᏕ ᎤᏴᏍᏗ ᏳᏚᎵ ᏪᏌ ᎦᎶᎯᏍᏗ ᏕᎦᏣᎵᎪᏍᎪᎢ,kalhtsote uyvhsti yutuli wehsa kalohihsti tekatsalkohsko'i
train,training_data/processed/sentence_audio/Sentence_for_entry_0933.wav,ᎯᏍᎩ ᎢᏳᏟᎶᏓ ᎤᏅᏓ ᏥᏅᏤᎭ,hihski iyulhilota unvta tsinvtseha
train,training_data/processed/sentence_audio/Sentence_for_entry_0147.wav,ᎠᎪᏍᏗ ᎭᏫᏯ ᎤᎬ ᏢᏓᏥ,akohsti hawiya ukv lhvtatsi
train,training_data/processed/sentence_audio/Sentence_for_entry_1627.wav,ᏒᎯ ᏥᎨᏒ ᏓᏆᎴᎳ ᎠᎩᏩᏒᎢ,svhi tsikehsv takwalela akhiwahsv'i
train,training_data/processed/sentence_audio/Sentence_for_entry_1753.wav,ᎤᏔᏃᎸᏓ ᏚᎴᏴᏔᏅᎢ,uthanolvta tuleyhthanv'i
train,training_data/processed/sentence_audio/Sentence_for_entry_1347.wav,ᏑᏓᎵ ᎢᎳᏏᏗ ᎢᎦᏅᎯᏓ ᏆᎾᏓᏲᎭ ᎣᏥᎪᏩᏔ,sutali ilahsihti ikanvhita kwhantayoha otsikowahtha
train,training_data/processed/sentence_audio/Sentence_for_entry_0295.wav,ᏣᎸᏉᏗᏍ ᎠᏓᏴᎳᏛᏍᎩ ᎭᎦᏙᏍᏙᏗ,tsalvkwhtihs atayvlthvhski hakhthohstohti
train,training_data/processed/sentence_audio/Sentence_for_entry_1740.wav,Ꮭ ᏍᏊ ᏯᎩᎪᎮ ᎤᏐᏛ ᏥᏥᏙᎬᎢ,lha hskwu yakikohe uhsothv tsitsitokv'i
train,training_data/processed/sentence_audio/Sentence_for_entry_0625.wav,ᏳᏁᏍᏓᎳᏓ ᏕᎦᏅᏅ ᏓᏫᏍᎬᎯ ᏂᏕᎦᎵᏍᏗᏍᎪᎢ,yunehstalata tekanvnhv tawihskvhi nitekalhstihsko'i
train,training_data/processed/sentence_audio/Sentence_for_entry_1484.wav,ᎤᎦᎿᏁᎢᏍ ᏒᎯ ᎤᏒᎢ,ukanhanehs hsvhi uhsv'i
train,training_data/processed/sentence_audio/Sentence_for_entry_0680.wav,ᏗᎦᏄᎳᏥ ᏧᏴᎩᏌᏘ,tikanulatsi tsuyhvkihsathi
train,training_data/processed/sentence_audio/Sentence_for_entry_1046.wav,ᏥᏈᏍᏗ ᎪᎯᏳᏗ ᎤᏪᎭ,tskwihsti kohiyuhti uweha
train,training_data/processed/sentence_audio/Sentence_for_entry_0571.wav,ᏗᏤ ᎠᏓ ᏚᎲᏔᏅ ᎣᏏᎢ,titse ata tuhvthanv ohsi'i
train,training_data/processed/sentence_audio/Sentence_for_entry_0337.wav,ᎦᎵᏦᏕ ᎤᏴᏝ ᎤᎵᏍᏚᎴᏒᎢ,kalhtsote uyvlha ulhstulehsv'i
train,training_data/processed/sentence_audio/Sentence_for_entry_1037.wav,ᎩᏟ ᏗᎦᎴᏅᎯᏓ ᏓᏑᏫᏍᎬ ᎦᏛᎩᎠ,kilhi tikalenvhita tahsuwhihskv kathvki'a
train,training_data/processed/sentence_audio/Sentence_for_entry_1526.wav,ᎠᎹ ᎤᏓᏁᎲ ᎠᏓᏬᎠ ᏥᏍᏆ,ama utanehv atawo'a tsihskwa
train,training_data/processed/sentence_audio/Sentence_for_entry_1386.wav,ᏦᎯᏳᎭᏍ ᏅᏙᎯ ᎤᏪᏙᎸ ᎨᏒ ᏴᏫ,tsohiyuhahs nvtohi uwetolv kehsv yvwi
train,training_data/processed/sentence_audio/Sentence_for_entry_0952.wav,ᎤᎭᎸᎾ ᎤᏃᏴᏟᏍᏔᎾ ᏓᏂᎳᏫᎬ ᎤᏓᎴᏅᎲᎢ,uhalvna unoyhvtlhihsthana tanilawikv utalenvhv'i
train,training_data/processed/sentence_audio/Sentence_for_entry_0653.wav,ᎦᎪ ᎤᏤᎵ ᎯᎠ ᏗᏓᏟᎶᏍᏔᏅᎢ,kako utseli hi'a titalhilohsthanv'i
train,training_data/processed/sentence_audio/Sentence_for_entry_1622.wav,ᎤᏃᏍᏓ ᏓᎬᏩᎶᏗᏍᎪ ᎠᏢᏗ ᎣᏍᏓ ᏱᏄᏩᏁᎳ,unhohsta takvwalhtihsko ahtlhvti ohsta yinuwanela
train,training_data/processed/sentence_audio/Sentence_for_entry_1182.wav,ᎠᏂᏲᏍᎩ ᏥᏥᏯᎥ ᎢᎾ ᏩᏇᏙᎸᎢ,aniyohski tsitsiya'v ina wakwetolv'i
train,training_data/processed/sentence_audio/Sentence_for_entry_1426_02.wav,ᏍᏓᏯ ᏚᎸᏫᏍᏓᏁ,staya tulvwhihstane
train,training_data/processed/sentence_audio/Sentence_for_entry_1366.wav,ᏓᎩᏏ ᏄᏩᏅᏔᏅ ᎦᎶᎯᏍᏗᎢ,takhsi nuwanhthanv kalohihsti'i
train,training_data/processed/sentence_audio/Sentence_for_entry_0612.wav,ᎦᏙ ᎤᏍᏗ ᏣᎩᏎ ᏓᏂᏍᏓᏲᎯᎲᎢ,kato uhsti tsakihse tanihstayohihv'i
train,training_data/processed/sentence_audio/Sentence_for_entry_0004.wav,Ꮎ ᎠᏂᏧᏣ ᏍᏆᏞᏍᏗ ᏓᎾᏁᎶᎲᏍᎦ,na anitshutsa hskwalhehsti tananelohvhska
train,training_data/processed/sentence_audio/Sentence_for_entry_1107.wav,ᎦᏙ ᎤᏍᏗ ᎲᏣᏢᏍᎦ,kato uhsti hvtsalhvhska
train,training_data/processed/sentence_audio/Sentence_for_entry_0834.wav,ᏐᎯ ᏕᎦᏟᏏᎭ ᎦᏅᏥ ᎤᏬᏢᏙᏗ,sohi tekalhihsiha kanvtsi uwolhvhtohti
train,training_data/processed/sentence_audio/Sentence_for_entry_0606.wav,ᎤᎾᏙᏓᏉᏅ ᏓᎾᏓᎯᎵᏙᎮᏍᏗ,unatotakwonhv tanatahi'litohehsti
train,training_data/processed/sentence_audio/Sentence_for_entry_1154.wav,ᏂᎪᎯᎸ ᏗᏰᎦᏟ ᏕᎦᏰᏫᏍᎪ ᎡᏥ,nikohilv tiyhehkalhi tekayewhsko etsi
train,training_data/processed/sentence_audio/Sentence_for_entry_1262.wav,ᎧᎦᎵ ᎧᎸ ᎣᎦᎾ ᎤᏅᎪᎢᏍᏗ ᎨᏐᎢ,khaka'li kha'lv okana unvko'ihsti kehso'i
train,training_data/processed/sentence_audio/Sentence_for_entry_0863_02.wav,ᏗᎿᏬ ᏚᎴᏒ ᏔᎷᏦᎯ,tinhawo tulehsv thalutsohi
train,training_data/processed/sentence_audio/Sentence_for_entry_0255.wav,ᎠᏥᎸᎯ ᏭᏗᏅᏒ ᏥᏃᏍᎦ,atsilvhi wutinvhsv tshinohska
train,training_data/processed/sentence_audio/Sentence_for_entry_0595.wav,ᎤᏄᎸᎲᏍᎨᏍᏗ ᏧᎴᏗ ᏕᎯᏯᎴᏔᏅᎢ,unulvhvhskehst tsulehti tehiyalethanv'i
train,training_data/processed/sentence_audio/Sentence_for_entry_0662.wav,ᎯᏍᎩ ᎢᏯᏂᎢ ᏗᎾᏓᏍᏓᏴᎲᏍᎩ ᏚᏑᏰᏒ ᎤᎾᏓᏍᏓᏴᏗᎢ,hihski iyani tinatahstayvhvhski tuhsuyehsv unatahstayhti'i
train,training_data/processed/sentence_audio/Sentence_for_entry_0623.wav,ᎯᎳ ᎠᏟᎢᎵᏒ ᏣᎴᏅᎮ ᏕᎯᏖᏍᎬᎢ,hila atlhilihsv tsalenvhe tehithehskv'i
train,training_data/processed/sentence_audio/Sentence_for_entry_1029.wav,ᏅᏲᎯ ᏱᏓᏍᎪᏍᎦ ᎨᏘᎶᏍᏗ ᎬᏗᏍᎪᎢ,nvyohi yitahskohska kethilohsti khtihsko'i
train,training_data/processed/sentence_audio/Sentence_for_entry_0605.wav,ᏓᎹᎦ ᏍᏓᏯ ᎠᏓᏍᎦᎵᎪᎢ,tamaka hstaya atahskalhko'i
train,training_data/processed/sentence_audio/Sentence_for_entry_1794.wav,ᎤᏬᎩᏟ ᏧᏁᎶᏙᏗ ᎤᏚᎵᎭ,uwokilhi tsunelhtohti utuliha
train,training_data/processed/sentence_audio/Sentence_for_entry_1307_01.wav,ᏗᏓᏅᏫᏍᎩ ᎤᏅᏩᏅ ᎠᏧᏣ ᎦᎴᏂ ᎤᏪᏍᏓᏁᎲᎢ,titanhvwihski unhvwanv atshutsa kaleni uwehstanehv'i
train,training_data/processed/sentence_audio/Sentence_for_entry_1587.wav,ᎦᏙ ᎤᏍᏗ ᎤᎪᏓ ᏣᎸᏉᏗ,kato uhsti ukota tsalvkwhti
train,training_data/processed/sentence_audio/Sentence_for_entry_0142.wav,ᎠᏂᎪᎳ ᎠᏃᏍᏓ ᏗᎦᏰᏍᏗ,anikola anohsta tikayhehsti
train,training_data/processed/sentence_audio/Sentence_for_entry_0885.wav,ᏁᎳᎩ ᎢᎬᏩᏛᏁᏗ ᏰᎵᎠ ᎦᎶᏄᎮᏍᎪᎢ,nelaki ikvwatvnhti yeli'a kalonuhehsko'i
train,training_data/processed/sentence_audio/Sentence_for_entry_0393.wav,ᏅᏯᏍ ᎤᏍᏙᏍᏗ ᏣᏚᎵ,nvyahs uhstohsti tsatuli
train,training_data/processed/sentence_audio/Sentence_for_entry_1055.wav,ᎪᎱᏍᏗ ᎤᏂᏲ ᎠᏎᏅ Ꮭ ᏯᏆᏅᏔ ᎢᏳᏍᏗ ᎨᏒᎢ,kohuhsti niyho ahsenhv lha yakwanhtha iyuhsti kehsv'i
train,training_data/processed/sentence_audio/Sentence_for_entry_0007.wav,ᏥᏔᎦ ᎠᏂᏓ ᏧᏛᎯᏍᏙᏗ ᎠᏓᏅᏖᎭ,tsithaka anita tsuthvhihstohti atanhtheha
train,training_data/processed/sentence_audio/Sentence_for_entry_0510.wav,ᎠᏯᏄᎵ ᎠᎢᏒᎢ,ayanuli a'ihsv'i
train,training_data/processed/sentence_audio/Sentence_for_entry_1667.wav,ᏧᎳᏑᎶ ᏕᎧᎸᏌᏛᏍᎦ,tsulahsulo tekhalvhsatvhska
train,training_data/processed/sentence_audio/Sentence_for_entry_1692.wav,Ꮭ ᎪᎱᏍᏗ ᏯᏋᏁᎰ ᎤᎸᏓ,lha kohuhsti yakwvneho ulvta
train,training_data/processed/sentence_audio/Sentence_for_entry_1723.wav,ᎤᏍᏓᎦᎸ ᏭᏴᏝ Ꮭ ᏔᎵᏁ ᏱᎤᏂᎪᎮᎢ,uhstakalv wuyvla lha thaline yunikohe'i
train,training_data/processed/sentence_audio/Sentence_for_entry_1038.wav,ᎯᎠ ᏂᎬᎿ ᎩᎵᏏ ᎪᏪᎸᎢ,hi'a nikvnha kilihsi kowhelv'i
train,training_data/processed/sentence_audio/Sentence_for_entry_1240.wav,ᎠᎴ ᏧᎦᏔᏥᏍᏓᏟ ᏂᏥᏯᎳᏍᏛᏓ,ale tsukhthatsihstalhi nitsiyalahstvta
train,training_data/processed/sentence_audio/Sentence_for_entry_0894.wav,ᎯᎸᏂᎴᎢᏍ ᏥᏍᏓᏟᎸ,hilvnhile'ihs tsihstalhilv
train,training_data/processed/sentence_audio/Sentence_for_entry_1501.wav,ᎢᎸᎯᏳᏍ ᎯᎪᎥ ᏢᏕᏆ,ilvhiyuhs hiko'v tlhvtekwa
train,training_data/processed/sentence_audio/Sentence_for_entry_1737.wav,ᏥᏈᏍᏗ ᎪᎦᏍᎬ ᎢᏳᏍᏗ ᎤᏏᏩᏍᎦ,tskwihsti kokhskv iyuhsti uhsiwhahska
train,training_data/processed/sentence_audio/Sentence_for_entry_0219.wav,ᎤᏬᏚᎯ ᎠᏯᏟᏗ ᎤᎩᏒ ᎤᏕᏘᏱᏍᎬᎢ,uwotuhi ayhalhti ukihsv utethiyihskv'i
train,training_data/processed/sentence_audio/Sentence_for_entry_1184.wav,ᎢᎾᎨ ᏮᎤᎶᏒ ᏢᏓᏥ ᎤᎵᏘᏌ,inake wv'ulohsv lhvtatsi ulthihsa
train,training_data/processed/sentence_audio/Sentence_for_entry_1797.wav,ᎤᏬᏝᎥᎢ ᏓᏳᏕᏘᏅᎢ,uwhohtlha'v'i tayutethinv'i
train,training_data/processed/sentence_audio/Sentence_for_entry_1420.wav,ᏔᏎᎦ ᏌᏊ ᏂᏛᎴᏂᏍᎩ ᏔᎵᏍᎪ ᏩᏍᏘ,thahsehka hsakwu nitvlenihski thalhsko wahsthi
train,training_data/processed/sentence_audio/Sentence_for_entry_0057.wav,ᎠᏓᏪᎳᎩᏍᎩ ᎤᏃᏢᏗ ᏧᎸᏫᏍᏓᏁᎸ ᎡᏙᏓ,atawelakihski unolhvhti tsulvwhihstanelv etota
train,training_data/processed/sentence_audio/Sentence_for_entry_1548.wav,ᎤᏍᏗᎩ ᎤᏄᏮ ᎢᏳᏍᏗ ᎤᏗᏴᏓᏛ ᎤᎦᏌᏛᎢ,uhstikhi unhuwv iyuhsti utiyvta'tv ukhsathv'i
train,training_data/processed/sentence_audio/Sentence_for_entry_1705.wav,ᏞᏍᏗ Ꮩ ᏣᏁᎫᏣ,lhehsti to tsanekutsa
train,training_data/processed/sentence_audio/Sentence_for_entry_1313.wav,ᎠᏙᎳᏅᏍᏗ ᎬᏗᏍᎪ ᏯᏇᏙᎳ,atolnvhsti kvtihsko yakwetola
train,training_data/processed/sentence_audio/Sentence_for_entry_0713_02.wav,ᏗᏂᏓᎿᏫ ᏣᎢᏒ ᏭᎪᎭ ᎤᎵᏘᏒᎢ,tinitanhawi tsa'ihsv wukoha ulthihsv'i
train,training_data/processed/sentence_audio/Sentence_for_entry_0561.wav,ᏗᎦᏚᎲ ᏫᎦᎷᏨ ᎠᏍᎦᏯ ᏓᏆᎴᎳ ᏓᏳᏩᏏ,tikatuhv wikaluhtsv ahskaya takwalela tayuwhahsi
train,training_data/processed/sentence_audio/Sentence_for_entry_1784.wav,ᎦᎪ ᎤᏯᏅᎮ ᎤᏪᏥ ᎠᏍᎦᏯ,kako uyhanvhe uwetsi ahskaya
train,training_data/processed/sentence_audio/Sentence_for_entry_1543.wav,ᏘᏍᏓᏱᏓ Ꮎ ᏧᏗᏆᎸᏕᏱᏓ,thihstayita na tsutikwalvteyita
train,training_data/processed/sentence_audio/Sentence_for_entry_0666.wav,ᎠᏕᎳ ᏗᎾᏓᏙᎵᏍᏗᏍᎩ ᎤᎾᏙᏢᏅ ᎤᏔᎾ ᎦᏚᎲᎢ,atela tinatatholhstihski unatolhvnhv uthana katuhv'i
train,training_data/processed/sentence_audio/Sentence_for_entry_0819.wav,ᎯᎠ ᎠᏧᏣ ᎯᏍᎩᎭ ᎦᎦᎹ ᏚᏍᏗᎬᎢ,hi'a atshutsa hihskiha kakama tuhstikv'i
train,training_data/processed/sentence_audio/Sentence_for_entry_0385.wav,ᎠᎦᎵᏍᎬ ᏭᏅᎾ ᎢᎾᏓ ᎦᏁᎦ ᎤᏍᏓᎦᏴᏢᎢ,akalihskv wunvna inata kaneka uhstakayvlhv'i
train,training_data/processed/sentence_audio/Sentence_for_entry_0445.wav,ᎠᏐᏴ ᎤᎩᎳ ᏥᏔᎦ ᎠᏨᏯ,ahsoyhv ukhi'la tsithaka atshvya
train,training_data/processed/sentence_audio/Sentence_for_entry_1781.wav,ᎤᏪᏥ ᎠᏧᏣ ᎠᏲᎭ,uwetsi atshutsa ayhoha
train,training_data/processed/sentence_audio/Sentence_for_entry_0615.wav,ᎣᏏ ᎠᏓᏍᏓᏴᏗ ᏧᎲᏘᏗ ᎠᏓ ᏓᏍᏡᏍᎦ,ohsi atahstayhti tsuhvthti ata tahslhuhska
train,training_data/processed/sentence_audio/Sentence_for_entry_0711_02.wav,ᎪᎯᏴ ᏓᎦᎷᏥ ᏗᎾᏓᏅᏟ,khohiyv takaluhtsi tinatanhvtlhi
train,training_data/processed/sentence_audio/Sentence_for_entry_0943.wav,ᎤᎬᏫᏳᎯ ᎤᏬᏂᏌ ᏚᏂᎳᏕᎸ ᏴᏫ ᏧᎾᎵᏍᏕᎸᏗᎢ,ukvwiyuhi uwonihsa tuniltelv yvwi tsunalhstelhti'i
train,training_data/processed/sentence_audio/Sentence_for_entry_0397.wav,ᎦᏟᏉᎩ ᎢᏳᏩᏂᎸ ᎠᏍᏚᎢᏍᎪ ᎠᏓᎾᏅᎢ,kalhkwoki iyuwanhilv ahstu'ihsko atana'nv'i
train,training_data/processed/sentence_audio/Sentence_for_entry_0080.wav,ᎠᏯᏄᎵ ᎠᏗᏆᎸᏕᏲᎭ ᎦᏆᏛ ᎠᎴᏫᏍᏙᏙᏗᎢ,ayanuli atikwalvteyoha kakwathv alewhihstohtohti'i
train,training_data/processed/sentence_audio/Sentence_for_entry_0218.wav,ᏄᎾ ᏘᏯᎨᏗᏌ,nuna thiyhahkhetsa
train,training_data/processed/sentence_audio/Sentence_for_entry_1812.wav,ᎥᏓᎵ ᎢᎾᏑᏄᎦ,vtali inahsunhuka
train,training_data/processed/sentence_audio/Sentence_for_entry_0497.wav,ᏍᏆᏥᎪᏁᎭᏍ,skwatskonehahs
train,training_data/processed/sentence_audio/Sentence_for_entry_0674.wav,ᎯᎳ ᎢᎦ ᏕᎪᏢ ᏧᏂᎳᏫᏍᏗ ᏓᎵᏆ ᎦᏚᎲᎢ,hila ika tekolhv tsunilawihsti talikwa katuhv'i
train,training_data/processed/sentence_audio/Sentence_for_entry_0357.wav,ᎠᎹᏰᏟ ᏗᏪᏅᏒ ᎠᏯ,amayelhi tiwenvhsv aya
train,training_data/processed/sentence_audio/Sentence_for_entry_0847.wav,ᎤᏬᏚᏨ ᎦᎯᏳᎶ ᎤᏬᏢᏅᎢ,uwotutsv kahiyulo uwolhvnhv'i
train,training_data/processed/sentence_audio/Sentence_for_entry_0352.wav,ᎠᏂᏥᎸᏍᎩ ᏧᎵᏒᏍᏙᏗ ᎤᎸᏉᏗ,anitsilvhski tsulhsvhstohti ulvkwhti
train,training_data/processed/sentence_audio/Sentence_for_entry_0323.wav,ᎠᎵᎢ ᎤᎵᏍᎨᏓ ᏴᏫ ᎠᏁᎲᎢ,ali'i ulhsketa yvwi anehv'i
train,training_data/processed/sentence_audio/Sentence_for_entry_1531.wav,ᏂᎪᎯᎸ ᎤᏓᏅᎦᎸᏓ ᏄᏩᏃ ᎤᏴᏍᏗᎢ,nikohilv utanvkalvta nuwanho uyvhsti'i
train,training_data/processed/sentence_audio/Sentence_for_entry_0309.wav,ᏗᎳᏑᎶ ᏧᎶᏁᏗ ᎤᏩᎨᏩ,tilahsulo tsuloneti uwakhewa
train,training_data/processed/sentence_audio/Sentence_for_entry_1273.wav,ᎧᎾᎷᏍᎬ ᎤᎴᏫᏍᏓᏁᎸ ᏓᏆᎴᎳ,khanaluhskv ulewhihstanelv takwalela
train,training_data/processed/sentence_audio/Sentence_for_entry_1529.wav,ᎤᏙᏳ ᎤᏓᏅᏘ ᎠᏟᏃᎮᏙᏗ,utoyu utanhthi alhinohetohti
train,training_data/processed/sentence_audio/Sentence_for_entry_1135.wav,ᎯᏍᎩ ᎾᏂᎠ ᏩᎦ ᏕᏥᎾᏝᎠ,hihski nani'a wahka tetsinalha'a
train,training_data/processed/sentence_audio/Sentence_for_entry_0718.wav,Ꮭ ᏯᏖᏴᏍᎦ ᏗᏖᏍᏗ,lha yatheyvhska tithehsti
train,training_data/processed/sentence_audio/Sentence_for_entry_0207.wav,ᎭᏢ ᏱᏕᏥᏴᏩᏔ ᎣᏏ ᏗᎱᏣᏬᎳᏛᏓ,halhv yitetsiyvwahtha ohsi tihutsawoltvta
train,training_data/processed/sentence_audio/Sentence_for_entry_1716.wav,ᎤᏃᎴ ᎤᎯᎸᏍᏔᏅ ᎤᏔᎾ ᎦᏚᎲᎢ,unole uhi'lvhsthanv uthana katuhv'i
train,training_data/processed/sentence_audio/Sentence_for_entry_0419.wav,ᎤᏍᏗ ᎠᏧᏣ ᎩᏟ ᎤᎵᏬᏨ ᎤᏍᎪᏂᎸᎢ,uhsti atshutsa kilhi uliwhotsv uhskonhilv'i
train,training_data/processed/sentence_audio/Sentence_for_entry_1477.wav,ᏑᎾᎴ ᏒᎯᏰᏱ ᎢᎬᎪᎥᎢ,sunale hsvhiyeyi ikvko'v'i
train,training_data/processed/sentence_audio/Sentence_for_entry_0743.wav,ᎤᏗᏞᎩ ᎠᎦᎵᏍᎬ ᏳᏪᏙᎳ ᏚᏇᏃᏘᏍᎪᎢ,utilhehki akalihskv yuwetola tukwenothihsko'i
train,training_data/processed/sentence_audio/Sentence_for_entry_0621.wav,ᎤᏒ ᏱᏄᎵᏍᏔᎾ ᎩᏟ ᏓᏑᏫᏍᎪᎢ,uhsv yinulhsthana kilhi tahsuwhihsko'i
train,training_data/processed/sentence_audio/Sentence_for_entry_0086.wav,ᎨᎻᎵ ᏥᏈᏍᏓ ᎠᎹ ᎠᎾᏗᏔᏍᎪᎢ,khemili tskwihsta ama anatithahsko'i
train,training_data/processed/sentence_audio/Sentence_for_entry_0256.wav,ᎪᎨᏱ ᎠᏂᏥᎸᏍᎪ ᎠᏂᏥᎸᏍᎩ,kokeyi anitsilvhsko anitsilvhski
train,training_data/processed/sentence_audio/Sentence_for_entry_0882.wav,ᏄᎦᏎᏍᏛᎾ ᏱᎩ ᎩᎶ ᎦᎶᎾᏍᏗᏍᎪᎢ,nukhsehstvna yiki khilo kalonahstihsko'i
train,training_data/processed/sentence_audio/Sentence_for_entry_1116.wav,ᏗᏎᎯᏍᏗ ᎤᏩᏍᎦᎸᏅ ᎤᎿᏬ,tihsehihsti uwahskalvnv unhawo
train,training_data/processed/sentence_audio/Sentence_for_entry_1438.wav,ᏎᎷ ᎢᏌ ᎦᏅᏛ ᎤᏤᏩᏍᏙᏔᏅᎢ,selu ihsa kanhtv utsewahstohthanv'i
train,training_data/processed/sentence_audio/Sentence_for_entry_0074.wav,ᎠᏓᏁᎸ ᎦᏕᏲᎭ,atanelv kateyoha
train,training_data/processed/sentence_audio/Sentence_for_entry_1102.wav,ᎦᏙ ᎤᏍᏗ ᏨᏂᏍᏗ,kato uhsti tsvnhihsti
train,training_data/processed/sentence_audio/Sentence_for_entry_1540.wav,ᎤᏕᎰᏌᏘ ᎠᏧᏣ ᎤᏪᎧᎭ,utehohsathi atshutsa uwekhaha
train,training_data/processed/sentence_audio/Sentence_for_entry_1645.wav,ᎩᎦᎨ ᎤᎵᏑᏫᏓ ᏓᏆᎴᎳ ᎤᏤᎵᎢ,kikake ulhsuwhita takwalela utseli
train,training_data/processed/sentence_audio/Sentence_for_entry_1454.wav,ᎯᎳ ᎢᏳᏓᎨᏓ Ꮎ ᏏᏆ,hila iyutaketa na hsihkwa
train,training_data/processed/sentence_audio/Sentence_for_entry_1136_02.wav,Ꮭ ᎥᏍᎩ ᏱᎩ,lha vhski yiki
train,training_data/processed/sentence_audio/Sentence_for_entry_0877.wav,ᎦᎶᏇ ᎦᏅᎦᎵᎭ,kalokwe kanvkaliha
train,training_data/processed/sentence_audio/Sentence_for_entry_1114.wav,ᏓᏆᎴᎳ ᎦᏃᏍᎩᏓ ᎬᏍᎦᏢᏍᎦ,takwalela kanohskita kvhskalhvhska
train,training_data/processed/sentence_audio/Sentence_for_entry_0905.wav,ᎯᎠ ᏐᏈᎵ ᎦᎾᎵ,hi'a hsokwili kana'li
train,training_data/processed/sentence_audio/Sentence_for_entry_1654.wav,ᏁᎳᎩ ᏧᎦᎿᏅ ᏒᎯ ᎦᏳᎳ ᎤᎧᏲᏓ ᎢᎩ ᎦᏙᎯ,nelaki tsukanhanv hsvhi kayula ukhayota iki katohi
train,training_data/processed/sentence_audio/Sentence_for_entry_0524.wav,ᎯᎳ ᎠᏟᎢᎵᏒ ᎯᏲᎯᏍᏗᏍᎪ ᏕᏣᎸᏫᏍᏓᏁᎲ,hila atlhi'ilihsv hiyohihstihsko tetsalvwhstanehv
train,training_data/processed/sentence_audio/Sentence_for_entry_0677.wav,ᎡᎵᏊᏍ ᏂᎦᎠ ᏗᎦᎸᏅᎯ ᎮᎵᎠ,elikwuhs nika'a tikalvnvhi heli'a
train,training_data/processed/sentence_audio/Sentence_for_entry_0556.wav,ᎪᎩ ᏓᎾᏕᏠᏆᏍᎬ ᏓᏕᏲᎲᏍᎪᎢ,koki tanatelhkwahskv tateyhohvhsko'i
train,training_data/processed/sentence_audio/Sentence_for_entry_1566.wav,ᎢᏴᏓᎭ ᎤᎾᏙᏓᏈᏕᎾ ᏓᎩᎸᏫᏍᏓᏁᎰᎢ,iyvtaha unatotakwitena takilvwhstaneho'i
train,training_data/processed/sentence_audio/Sentence_for_entry_1300.wav,ᎤᏍᏗ ᎤᏤᎵ ᎧᏃᏰᎭ ᎤᏓᏥᎢ,uhsti utseli khanoyeha utatsi'i
train,training_data/processed/sentence_audio/Sentence_for_entry_1803.wav,ᎤᏰᎶᎢᏍᏗ ᎤᎴᏫᏍᏙᏔᏅ ᏓᏆᎴᎳ,uyelo'ihsti ulewhihstohthanv takwalela
train,training_data/processed/sentence_audio/Sentence_for_entry_1687.wav,ᎩᎶ ᏦᎳᎾ ᎤᎵᏍᏆᎷᏓ ᎠᏎᏃ Ꮭ ᏯᏆᏅᏔ ᎥᏍᎩ ᎨᏒᎢ,khilo tsolana ulhskwaluta ahsenho lha yakwanhtha vhski kehsv'i
train,training_data/processed/sentence_audio/Sentence_for_entry_1026.wav,ᎨᏥᎪᎵᏰᏗ ᏭᏪᏓᏍᏗ ᏑᎾᎴᎢ,ketsikoliyeti wuwetahsti hsunale'i
train,training_data/processed/sentence_audio/Sentence_for_entry_1299.wav,ᏦᎢ ᎢᏯᏅᏗ ᎢᏳᏓᎵ ᎧᏃᎯᏰᎩ ᎠᎾᎵᏍᏓᏴᎲᏍᎪ ᎠᏂᏣᎳᎩ ᏗᎾᏓᏬᏍᎩ,tso'i iyanvti iyutali khanohiyeki analhstayvhvhsko anitsalaki tinatawohski
train,training_data/processed/sentence_audio/Sentence_for_entry_0405.wav,ᎤᎬᏫᏳᎯ ᏱᎦᎵᏍᏗᏍᎩ ᎨᏒ ᎤᏎᏒᎲᎢ,ukvwiyuhi yikalhstihski kehsv uhsehsvhv'i
train,training_data/processed/sentence_audio/Sentence_for_entry_0697.wav,ᏂᎦᏚ ᏯᏆᏕᏘᏴᏓ ᏥᎨᏒ ᎠᏆᏕᏠᏆᎥ ᏗᏣᎳᎩ ᏗᎩᎪᎵᏰᏗ,nikatu yakwatethiyvt tsikehsv akwatelhohkwa'v titsalaki tikikoliyeti
train,training_data/processed/sentence_audio/Sentence_for_entry_0420.wav,ᏥᏍᎪᎵ ᎭᏍᎪᎵᏯ ᎠᏇᎯᏍᏓᏁᎭ,tsihskholi hahskoliya akwehihstaneha
train,training_data/processed/sentence_audio/Sentence_for_entry_1237.wav,ᏩᎦ ᏧᎧᏅᏍᏕᎾ ᏗᎵᏍᏗᏍᎩ ᏄᎵᏍᏔᏅ ᎤᎾᎵᎢ,wahka tsukhanvhstena tilhstihski nulhsthanv unali'i
train,training_data/processed/sentence_audio/Sentence_for_entry_0567.wav,ᏗᎦᏚᎵᏓ ᏚᏄᏮ ᏚᎿᏩᎢᏴᏎᎢ,tikatulita tunhuwv tunhawa'iyvhse'i
train,training_data/processed/sentence_audio/Sentence_for_entry_0544.wav,ᏥᏃᏍᎦ ᎠᎪᎲᏍᏗᏍᎪ ᎣᏏ ᎤᎦᎾᏬᎯᏍᏗᎢ,tshinohska akohvhstihsko ohsi ukanawohihsti'i
train,training_data/processed/sentence_audio/Sentence_for_entry_1808.wav,ᎦᏙ ᎢᎦᏓ ᏧᏂᏲᎱᏒ ᏥᏓᏂᏍᎦᎰ,kato ikata tsuniyohuhsv tsitanihskaho
train,training_data/processed/sentence_audio/Sentence_for_entry_1686_02.wav,ᏧᎵᏍᏆᎵᏓ ᎠᏗᎭ,tsulhskwalita atiha
train,training_data/processed/sentence_audio/Sentence_for_entry_0216.wav,ᎠᏂᏥᎸᏍᎩ ᏚᏫᏒ ᎠᏓᏁᎸ ᎾᎥᎢ,anitsilvhski tuwhihsv atanelv na'v'i
train,training_data/processed/sentence_audio/Sentence_for_entry_1798.wav,ᎤᏬᎵᏗ ᎧᏃᎮᏢᏍᎦ ᎤᏛᏐᏅᎢ,uwolhti khanohelhvhska uthvhsonhv'i
train,training_data/processed/sentence_audio/Sentence_for_entry_0209.wav,ᎠᏂᏴᏫᏯ ᎠᎾᏴᎴᎬ ᎠᎱᎵ ᎠᏅᏗᏍᎪᎢ,aniyvwiya anayhvlekv ahuli anhtihsko'i
train,training_data/processed/sentence_audio/Sentence_for_entry_1364.wav,ᏂᎪᎯᎸ ᎠᎳᏍᎦᎵᏍᎪ ᎪᎩ ᏱᎩ,nikohilv alahskalihsko koki yiki
train,training_data/processed/sentence_audio/Sentence_for_entry_0603.wav,ᏔᎵᏲᏌ ᏗᎦᏚᎵᏓ ᏕᏣᎵᏲᎲᎢ,thaliyohsa tikatulita tetsaliyohv'i
train,training_data/processed/sentence_audio/Sentence_for_entry_1120.wav,ᎬᏩᏚᏫᏓ ᏄᎾᏛᏅ ᎠᏂᏲᏍᎩ,kvwathuwhita nunatvnhv aniyohski
train,training_data/processed/sentence_audio/Sentence_for_entry_1372.wav,ᏥᏈᏍᏗ ᏃᏈᏏ ᎠᏂᎧᎳ ᎪᎯ ᎤᏒᎢ,tskwihsti nokwhsi anikha'la khohi uhsv'i
train,training_data/processed/sentence_audio/Sentence_for_entry_0019.wav,ᏓᏂᏍᏓᏲᎯᎲ ᎾᎥ ᏱᎩ ᏗᏓᏁᏗ ᎠᎾᏓᎾᏁᏒᎲᏍᎪ ᏴᏫ,tanihstayohihv na'v yiki titanhehti anatananehsvhvhsko yvwi
train,training_data/processed/sentence_audio/Sentence_for_entry_1338.wav,ᎠᎩᏃᎭᎵᏙᎸ ᎢᎠᎩᎷᏣ ᎠᏋᏙᏌᏛᎢ ᎦᎶᏇ,akinohalitolv i'akiluhtsa akwhthohsa'tv'i kalokwe
train,training_data/processed/sentence_audio/Sentence_for_entry_1251.wav,ᎦᏙ ᎤᏍᏗ ᏧᎾᏕᏠᏆᏍᏗ ᏕᏣᏕᏠᏆᎡᎢ,kato uhsti tsunatelhohkwahsti tetsatelhohkwa'e'i
train,training_data/processed/sentence_audio/Sentence_for_entry_0609.wav,ᎦᏙ ᎤᏍᏗ ᏓᏁᎶᏗ Ꮎ ᎤᏍᏗ ᎠᏧᏣ,kato uhsti tanelhti na uhsti atshutsa
train,training_data/processed/sentence_audio/Sentence_for_entry_1098.wav,ᎤᏎᎦᏨ ᎬᎿ ᎠᎾᏗᎭ,uhsekatsv kvnha anatiha
train,training_data/processed/sentence_audio/Sentence_for_entry_1652.wav,ᎤᎾᏦᎾᏘ ᎠᏂᏁᎳ ᎠᎨ ᏥᏧᏍᏓᎦᎳ,unatsonathi aninela ake tsitsuhstakala
train,training_data/processed/sentence_audio/Sentence_for_entry_1674.wav,ᎤᎵᏦᎯᏓ ᏂᎬᏅᏕ ᎭᏫᏲᎯ,ultsohita nikvnhte hawiyohi
train,training_data/processed/sentence_audio/Sentence_for_entry_0573.wav,ᎦᏙ ᎤᏍᏗ ᏓᏤᏝ,kato uhsti tatselha
train,training_data/processed/sentence_audio/Sentence_for_entry_1670.wav,ᏣᎵᏓᏍᏗᏍᎨᏍᏗ ᎥᏍᎩ ᏂᎯᏪᏒᎢ,tsalitahstihskehsti vhski nihiwehsv'i
train,training_data/processed/sentence_audio/Sentence_for_entry_0709.wav,ᏗᎪᏍᏓᏱ ᏗᎵᏍᏙᏰᏗ ᏧᏮᏙᏗ ᎤᎸᏉᏗ ᎦᏰᏫᏒᏍᎬᎢ,tikohstayi tilhstoyhti tsuwhtohti ulvkwhti kayewhsvhskv'i
train,training_data/processed/sentence_audio/Sentence_for_entry_0267.wav,ᎭᏢ ᎢᏴ ᎪᏢ ᎠᎩᏠᏒᏍᏗᎢ,halhv iyv kolhv akhilhohsvhsti'i
train,training_data/processed/sentence_audio/Sentence_for_entry_1464.wav,ᏐᏁᎵᏁᎢᏍ ᏱᏣᎵᏍᏙᏗ ᏣᏚᎵᎭ,sonheline'ihs yitsalhstohti tsatuliha
train,training_data/processed/sentence_audio/Sentence_for_entry_1027.wav,ᎤᏍᏗ ᎩᏟ ᎨᎵᏏᏁᎭ,uhsti kilhi kelihsineha
train,training_data/processed/sentence_audio/Sentence_for_entry_1088.wav,ᎫᎴ ᏓᏂᎩᏍᎪᎢ ᏌᎶᎵ,kule tanikihsko'i hsaloli
train,training_data/processed/sentence_audio/Sentence_for_entry_0148.wav,ᏝᏍᎪ ᏱᎪᏩᏘ,lhahsko yhikowhahthi
train,training_data/processed/sentence_audio/Sentence_for_entry_0202_01.wav,ᏒᎯ ᏑᎾᎴ ᏧᏂᎩᏒᎢ,svhi hsunale tsunhikihsv'i
train,training_data/processed/sentence_audio/Sentence_for_entry_1141.wav,ᏝᏬᏚ ᎤᏅᎵᏰᎥ ᎠᏅᏫᏍᎬ ᎧᎾᏥᏍᏕᏥ ᎤᏩᏨᏴᎢ,lhawothu unvliye'v anhvwihskv khantsihstetsi uwatsvyhv'i
train,training_data/processed/sentence_audio/Sentence_for_entry_1274.wav,Ᏼ ᏂᏨᎦ ᎧᎾᎸᎢᏍᏗ,yv nitsvka khanalv'ihsti
train,training_data/processed/sentence_audio/Sentence_for_entry_0939.wav,Ꮭ ᎩᎶ ᏱᏥᏂᏆᏘᎰᎢ,lha khilo yitsinikwathiho'i
train,training_data/processed/sentence_audio/Sentence_for_entry_0146.wav,ᏥᏍᏚ ᎬᏩᏒᏁᎸ ᎪᏍᏓᎩᏍᏗ,tsihstu kvwahsvnhelv kohstakihst
train,training_data/processed/sentence_audio/Sentence_for_entry_0937.wav,ᎦᏂᏓᏛ ᎤᏂᏱᏗ ᎠᏁᎵᏗᎭ ᎩᏟ,kanitatv uniyhti anelhtiha kilhi
train,training_data/processed/sentence_audio/Sentence_for_entry_0604.wav,ᏞᏍᏗ ᎩᎶ ᎦᎶᏇ ᎬᏗ ᏱᏘᏯᎵᏐᏍᏗᏍᎨᏍᏗ,lhehsti khilo kalokwe kvhti yithiyalihsohstihskehsti
train,training_data/processed/sentence_audio/Sentence_for_entry_1321.wav,ᎤᏴᏍᏗ ᎦᏅᏍᎦ ᎤᏤᎵ ᎨᎻᎵ,uyvhsti kanvhska utseli khemili
train,training_data/processed/sentence_audio/Sentence_for_entry_1611.wav,Ꮎ ᎠᏍᎦᏯ ᏂᎪᎯᎸ ᎤᎿᎸᏐᎢ,na ahskaya nikohilv unhalvhso'i
train,training_data/processed/sentence_audio/Sentence_for_entry_0264.wav,ᎠᎧᏁᏍᏗ ᎠᏥᏁᎸ ᏗᏓᏂᏱᏍᎩ,akhanehsti atsinelv titaniyihski
train,training_data/processed/sentence_audio/Sentence_for_entry_1724.wav,ᏓᎭᏍ ᎦᏚ ᎤᏂᏍᏓᎦᏴᎯᏓ,tahahs katu unihstakayvhita
train,training_data/processed/sentence_audio/Sentence_for_entry_1519.wav,ᎦᏙ ᎤᏍᏗ ᏥᎩ ᎤᏓᏂᎳᎨᎢ,kato uhsti tsiki utanhilake'i
train,training_data/processed/sentence_audio/Sentence_for_entry_0477.wav,ᎧᏰᏉᏂ ᏅᎩᏁ ᏗᏔᏍᎩᏍᏗ ᏓᏂᏔᏍᎩᏍᏗᏍᎪᎢ,khayekwoni nvhkine tithahskihsti tanhthahskihstihsko'i
train,training_data/processed/sentence_audio/Sentence_for_entry_0634.wav,ᎠᎺᏉ ᏓᎩᏐᏨ ᎠᏂᏲᏍᎩ ᏥᏥᏯᎥᎢ,amekwo takihsohtsv aniyohski tsitsiya'v'i
train,training_data/processed/sentence_audio/Sentence_for_entry_1376.wav,ᏄᏟᏍᏛ ᏤᏒ ᎯᏲᏎᎸᎢ,nulhihstv tsehsv hiyohselv'i
train,training_data/processed/sentence_audio/Sentence_for_entry_0407.wav,ᎠᏧᏣ ᏦᎳᏂ ᎤᏲᏍᏔᎾ ᎤᏙᏓ ᎤᏍᎦᏨᎢ,atshutsa tsolani uyohsthana utota uhskatsv'i
train,training_data/processed/sentence_audio/Sentence_for_entry_0522.wav,ᎫᎫ ᎤᏲᏨ ᎤᏬᎰᏌ,kuku uyotsv uwohohsa
train,training_data/processed/sentence_audio/Sentence_for_entry_1061.wav,ᎦᏙ ᎤᏍᏗ ᎯᏰᏌᏛ ᎲᏗᏍᎪ ᏱᏦᏣᏁᏌ,kato uhsti hiyehsa'tv hvhtihsko yitsotsanehsa
train,training_data/processed/sentence_audio/Sentence_for_entry_1710.wav,ᎤᏁᏍᏓᎳ ᎤᏯᎷᎦ ᏗᎦᏚᎲᎢ,unehstala uyhaluka tikatuhv'i
train,training_data/processed/sentence_audio/Sentence_for_entry_1345.wav,ᎤᏗᏍᎦᏝ ᎡᎵᏍᎬ ᎠᏎᏃ ᎬᏂᎨᏒ ᏓᎦᏙᎬᎢ,utihskalha elihskv ahsenho khvnikehsv takatokv'i
train,training_data/processed/sentence_audio/Sentence_for_entry_0861.wav,ᎢᏤ ᎬᏔᏅᏙᏗ ᏗᎦᎳᏗᏍᏙᏗ ᎤᏩᏒᎢ,itse khthanvtohti tikalatihstohti uwhahsv'i
train,training_data/processed/sentence_audio/Sentence_for_entry_0165.wav,ᎢᎦᏓ ᎢᎾᏓ Ꮭ ᎠᎯᏓ ᏱᎩ ᏗᎪᏩᏛᏗ,ikata inata lha ahita yiki tikowahthvhti
train,training_data/processed/sentence_audio/Sentence_for_entry_1270.wav,ᎧᎹᎹ ᎠᏁᏯᏔᎯ ᏚᏂᏲᎭ,khamama aneyhahthahi tuniyhoha
train,training_data/processed/sentence_audio/Sentence_for_entry_0082.wav,ᏅᏃᎯ ᏕᏥᎾᏗᏫᏍᎬ ᎠᎴ ᏓᏆᎴᎳ ᎾᏆᏗᏅᏔᏅᎢ,nvnohi tetsinatiwhskv hale takwalela nakwatinvthanv'i
train,training_data/processed/sentence_audio/Sentence_for_entry_1215.wav,ᏥᏳ ᎠᏝᏫᏗᏍᎩ ᏥᎪᏩᏘᎭ,tsiyu alhawitihski tsikowahthiha
train,training_data/processed/sentence_audio/Sentence_for_entry_0493.wav,ᎦᎪ ᎤᏙᎵᏍᏔᏁᎢ Ꮎ ᏓᏆᎴᎳ,kako utholhsthane' na takwalela
train,training_data/processed/sentence_audio/Sentence_for_entry_1160.wav,ᎯᎳ ᎢᎦ ᏕᏣᏚᎵᎭ,hila ika tetsatuliha
train,training_data/processed/sentence_audio/Sentence_for_entry_0829.wav,ᎧᎵᏎᏥ ᎦᎵᏙᏗ ᎡᏍᎬᏏ,khalhsetsi kalhtohti ehskhvhsi
train,training_data/processed/sentence_audio/Sentence_for_entry_0470.wav,ᏔᎵ ᎢᏳᏔᏬᏍᏔᏅ ᎢᎪᎯᏓ ᎤᏔᏬᏍᏔᏅᎢ,tha'li iyuthawohsthanv ikohita uthawohsthanv'i
train,training_data/processed/sentence_audio/Sentence_for_entry_1387.wav,ᏅᎩ ᎢᏳᏟᎶᏓ ᎠᏓᎾᏫᏍᏗᏍᎪ ᏂᏚᎩᏨᏂᏒᎢ,nvhki yulhilota atanawhstihsko nitukitsvnhihsv'i
train,training_data/processed/sentence_audio/Sentence_for_entry_0138.wav,Ꮎ ᎠᎨᏯ ᏂᎪᎯᎸ ᏥᎳᎵ ᎠᎩᏍᏙᏍᎪᎢ,na akeyha nikohilv tsilali akihstohsko'i
train,training_data/processed/sentence_audio/Sentence_for_entry_1216.wav,ᎦᏙ ᎤᏍᏗ ᎠᏍᎦᏯ ᏥᏳ ᏗᏝᏫᏘᏗᏍᎩ,kato uhsti ahskaya tsiyu tilhawithtihski
train,training_data/processed/sentence_audio/Sentence_for_entry_0139.wav,ᏍᎪᎯ ᎢᏯᏂᎢ ᏥᏔᎦ ᎠᏂᎩᏏ ᏕᏥᎪᏩᏘᎭ ᏌᏊᏃ ᎠᏨᏯ,skohi iyani tsithaka anikihsi tetsikowhthiha hsakwunho atshvya
train,training_data/processed/sentence_audio/Sentence_for_entry_0116.wav,ᎤᏍᎪᏍᏗ ᎠᎦᎵᏍᎪ ᏅᏓ ᎢᏳᏃ ᎧᎵ ᏅᏓ ᏱᎩ,uhskohsti akalihsko nvta iyunho khali nvta yiki
train,training_data/processed/sentence_audio/Sentence_for_entry_1076_01.wav,ᏐᏈᎵ ᎤᎾᏚᏓᎸᏗ ᎤᏭᏓᎸᏅ ᏐᏈᎵ ᎤᏤᎵᎠ,sokwili unatutalvti uwutalvnv hsokwili utseli'a
train,training_data/processed/sentence_audio/Sentence_for_entry_1022.wav,ᎩᏟ ᎤᏲᏏᎭ ᎯᏰᎶᎦ,kilhi uyohsiha hiyeloka
train,training_data/processed/sentence_audio/Sentence_for_entry_0975.wav,ᎣᏓᎸ ᎠᏂᎴᎩ ᏗᎦᏅᎯᏓ ᏍᏕᏱᏓ ᏓᏂᏁᎰᎢ,otalv anileki tikanvhita hsteyita taninheho'i
test,training_data/processed/sentence_audio/Sentence_for_entry_1404.wav,Ꮎ ᎣᏝ ᎠᎬᏍᏉᏍᏙᏗ ᎡᏍᎬᏏ,na olha akvhskwohstohti ehskhvhsi
test,training_data/processed/sentence_audio/Sentence_for_entry_0231.wav,ᎯᏍᎦᎰᎢᏍ ᎠᏴᏓᏆᎶᏍᎩ,hihskaho'ihs ayhvtakwalohski
test,training_data/processed/sentence_audio/Sentence_for_entry_1118.wav,Ꮭ ᏳᏅᏔ ᎢᎦ ᎤᏮᏘᏗ ᏥᏃᏍᎦ,lha yunhtha ika uwvthti tshinohska
test,training_data/processed/sentence_audio/Sentence_for_entry_0503.wav,ᏍᏓᏯ ᏱᎦᏬᏂᏌ ᎩᎳ ᎠᏛᎩᏍᎪᎢ,staya yikawonihsa khila athvkihsko'i
test,training_data/processed/sentence_audio/Sentence_for_entry_1074.wav,ᎤᏒ ᏥᎨᏒ ᎤᏔᎾ ᎠᏉᏔᏅᎢ,uhsv tsikehsv uthana akwothanv'i
test,training_data/processed/sentence_audio/Sentence_for_entry_0958_01.wav,Ꮎ ᏥᏳ ᎦᏃᏴᎦ,na tsiyu kanoyvka
test,training_data/processed/sentence_audio/Sentence_for_entry_0129.wav,ᎦᎪ ᎥᏍᎩᎾ ᎠᎨᏯ,kako vhskina akeyha
test,training_data/processed/sentence_audio/Sentence_for_entry_1219.wav,ᏦᎢ ᏧᏒᎯᏓ ᏫᏓᎨᏙᎵ ᏅᏓᎩ,tso'i tsuhsvhita witaketoli nvtaki
test,training_data/processed/sentence_audio/Sentence_for_entry_1841.wav,ᏤᏙᎸᎢᏍ ᏩᏒᏓᏃᎢ,tsetolv'ihs wahsvtano'i
test,training_data/processed/sentence_audio/Sentence_for_entry_1399.wav,ᏙᏓᎸ ᎦᎸᎳᏗ ᎠᏁᎰ ᎠᏬᎭᎵ,totalv kalvla'ti aneho awoha'li
test,training_data/processed/sentence_audio/Sentence_for_entry_1287.wav,ᎦᎪ ᎤᏁᏌᏝᏁ ᎠᎹᏢᏗᎢ,kako unhehsalhane amalhti'i
test,training_data/processed/sentence_audio/Sentence_for_entry_0306.wav,ᏧᏙᏓᏋᏓ ᎠᎾᎵᏏᎾᎲᏍᏗᏍᎪ ᎠᎾᎳᏍᎦᎵᏍᎩ,tsutotakwvta analhsinahvhstihsko analahskalihski
test,training_data/processed/sentence_audio/Sentence_for_entry_0221_01.wav,ᏩᎦ ᎤᏲᎾ ᎬᏗ ᎠᏯᏂᎭ ᎩᏟ,wahka uyhona kvhti ayhaniha kilhi
test,training_data/processed/sentence_audio/Sentence_for_entry_1564.wav,ᎤᏙᏓᏆᏓ ᎦᏃᎭᎵᏙᎰ ᏳᏃᎭᎴᎾ,utotakwata kanohalitoho yunohalena
test,training_data/processed/sentence_audio/Sentence_for_entry_0184.wav,ᏦᎢ ᎢᏯᏂ ᏧᏪᏥ ᎠᏂᏧᏣ ᎠᎾᎵᏣᏙᎲᏍᎩ ᏄᎾᎵᏍᏔᏅᎢ,tso'i iyani tsuwetsi anitshutsa analhtsatohvhski nunalhsthanv'i
test,training_data/processed/sentence_audio/Sentence_for_entry_1004.wav,ᎠᏓᏴᏍᏕᏍᏗᏍᎩ ᎠᏗᏔᏍᏗ ᎤᏂᏅᏍᏙ ᎦᏘᏲᎢ,atayhvhstehstihski atithahsti uninvhsto kathiyo'i
test,training_data/processed/sentence_audio/Sentence_for_entry_1034.wav,ᎩᎦᎨ ᎤᎵᏑᏫᏓ ᏩᎩᎸᏉᏛᎢ,kikake ulhsuwhita wakilvkwhtv'i
test,training_data/processed/sentence_audio/Sentence_for_entry_0278.wav,ᎠᎦᏐᏍᎬ ᏭᏩᏌᏙᏴ ᏓᏆᎴᎳ,akhsohskv wuwahsatoyhv takwalela
test,training_data/processed/sentence_audio/Sentence_for_entry_1745.wav,ᎤᏒᏕᎾ ᎤᏤᎵ ᎦᏅᎦᎵᎭ,uhsvtena utseli kanvkaliha
test,training_data/processed/sentence_audio/Sentence_for_entry_0737.wav,ᏙᏱ ᏓᎦᎶᎯ,toyi takalohi
test,training_data/processed/sentence_audio/Sentence_for_entry_0820.wav,ᎦᎦᏪᏍᏗ ᎠᏆᏙᎸᎡᎸ ᏒᎯ ᏥᎨᏒᎢ,kakawehsti akwhtholv'elv hsvhi tsikehsv'i
test,training_data/processed/sentence_audio/Sentence_for_entry_1190.wav,ᏦᎢ ᎢᏯᎦᏴᎵ ᎢᏯᏂ ᏴᏫ ᎤᎾᏛᏓᏍᏔᏂᏢ ᎤᎬᏫᏳᎯ ᎦᏬᏂᏍᎬᎢ,tso'i iyakayvli iyani yvwi unahthvtahsthanilhv ukvwiyuhi kawonihskv'i
test,training_data/processed/sentence_audio/Sentence_for_entry_0879.wav,ᎦᎶᎯᏍᏗ ᏭᎦᏛᎴᏒᎢ,kalohihsti wukhthvlehsv'i
test,training_data/processed/sentence_audio/Sentence_for_entry_1192_01.wav,ᎯᎳ ᎢᏳᏓᎵ ᏕᎯᏫᏍᎪ ᏎᎷ,hila iyutali tehiwhihsko hselu
test,training_data/processed/sentence_audio/Sentence_for_entry_0525_02.wav,ᏗᏲᏟ ᏅᏯ ᏚᏭᏖᏒᎢ,tiyolhi nvya tuwuthehsv'i
test,training_data/processed/sentence_audio/Sentence_for_entry_1090.wav,ᏚᏂᏂᏗ ᎧᎸ ᎨᏐ ᏣᎾᏓᏟᏏᏍᎪᎢ ᎫᏐᎢ,tuninhti kha'lv kehso tsanatalhihsihsko'i kuhso'i
test,training_data/processed/sentence_audio/Sentence_for_entry_0494.wav,ᎯᎳ ᎢᎪᎯᏓ ᎤᏙᏟᏍᏗ ᎤᏚᎵ,hila ikohita utholhihsti utuli
test,training_data/processed/sentence_audio/Sentence_for_entry_1855.wav,ᏯᏂᏌ ᎤᎾᏘᏒᏂᏓ,yanhsa unatsvnhita
test,training_data/processed/sentence_audio/Sentence_for_entry_0529.wav,ᏧᎾᏍᏗ ᎠᏂᏧᏣ ᎠᎾᏟᎲ ᎤᏲᎢᏍᏔᏅᎢ,tsunhsti anitshutsa analhihv uyo'ihsthanv'i
test,training_data/processed/sentence_audio/Sentence_for_entry_0286.wav,ᎤᏬᏚᎯ ᎨᏐ ᎠᎦᏖᎾᏍᏗ ᎪᎨᏱ,uwotuhi kehso akhthenahsti kokeyi
test,training_data/processed/sentence_audio/Sentence_for_entry_0940.wav,ᎭᏢ ᎢᏴ ᏓᏥᏂᏝᏗ,halhv iyv tatsinilha'ti
test,training_data/processed/sentence_audio/Sentence_for_entry_0813.wav,ᎯᎳ ᎾᏂᎠ ᏴᏫ ᎠᏁᎭ ᏓᎵᏆ ᎦᏚᎲᎢ,hila nani'a yvwi aneha talikwa katuhv'i
test,training_data/processed/sentence_audio/Sentence_for_entry_1015.wav,ᎦᏰᏌᏛ ᎤᏩᏨᏴ ᎧᎾᏥᏍᏕᏥ,kayehsa'tv uwatsvyhv khantsihstetsi
test,training_data/processed/sentence_audio/Sentence_for_entry_1341.wav,ᎫᏩᏯ ᏥᏈᏍᏗ ᎦᎾᏕᎪ ᎪᎩ ᏱᏄᎵᏍᏔᎾ,khuwaya tskwihsti kanateko koki yinulhsthana
test,training_data/processed/sentence_audio/Sentence_for_entry_0424.wav,ᎠᎹᎵᏗ ᎦᏍᎪᏍᎦ,amalhti kahskohska
test,training_data/processed/sentence_audio/Sentence_for_entry_0635.wav,ᎤᏙᏓᏆᏓ ᏚᏪᏘᏅ ᎤᏗᏞᎩ ᏚᎸᏫᏍᏓᏁᎲᎢ,utotakwata tuwethinv utilhehki tulvwhihstanehv'i
test,training_data/processed/sentence_audio/Sentence_for_entry_1485.wav,ᏒᎯᏰᏱ ᎠᎦᎵᏍᎪ ᎦᏄᎸ,svhiyeyi akalhsko kanulv
test,training_data/processed/sentence_audio/Sentence_for_entry_1148.wav,ᎣᏓᎸ ᎡᎯ ᏢᏓᏥ ᎨᏠᎯ,otalv ehi lhvtatsi kelhohi
test,training_data/processed/sentence_audio/Sentence_for_entry_0134.wav,ᎠᏂᏣᎳᎩ ᏗᎨᏥᎢᎸᏍᏔᏅ ᎠᎩᏟᏱ ᎨᏎᎢ,anitsalaki tiketsi'ilvhsthanv akitlhiyi kehse'i
test,training_data/processed/sentence_audio/Sentence_for_entry_0824.wav,ᎦᎪ Ꮎ ᏌᎪᏂᎨ ᎤᎵᏍᏚᎵ ᏥᎩ ᎠᏍᎦᏯ,kako na hsahkhonike ulhstuli tsiki ahskaya
test,training_data/processed/sentence_audio/Sentence_for_entry_0637.wav,ᎤᏟᏍᏗ ᏚᏭᎪᏔᏅᎢ,ulhihsti tuwukhthanv'i
test,training_data/processed/sentence_audio/Sentence_for_entry_1840.wav,ᎯᏲᎵᎩᏍ ᎩᎶ ᏩᏒᏓᎾ ᏧᏙᎢᏓ,hiyolikihs khilo wahsvtana tsuto'ita
test,training_data/processed/sentence_audio/Sentence_for_entry_0114.wav,ᎦᏙᎯ ᏱᏚᎾᏁᎶᎿ ᏗᏂᏲᏟ ᎠᏂᎦᏓᎭ ᎾᎾᎵᏍᏗᏍᎪᎢ,katohi yitunanelonha tiniyolhi anikataha nanalhstihsko'i
test,training_data/processed/sentence_audio/Sentence_for_entry_1604.wav,ᏗᎦᎨᏓ ᏓᏌᎳᏗᏍᎬ ᎤᏟᏂᎩᏓ ᏄᎵᏍᏔᏅᎢ,tikaketa tahsalatihskv ulhinikita nulhsthanv'i
test,training_data/processed/sentence_audio/Sentence_for_entry_1588.wav,ᎤᎪᏗ ᎤᏅᏗ ᎦᎾᏕᎪᎢ,ukoti unvti kanateko'i
test,training_data/processed/sentence_audio/Sentence_for_entry_1735.wav,ᎤᏍᏉᏟ ᎠᏍᎪᎵᏰᎠ,uhskwolhi ahskoliye'a
test,training_data/processed/sentence_audio/Sentence_for_entry_0658.wav,ᏗᏓᏁᎸ ᏨᎤᏪᏅᏒ ᎪᎯ,titanelv tsuwenvhsv khohi
test,training_data/processed/sentence_audio/Sentence_for_entry_1130.wav,ᏞᏍᏗ ᎥᏍᎩ ᏱᎿᏛᏁᎮᏍᏗ,lhehsti vhski yinhatvnehehsti
test,training_data/processed/sentence_audio/Sentence_for_entry_1421.wav,ᏌᎪᏂᎨ ᎤᎵᏑᏫᏓ ᎤᎵᏍᏚᎳ,sahkhonike ulhsuwhita ulhstula
test,training_data/processed/sentence_audio/Sentence_for_entry_1310.wav,ᎧᏬᏄ ᎠᎹᏱ ᎤᏂᎸᏉᏗ,khawonu amayi unilvkwhti
test,training_data/processed/sentence_audio/Sentence_for_entry_0778.wav,ᎡᎵᏊᏍ ᏗᎦᏚᎲ ᏳᏫᏍᎩᎧᎲᎦ,elikwuhs tikatuhv yuwihskikhahvka
test,training_data/processed/sentence_audio/Sentence_for_entry_0946_02.wav,ᎯᎳᏴ ᏥᎨᏒ ᎠᏥᏂᏴᎮ,hilayv tsikehsv atsi'niyvhe
test,training_data/processed/sentence_audio/Sentence_for_entry_1859.wav,ᏱᏂᎦᎵᏍᏗᎭᏊ ᎩᎶ ᎯᏯᏑᏰᏍᏗ ᏣᏍᏕᎵᏍᎩ,yinikalhstihakwu khilo hiyahsuyehsti tsahstelihski
test,training_data/processed/sentence_audio/Sentence_for_entry_1509.wav,ᏥᏆᎴᏆᎵ ᏂᎦᏪᏍᎬ ᎦᏛᎩᏍᎪ ᏧᎵᏏᏅᏓ ᎠᏓᏁᎸ ᎾᎥᎢ,tskwalekwali nikawehskv kathvkihsko tsulhsinhvta atanelv na'v'i
test,training_data/processed/sentence_audio/Sentence_for_entry_1081.wav,ᎦᎪ ᎤᏭᎭᏝᏁᎢ ᎯᎠ ᎦᎶᎪᏗ,kako uwuhalhane'i hi'a kalokoti
test,training_data/processed/sentence_audio/Sentence_for_entry_1301.wav,ᏣᎸᏉᏗᏍ ᎧᎾᏍᏓᏥ ᎠᎦᏅ ᏣᏗᏔᏍᏗ,tsalvkwhtihs khanhstatsi akanv tsatithahsti
test,training_data/processed/sentence_audio/Sentence_for_entry_1246.wav,ᏧᏂᎵᏍᏓᎾᎵ ᏧᏑᏗ ᎤᎸᏉᏗ,tsunilihstanali tsuhsuhti ulvkwhti
test,training_data/processed/sentence_audio/Sentence_for_entry_0144.wav,ᎠᎪᎾᏍ ᏣᎶᏒᎯ,akonahs tsalohsvhi
test,training_data/processed/sentence_audio/Sentence_for_entry_1326.wav,ᎠᏥᏐᏅᎿ ᎩᎳᏊ ᎢᏴᏓ ᎤᎷᏨ ᎦᎾᎦᏘ,atsihsonvnha khilakwu iyvta uluhtsv kanakhthi
test,training_data/processed/sentence_audio/Sentence_for_entry_1410_02.wav,ᎣᏍᏓ ᎦᏬᏂ,ohsta kawoni
test,training_data/processed/sentence_audio/Sentence_for_entry_0533.wav,ᎤᏟᏂᎩᏓ ᎦᏃᎸᏍᎬ ᎤᏲᏍᏔᏃᏅ ᎤᏍᏗ ᎠᏓᏁᎸᎢ,ulhinikita kanolvhskv uyohsthanonhv uhsti atanelv'i
test,training_data/processed/sentence_audio/Sentence_for_entry_1377.wav,ᏄᎳ ᏓᎩᏂᎪᏂᏲᏥᏍ,nula takinikonhiyotsihs
test,training_data/processed/sentence_audio/Sentence_for_entry_0755.wav,ᎩᎶ ᏚᏍᏓᏃᏴᎬ ᎦᏛᎩᎠ,khilo tuhstanoyhvhkv kathvki'a
test,training_data/processed/sentence_audio/Sentence_for_entry_0324.wav,ᎢᎾᎵᎢᏓ ᎭᏰᎵᏍᏗ,inali'ita hayelhsti
test,training_data/processed/sentence_audio/Sentence_for_entry_0744.wav,ᏅᎩ ᎢᎳᏏᏗ ᎢᏗᎦᏅᎯᏓ ᏚᎷᎬᎢ,nvhki ilahsihti itikanvhita tulhkv'i
test,training_data/processed/sentence_audio/Sentence_for_entry_1717.wav,ᎤᏃᎸᏔᎾ ᎧᎸ ᎠᏓᎴᏂᏍᎬ ᎢᏤ ᎠᏕᏘᏱᏍᎬᎢ,unolvthana kha'lv atalenihskv itse atethiyihskv'i
test,training_data/processed/sentence_audio/Sentence_for_entry_1302.wav,ᎧᏄᎦᏟ ᎠᏆᏕᏍᏗ ᎠᏆᏚᎵᎭ,khanukalhi akwatehsti akwatuliha
test,training_data/processed/sentence_audio/Sentence_for_entry_0929.wav,ᎡᎳᏗᏊ ᏥᏅᎨᏍᏗ,elatikwu tsinvkehsti
test,training_data/processed/sentence_audio/Sentence_for_entry_1809.wav,ᎤᏲ ᎦᏅᏅ ᎤᏲᏤᎸ ᏔᎵ ᏗᎦᏆᏘ,uyo kanvnhv uyotshelv tha'li tikakwathi
test,training_data/processed/sentence_audio/Sentence_for_entry_1802.wav,ᎪᎱᏍᏗ ᎤᏰᎸᏗ ᏍᏓᏟᏃᎮᏗ ᎤᏚᎵᎭ,kohuhsti uyelhti hstalhinohehti utuliha
test,training_data/processed/sentence_audio/Sentence_for_entry_1760.wav,ᎦᎪ Ꮎ ᎤᏛᎯᏍᏗ,kako na uthvhihsti
test,training_data/processed/sentence_audio/Sentence_for_entry_0161.wav,ᎯᎠᎷᎦ Ꮎ ᏓᏆᎴᎳ,hi'aluka na takwalela
test,training_data/processed/sentence_audio/Sentence_for_entry_1598.wav,ᎤᎭᎸᎾ ᎤᏃᏴᎬ ᎦᏛᎩᎠ,uhalvna unoyhvhkv kathvki'a
test,training_data/processed/sentence_audio/Sentence_for_entry_0455.wav,ᏄᏓᎴ ᎩᎶ ᎤᏑᎶ ᎤᏑᎳᏅᎢ,nutale khilo uhsulo uhsulanv'i
test,training_data/processed/sentence_audio/Sentence_for_entry_1359.wav,ᎯᎦᏔᎭᏍ ᏁᏩᏓ ᏦᏢᏗ,hikhthahahs newata tsolhvhti
test,training_data/processed/sentence_audio/Sentence_for_entry_0141.wav,ᏓᏆᎴᎳ ᏚᏟᏆᏗᎾ ᎠᎪᎲᏍᎬ ᎤᏓᎴᏅᎲᎢ,takwalela tulhihkwatina akohvhskv utalenvhv'i
test,training_data/processed/sentence_audio/Sentence_for_entry_0383.wav,ᎢᏤ ᎠᏌᏃ ᎠᏆᏚᎵ,itse ahsano akwatuli
test,training_data/processed/sentence_audio/Sentence_for_entry_0736.wav,ᏙᏒᏓᎵ ᏂᎪᎯᎸ ᏚᏂᎸᏫᏍᏓᏁᎰᎢ,tohsvtali nikohilv tunilvwhihstaneho'i
test,training_data/processed/sentence_audio/Sentence_for_entry_1268.wav,ᎦᏙ ᎤᏍᏗ ᎧᎸ ᏣᏕᏘᏱᏍᎩ,kato uhsti kha'lv tsatethiyihski
test,training_data/processed/sentence_audio/Sentence_for_entry_1289.wav,ᎤᏁᏍᏓᏝᎲ ᏓᎦᎶᎯ ᏥᏍᏆ ᎠᏓ,unhehstalhahv takalohi tsihskwa a'ta
test,training_data/processed/sentence_audio/Sentence_for_entry_1708.wav,ᏂᎪᎯᎸ ᎤᏅᏗ ᎠᎩᎾᏗᏅᏗ ᎠᎩᏁᎰᎢ,nikohilv unvti akinatinvti akineho'i
test,training_data/processed/sentence_audio/Sentence_for_entry_1115.wav,ᎩᎶ ᏓᏯᎢ ᎲᏍᎦᎳᏓ ᎦᎶᏇ,khilo taya'i hvhskalata kalokwe
test,training_data/processed/sentence_audio/Sentence_for_entry_0158.wav,ᏪᏌ ᏳᎵᏍᏓᏴᏃᎿ ᎠᎬᏍᏉᏍᎪᎢ,wehsa yulhstayvnhonha akvhskwohsko'i
test,training_data/processed/sentence_audio/Sentence_for_entry_0776.wav,ᎩᎳᏊ ᏛᎠᏂᎷᏥ ᎨᎵᎠ,khilakwu tv'aniluhtsi keli'a
test,training_data/processed/sentence_audio/Sentence_for_entry_0250_02.wav,ᏥᏈᏍᏗ ᎠᏕᎳ ᏱᏚᎭ ᏓᏤᏫᏍᎪᏊ,tskwihsti atela yituha tatsewihskokwu
test,training_data/processed/sentence_audio/Sentence_for_entry_1086_01.wav,ᎤᏬᏰᏂ ᎬᏗ ᎤᏭᏢᏅ ᎤᏁᎸᏒᎢ,uwoyeni kvhti uwulhvnv unhelvhsv'i
test,training_data/processed/sentence_audio/Sentence_for_entry_0941.wav,ᎤᏥ ᎤᏤᎵ ᎢᏳᎵᏍᏔᏅ ᎦᏂᏝᏗᏍᏗ ᎤᏩᏯ,utsi utseli iyulhsthanv kanilhatihsti uwaya
test,training_data/processed/sentence_audio/Sentence_for_entry_1510_01.wav,ᏥᏈᏍᏗ ᎦᏬᏂᏍᎪ ᎣᏍᏓ ᏳᏓᏅᏔ,tskwihsti kawonihsko ohsta yutanhtha
test,training_data/processed/sentence_audio/Sentence_for_entry_1666.wav,ᏧᎳᏏᏕᏂ ᏚᎦᏌᏔ ᏚᎿᏬᏍᏛᎢ,tsulahsihteni tukhsatha tunhawohstv'i
test,training_data/processed/sentence_audio/Sentence_for_entry_0528.wav,ᎯᎳ ᎢᏴ ᏥᎨᏒ ᎤᏲᎱᏎᎢ,hila yv tsikehsv uyohuhse'i
test,training_data/processed/sentence_audio/Sentence_for_entry_0699.wav,ᏗᎧᏃᎩᏍᏗ ᏓᏅᏗᏍᎪ ᏱᏚᏂᏃᎩᏌ,tikhanokihsti tanhtihsko yituninhokihsa
test,training_data/processed/sentence_audio/Sentence_for_entry_0196.wav,ᏍᎪᎯ ᎠᏕᎸ ᎤᏁᎸ ᎤᏪᏥ ᎠᏧᏣ,skohi atelv unhelv uwetsi atshutsa
test,training_data/processed/sentence_audio/Sentence_for_entry_0779.wav,ᎡᎵᏍᏗ ᏱᎧᏃᎲᎵ ᎾᎿ ᎡᎬᎢ,elihsti yikhanohvli nanha ekv'i
test,training_data/processed/sentence_audio/Sentence_for_entry_0187.wav,ᏗᏠᏗ ᏗᏆᏁᏟᏙᏗ ᎠᎩᎸᏉᏗ,tilhohti tikwanelhtohti akilvkwhti
test,training_data/processed/sentence_audio/Sentence_for_entry_0683.wav,ᏗᎪᏪᎵ ᏕᏥᎪᎵᏰᎠ,tikowheli tetsikoliye'a
test,training_data/processed/sentence_audio/Sentence_for_entry_1580_01.wav,ᎠᎩᎦᎾᏬᏍᎦᏛ ᏍᏗᎩᏓ ᏃᏊ,akikanawohskatv hstikhita nokwu
test,training_data/processed/sentence_audio/Sentence_for_entry_0429.wav,ᏍᏆᎳ ᏗᎪᏪᎶᏗ ᎠᏴᏩᏔ,skwala tikowheloti ayvwhahtha
test,training_data/processed/sentence_audio/Sentence_for_entry_0311_01.wav,ᎠᏂᏍᎦᏯ ᎠᎴ ᎠᏂᎨᏯ ᏕᏥᎪᏩᏘᎭ,anihskaya ale anikeyha tetsikowahthiha
test,training_data/processed/sentence_audio/Sentence_for_entry_1822.wav,ᎥᏓᎵ ᎾᎥ ᎠᏂᏃᎯᎵᏙᎰ ᏩᏓᏚᎦ,vtali na'v aninohilitoho watatuka
test,training_data/processed/sentence_audio/Sentence_for_entry_0867.wav,ᎣᏏ ᏭᏏᏔᏓ ᎤᎴᏴᏒᎢ,ohsi wuhsihthata uleyvhsv'i
test,training_data/processed/sentence_audio/Sentence_for_entry_0317.wav,ᎠᎵ ᏚᏖᎡᏒ ᎤᏄᏮᎢ,ali tuthe'ehsv unhuwv'i
test,training_data/processed/sentence_audio/Sentence_for_entry_1664.wav,ᏪᏏ ᎠᏂᏓ ᎤᏂᎬᎯᏍᏗ ᎨᏐᎢ,wehsi anita unikhvhihsti kehso'i
test,training_data/processed/sentence_audio/Sentence_for_entry_1571.wav,ᎠᎹᏱ ᎠᏆᏚᎭ,amayi akwatuha
test,training_data/processed/sentence_audio/Sentence_for_entry_0016.wav,ᎠᏓᎨᏳᏗ ᎤᎵᏍᎨᏓ,atakeyhti ulhsketa
test,training_data/processed/sentence_audio/Sentence_for_entry_1671.wav,ᎤᎵᎪᎲᏍᏗ ᎢᏴ ᏛᎴᏅᎯ ᏓᏕᏠᏆᏍᎬᎢ,ulkohvhsti iyv tvlenvhi tatelhohkwahskv'i
test,training_data/processed/sentence_audio/Sentence_for_entry_1203.wav,ᏣᎳᎩ ᎤᏪᏘ ᎢᎾ ᎢᏗᎦᏘ ᏙᏓᎳ,tsalaki uwethi ina itikathi totala
test,training_data/processed/sentence_audio/Sentence_for_entry_0920.wav,Ꮎ ᎩᏟ ᎠᎹ ᎤᏁᏩᏛᏗ ᎠᏁᎵᏗᎭ,na kilhi ama unewhthvhti anelhtiha
test,training_data/processed/sentence_audio/Sentence_for_entry_1452.wav,ᏏᎩᎩ ᎾᏂᏪᏍᎬ ᎦᏛᎩᎠ,sikiki naniwehskv kathvki'a
test,training_data/processed/sentence_audio/Sentence_for_entry_1329.wav,ᎦᏂᏢ ᎠᏰᏍᏛᏗ ᎤᎴᏌ ᏗᎧᏲᏗᏍᎩᎢ ᎤᏮᏣᎬᏅᎢ,kanilhv ayehstvti ulehsa tikhayohtihski'i uwhtsakvnv'i
test,training_data/processed/sentence_audio/Sentence_for_entry_0396_02.wav,ᎤᏴᏍᏕᏓ ᏱᎩ ᎩᎶ ᎠᏍᏚᎲᏍᎪᎢ,uyhvhsteta yiki khilo ahstuhvhsko'i
test,training_data/processed/sentence_audio/Sentence_for_entry_1137.wav,ᎦᏙᎩ ᎭᏗᏍᎨ Ꮭ ᎪᎱᏍᏗ,katoki hatihske lha kohuhsti
test,training_data/processed/sentence_audio/Sentence_for_entry_0055.wav,ᎠᏥᎳ ᎪᏢᏗ ᎠᏓᏪᎳᎩᎠ,atsila kolhvhti atawelaki'a
test,training_data/processed/sentence_audio/Sentence_for_entry_1231.wav,Ꮭ ᏧᎬᏩᎶᏗ ᏱᏂᎬᏂᏏᏍᎪ ᎠᎵᎮᎵᏍᏗ ᎨᏒᎢ,lha tsukvwalhti yinikvnhihsihsko alihelihsti kehsv'i
test,training_data/processed/sentence_audio/Sentence_for_entry_0465.wav,ᎤᏬᏰᏂ ᎤᎴᏴᏒ ᎤᏗᏞᎩ ᎣᏏ ᎤᏒᏂᎳ,uwoyeni uleyvhsv utilhehki ohsi uhsvnhila
test,training_data/processed/sentence_audio/Sentence_for_entry_0436.wav,ᎩᏟ ᏚᎦᏘᎴᎾ ᎦᏅᏍᏓ ᎬᏗ ᎤᏍᏉᎭᎸᏂᎸᎢ,kilhi tukhthilena kanhsta kvhti uhskwohalvnilv'i
test,training_data/processed/sentence_audio/Sentence_for_entry_0066.wav,ᎠᎨᏳᏣ ᎤᎦᏔᏍᏓᏁᎳ ᎤᏕᎰᏒᎢ,akeyhutsa ukhthahstanela utehohsv'i
test,training_data/processed/sentence_audio/Sentence_for_entry_1207.wav,ᎢᎸᎯᏳᎢᏍ ᎯᏯᏍᎩᏘᏒ ᏥᏌ,ilvhiyuhs hiyahskitsv tsihsa
test,training_data/processed/sentence_audio/Sentence_for_entry_0176.wav,ᏂᎯᏍ ᎭᏝᏫᏘᏗᏍᎩ ᎯᎠ ᏥᏳ,nihihs halhawithtihski hi'a tsiyu
test,training_data/processed/sentence_audio/Sentence_for_entry_1101_02.wav,ᎩᎶ ᎬᏂᎭ ᎦᎶᎯᏍᏗᎢ,khilo kvnhi kalohihsti'i
test,training_data/processed/sentence_audio/Sentence_for_entry_1532.wav,ᎤᏓᏅᎯᏓ ᎡᎳᏗ ᎤᏂᎩᏒᎢ,utanvhita elati unhikihsv'i
test,training_data/processed/sentence_audio/Sentence_for_entry_1390.wav,ᏅᏃᎯ ᎠᏰᏟ ᎠᎢ ᎩᎶᎢ,nvnohi ayelhi a'i khilo'i
test,training_data/processed/sentence_audio/Sentence_for_entry_1524.wav,ᎦᏙ ᎤᏍᏗ ᏨᏏ Ꮎ ᎤᏓᎾᏂ,kato uhsti tshvhsi na utana'ni
test,training_data/processed/sentence_audio/Sentence_for_entry_0280.wav,ᎯᎦᏔᎭᏍ ᏣᎳᎩ ᏣᏬᏂᎯᏍᏗ,hikhthahahs tsalaki tsawonihihsti
test,training_data/processed/sentence_audio/Sentence_for_entry_0446.wav,ᎤᎾᎵᎢ ᎤᎶᏌ ᎤᏐᎸᏓᎩᎡᎸᎢ,unali'i ulohsa uhsolvtaki'elv'i
test,training_data/processed/sentence_audio/Sentence_for_entry_0490.wav,ᎦᎪ ᏱᏓᏓᎩᏯ ᏱᏍᏓᏙᎩᏯ,kako yitatakhiya yihstahthohkiya
test,training_data/processed/sentence_audio/Sentence_for_entry_0553.wav,ᎦᏙᎲ Ꮭ ᏱᏙᏣᏓᏅᏗᏍᏔᏁ,katohv lha yitotsatanvtihsthane
test,training_data/processed/sentence_audio/Sentence_for_entry_1534.wav,ᎤᏓᏍᏛᏗᏍᏗ ᎨᏒ ᏩᏟᎢᎶᎯᎭ ᏱᏛᏲᏍᏗ ᏗᎧᏃᏩᏛᏍᏗ,utahstvtihsti kehsv walhi'ilohiha yitvyohsti tikhanowatvhsti
test,training_data/processed/sentence_audio/Sentence_for_entry_0052.wav,Ꮭ ᎠᏎ ᏣᏓᏍᏓᏴᏗ ᏱᎩ ᏝᎮᏃ ᏯᎩᏲᏏᎭ,lha ahse tsatahstayhti yiki lhahenho yakiyohsiha
test,training_data/processed/sentence_audio/Sentence_for_entry_0224.wav,ᎤᏁᎦ ᎤᏥᎸ ᎬᏗ ᎤᏰᎦᏝᏅᎢ,uneka utsilv kvhti uyhehkalhanv'i
test,training_data/processed/sentence_audio/Sentence_for_entry_1309.wav,Ꮎ ᎠᏧᏣ ᎤᏓᏅᎯᏓ ᎤᏓᎾᏩᏍᏔᏅ ᎢᏳᏍᏗ ᏍᏓᏯ ᎧᏬᎳᏕᎠ,na atshutsa utanvhita utanawhsthanv iyuhsti hstaya khawolte'a
valid,training_data/processed/sentence_audio/Sentence_for_entry_0117_01.wav,Ꮎ ᎠᎨᏳᏣ ᎤᏍᏘᎬ ᎤᎦᎳᏍᏗ ᎤᏚᎵ,na akeyhutsa uhstihkv ukalhsti utuli
valid,training_data/processed/sentence_audio/Sentence_for_entry_0633.wav,ᎪᎱᏍᏗ ᏗᎩᏃᏣᎸᏗ ᎠᏆᏚᎵᎭ,kohuhsti tikinotsalhti akwatuliha
valid,training_data/processed/sentence_audio/Sentence_for_entry_1096_02.wav,ᏣᎳᎩ ᎬᏗ ᏚᏟᏃᎮᏔᏅᎢ,tsalaki kvhti tulhinohehthanv'i
valid,training_data/processed/sentence_audio/Sentence_for_entry_1181.wav,ᎢᎸᏍᎩ ᎢᏳᏟᎶᏓ ᎡᎳᏓ ᎤᏂᎩᏒᎢ ᎩᎳ ᎤᏓᏣᏁᎴᎢ,ilvhski iyulhilota elata unhikihsv'i khila utatsanele'i
valid,training_data/processed/sentence_audio/Sentence_for_entry_0118.wav,ᎢᎦᏓ ᎠᎦᎷᎦ ᏧᏍᏗ ᎨᏐ ᎢᎦᏓᏃ ᏧᏔᎾ,ikata akaluka tsuhsti kehso ikatanho tsuthana
valid,training_data/processed/sentence_audio/Sentence_for_entry_0434.wav,ᎤᏍᏆᏂᎪᏒ ᎾᎯᏗᏴ ᎤᏕᏠᏆᎥ ᎤᎪᎵᏰᏗ ᎤᏪᏥ ᎠᏧᏣ,uhskwanikohsv nahitiyv utelhohkwa'v ukoliyeti uwetsi atshutsa
valid,training_data/processed/sentence_audio/Sentence_for_entry_0597.wav,ᏗᏣᎴᎲᎦ ᎦᏛᏅ ᏂᎦᏓ ᏕᏣᎴᏅᎢ,titsalehvka katvnv nikata tetsalenhv'i
valid,training_data/processed/sentence_audio/Sentence_for_entry_0378.wav,ᎠᏂᏍᎬᏘ ᎯᏍᎩᏁ ᎤᏕᏘᏱᏍᎩ ᎡᏥ,anhskvthi hihskine utethiyihski etsi
valid,training_data/processed/sentence_audio/Sentence_for_entry_0310.wav,ᎦᏄᎸᎯ ᎦᎢᏒ ᎠᎴ ᎢᎾᏓ ᏂᏥᏯᎳᏍᏛᏔᏅᎢ,kanulvhi ka'ihsv ale inata nitsiyalahstvthanv'i
valid,training_data/processed/sentence_audio/Sentence_for_entry_1486.wav,ᏒᎦᏔ ᏚᏩᏒ ᏗᎦᏚᎲᎢ,svkhtha tuwhahsv tikatuhv'i
valid,training_data/processed/sentence_audio/Sentence_for_entry_1362.wav,ᏂᎦᏓ ᏴᏫ ᎬᏩᏛᎦᏅ ᎦᏬᏂᏍᎬᎢ,nikata yvwi kvwhthvkanv kawonihskv'i
valid,training_data/processed/sentence_audio/Sentence_for_entry_1439.wav,ᏎᎷ ᏧᏓ ᏧᎧᏲᏓ ᏓᎪᎲᏍᏗᎭ,selu tsuta tsukhayhota takohvhstiha
valid,training_data/processed/sentence_audio/Sentence_for_entry_0574.wav,ᎤᏄᎸᏅ ᏧᎴᏗ ᏕᎦᏥᏡᎬᎢ,unulvnhv tsulehti tekatsilhkv'i
valid,training_data/processed/sentence_audio/Sentence_for_entry_0932.wav,ᏧᏂᎸᏫᏍᏓᏁᎯ ᎤᎾᏗᏔᏍᏗ ᎠᎹ ᏥᏅᏤᎦ,tsunilvwhstanehi unatithahsti ama tsinvtseka
valid,training_data/processed/sentence_audio/Sentence_for_entry_0803.wav,ᏗᏂᏲᏟ ᎤᏂᎸᏉᏗ ᎦᏙᎯ ᏧᎾᏁᎶᏗᎢ,tiniyolhi unilvkwhti katohi tsunanelhti'i
valid,training_data/processed/sentence_audio/Sentence_for_entry_0008.wav,ᎡᎳᏗ ᏭᏗᎾ ᏍᏆᏞᏍᏗ ᎤᏓᏗᏅᏒᎢ,elati wutina hskwalhehsti utatinvhsv'i
valid,training_data/processed/sentence_audio/Sentence_for_entry_0327.wav,ᏳᏓᏬᎡᎾ ᎠᎵᏰᏑᏍᏘᎩᏍᎪᎢ,yutawo'ena aliyehsuhsthikihsko'i
valid,training_data/processed/sentence_audio/Sentence_for_entry_1591.wav,ᎪᎱᏍᏗ ᎤᎪᏏᏓ ᎠᎩᏩᏒᎦ,kohuhsti ukohsita akiwhsvka
valid,training_data/processed/sentence_audio/Sentence_for_entry_1733.wav,Ꮎ ᏓᏆᎴᎳ ᏧᏍᎪᏍᏗ ᏚᏨᏍᏔ,na takwalela tsuhskohsti tutsvhstha
valid,training_data/processed/sentence_audio/Sentence_for_entry_0426.wav,ᏅᎩ ᎠᏰᏟ ᎠᏍᏆᏗᏍᎪ ᏚᎸᏫᏍᏓᏁᎲᎢ,nvhki ayelhi ahskwatihsko tulvwhihstanehv'i
valid,training_data/processed/sentence_audio/Sentence_for_entry_0982.wav,ᎬᎾ ᎦᏅᏍᎨ ᎠᏍᏗᎩᎠ,kvna kanvhske ahstiki'a
valid,training_data/processed/sentence_audio/Sentence_for_entry_1582_01.wav,ᎤᎨᏳᎭ ᏩᏥ ᏝᎴ ᎩᎶ ᏴᎬᏙᎵᏍᏓ,ukeyuha watsi tlhale khilo yvkvtholhsta
valid,training_data/processed/sentence_audio/Sentence_for_entry_0330.wav,ᎩᎦᎨ ᏗᎵᏲ ᏚᎵᏲᎭ,kikake tiliyo tuliyoha
valid,training_data/processed/sentence_audio/Sentence_for_entry_0032.wav,ᎤᏔᎾ ᎠᏓᎨᏗ ᏄᏩᏅᏗ ᏗᏎᎯᏍᏗᎢ,uthana atakhehti nuwanhti tihsehihsti'i
valid,training_data/processed/sentence_audio/Sentence_for_entry_1094.wav,ᎢᏌ ᎬᎫᏍᏗᎭ ᎡᏥ,ihsa kvkuhstiha etsi
valid,training_data/processed/sentence_audio/Sentence_for_entry_1334.wav,ᎪᎳ ᏧᏂᏍᏗᎩᏍᏗ ᎤᏂᎸᏉᏗ ᎩᏟ,khola tsunihstikihsti unilvkwhti kilhi
valid,training_data/processed/sentence_audio/Sentence_for_entry_0198.wav,ᎦᏬᏂᏍᎩ ᎦᏬᏂᏍᎬ ᎠᏁᏟᏗᎭ,kawonihski kawonihskv anhelhtiha
valid,training_data/processed/sentence_audio/Sentence_for_entry_1112.wav,ᏯᏖᏃ ᎲᏃᏌᎲᎢ ᏂᏣᏂᎩᏓᏊ,yhahtheno hvnohsahv'i nitsanhikitakwu
valid,training_data/processed/sentence_audio/Sentence_for_entry_0908.wav,ᎦᏂᏰᎦ ᏧᎸᏫᏍᏓᏁᏗ ᎤᎭ,kaniyeka tsulvwhstanehti uha
valid,training_data/processed/sentence_audio/Sentence_for_entry_0152.wav,ᎦᏂᏱᏍᎩ ᏍᏆᏞᏍᏗ ᎦᏂᏱᏍᎬ ᏚᏅᏓ ᎠᎬᏓᎨᏂ ᎤᏩᏂᎸᎢ,ka'niyihski hskwalhehsti ka'niyihskv tunvta akvtakeni uwanhilv'i
valid,training_data/processed/sentence_audio/Sentence_for_entry_0947.wav,ᎦᏂᏱᏍᎩ ᎢᏳᎵᏍᏙᏗ ᎤᏚᎵᎭ,ka'niyihski iyulhstohti utuliha
valid,training_data/processed/sentence_audio/Sentence_for_entry_1631.wav,ᎤᏔᎾ ᎤᏲᎾ ᏄᏩᏅᏗ ᏓᏆᎴᎷᎢ,uthana uyhona nuwanhti takwalelu'i
valid,training_data/processed/sentence_audio/Sentence_for_entry_0282.wav,ᎯᎠ ᎠᏍᎦᏯ ᎤᏙᎯᏳ ᎠᎦᏔᎿᎢ,hi'a ahskaya utohiyu akhthanha'i
valid,training_data/processed/sentence_audio/Sentence_for_entry_0919.wav,ᎠᎹ ᎤᏗᏔᏍᏗ ᏥᏁᎥᏏ,ama utithahsti tsine'vhsi
valid,training_data/processed/sentence_audio/Sentence_for_entry_1795_01.wav,ᎤᏬᎯᏳᏐ ᏚᏳᎪᏛ ᎾᏛᏁᎲᎢ,uwohiyuhso tuyukhtv natvnehv'i
valid,training_data/processed/sentence_audio/Sentence_for_entry_1572.wav,ᎦᏙ ᏚᏙᎠ ᎤᏚᏥ,kato tuto'a ututsi
valid,training_data/processed/sentence_audio/Sentence_for_entry_0382.wav,ᎦᎪ ᎤᎪᏗ ᎠᏌᎹᏗᏯ ᏂᎯ ᎡᏣᏙᎨ,kako ukoti ahsamatiya nihi etsatokhe
valid,training_data/processed/sentence_audio/Sentence_for_entry_0498.wav,Ꮭ ᏳᎸᏉᏗ ᎤᏚᎩᏍᏗ,lha yulvkwhti uthukihsti
valid,training_data/processed/sentence_audio/Sentence_for_entry_0220.wav,ᎤᏯᏛᏁᎢᏍ ᎤᏒ ᏥᎨᏒ,uyhahthvnhe'ihs uhsv tsikehsv
valid,training_data/processed/sentence_audio/Sentence_for_entry_0688.wav,ᎢᎾᏓ ᏗᎯᎯ ᎩᏟ ᎤᏩᎧᎭ,inata tihihi kilhi uwakhaha
valid,training_data/processed/sentence_audio/Sentence_for_entry_1507.wav,ᏦᎯᏳᎭᏍ ᎠᏂᏥᎩᎵ ᎠᏁᎲ,tsohiyuhahs anitskili anehv
valid,training_data/processed/sentence_audio/Sentence_for_entry_0123.wav,ᏥᏈᏍᏗ ᎠᎦᏍᎦ Ꮲ ᎡᏅᏍᏗ ᎪᎯ ᎢᎦ,tskwihsti akahska tlhv envhsti khohi ika
valid,training_data/processed/sentence_audio/Sentence_for_entry_0199.wav,ᎯᎠ ᎪᏪᎵ ᎠᏁᎵᏔᏅ ᎠᏆᏚᎵᎭ,hi'a kowheli anhelhthanv akwatuliha
valid,training_data/processed/sentence_audio/Sentence_for_entry_1323.wav,ᎩᎳ ᏫᎨᏙᎸ ᏗᎦᏚᎲᎢ,khila wiketolv tikatuhv'i
valid,training_data/processed/sentence_audio/Sentence_for_entry_1337.wav,ᎭᏢ ᎬᏙᎣ ᎠᎫᎩᏍᏗ,halhv khtho'o akhukihsti
valid,training_data/processed/sentence_audio/Sentence_for_entry_0111.wav,ᎠᏥᏰᏣᏍᏙᏗ ᎤᏚᎵᏍᎬ ᎢᏳᏍᏗ ᎠᏛᏁᎵᎭ,atsiyetsahstohti utulihskv iyuhsti atvneliha
valid,training_data/processed/sentence_audio/Sentence_for_entry_1754.wav,ᏒᎯ ᎤᏘᏴᏅ ᎠᏂᎩᎠ,svhi uthiyvnhv aniki'a
valid,training_data/processed/sentence_audio/Sentence_for_entry_0956.wav,Ꮭ ᏯᏆᏚᎵ ᎪᎱᏍᏗ ᎦᏃᏍᎩᏓ ᎠᎩᏩᎯᏍᏗᎢ,lha yakwatuli kohuhsti kanohskita akhiwahihsti'i
valid,training_data/processed/sentence_audio/Sentence_for_entry_0719.wav,ᎯᎳ ᎢᏴ ᏗᏘᏲᎯᎯ ᏄᎵᏍᏔᏁᎢ,hila iyv tithiyohihi nulhsthane'i
valid,training_data/processed/sentence_audio/Sentence_for_entry_0884.wav,ᎯᎶᏅᏓ ᏥᎪᏯ ᏄᏅ ᏧᎩᎳ,hilonhta tskoya nunv tsukhila
valid,training_data/processed/sentence_audio/Sentence_for_entry_1348.wav,ᎪᎩ ᏱᏄᎵᏍᏔᎾ ᏆᏄᎾᏍᏗ ᏕᎦᏕᏍᎪ ᎡᏥ ᎠᎴ ᏕᎦᎶᏗᏍᎪᎢ,koki yinulhsthana kwhanunhsti tekatehsko etsi ale tekalhtihsko'i
valid,training_data/processed/sentence_audio/Sentence_for_entry_0191.wav,Ꮭ ᎤᎵᏬᏨ ᏱᎩ Ꮎ ᎢᎾᏓ Ꮟ ᎠᎵᏖᎸᎲᏍᎦᏊ,lha uliwhotsv yiki na inata hsi alhthelvhvhskakwu
valid,training_data/processed/sentence_audio/Sentence_for_entry_0836.wav,ᎦᎵᏦᏕ ᏓᎦᏁᏍᎨᎯ,kalhtsote takanehskehi
valid,training_data/processed/sentence_audio/Sentence_for_entry_1576.wav,ᎦᏙ ᎤᏍᏗ ᎤᎦᎹ ᏣᏚᎵᎭ,kato uhsti ukama tsatuliha
valid,training_data/processed/sentence_audio/Sentence_for_entry_0486.wav,ᏗᎨᏫ ᎠᏍᎦᏯ ᎠᏘᏂ,tikhewi ahskaya athinhi
valid,training_data/processed/sentence_audio/Sentence_for_entry_0967.wav,Ꮎ ᎤᏟᏂᎩᏓ ᎠᏍᎦᏯ ᏔᎷᎩᏍᎩ ᎦᏄᏖᏲᎭ,na ulhinikita ahskaya thalukihski kanutheyoha
valid,training_data/processed/sentence_audio/Sentence_for_entry_1174.wav,ᎢᏤᎢᏳᏍᏗ ᎠᏓᏁᎸ ᎦᏁᎳ ᎣᎩᎾᎵᎢ,itse'iyuhsti atanelv kanela okinali'i
valid,training_data/processed/sentence_audio/Sentence_for_entry_1163.wav,ᎩᎳᏛ ᎢᎦᎷᎦ ᎤᏑᏂᏙᎸᎢ,khilatv ika'luhka uhsunhitolv'i
valid,training_data/processed/sentence_audio/Sentence_for_entry_1497.wav,ᎨᏛ ᎤᎩᎳ ᏔᏬᏗ,kethv ukhi'la thawoti
valid,training_data/processed/sentence_audio/Sentence_for_entry_0266.wav,ᏩᎦ ᏱᏚᎪᎭ ᏓᎨᎮᎪᎢ,wahka yitukoha takheheko'i
valid,training_data/processed/sentence_audio/Sentence_for_entry_1619.wav,Ꮭ ᏳᎸᏉᏗ ᎩᎶ ᎤᎪᏩᏛᏗ ᎤᏁᎸᏒᎢ,lha yulvkwhti khilo ukowahthvhti unhelvhsv'i
valid,training_data/processed/sentence_audio/Sentence_for_entry_0427.wav,ᎠᏍᏆᎨᏂ ᎤᏪᎯᏍᏓᏁ ᎤᏓᎾᏫᏍᏔᏅᎢ,ahskwakeni uwehihstane utanawhsthanv'i
valid,training_data/processed/sentence_audio/Sentence_for_entry_0990_02.wav,ᏧᎦᏒᏍᏗ ᎤᏩᏌᏁᎾᏛᏅ ᎤᏪᏘ ᏓᏆᎴᎳ ᎤᏓᎾᏫᏍᏔᎾ,tsukhsvhsti uwahsanentvnv uwethi takwalela utanawhsthana
valid,training_data/processed/sentence_audio/Sentence_for_entry_1375.wav,ᏙᏳ ᏂᏣᏓᏅᏛᎾ,toyu nitsatanhthvna
valid,training_data/processed/sentence_audio/Sentence_for_entry_0560.wav,ᏂᎦᎵᏍᏔᏅᏊ ᎢᎦ ᏕᎯᎬᏩᎶᏔᏅ ᎬᏯᏈᏴᎡᎸᎢ,nikalhsthanvkwu ika tehikvwalhthanv kvyakwiyv'elv'i
valid,training_data/processed/sentence_audio/Sentence_for_entry_0476.wav,ᎪᏛ ᏭᏗᎾ ᎠᏓᏪᎳᎩᏍᎩ ᎤᏔᏍᎩᏒᎢ,kothv wutina atawelakihski uthahskihsv'i
valid,training_data/processed/sentence_audio/Sentence_for_entry_1044.wav,ᎪᎯᏁᎪ ᎤᏪᏥ ᎠᏧᏣ ᎠᎹᏱ ᏱᏚᏂᏐᏣ,kohineko uwetsi atshutsa amayi yitunihsohtsa
valid,training_data/processed/sentence_audio/Sentence_for_entry_1594.wav,ᎠᏕᎳ ᎤᎬᏫᏳ ᏓᏆᏚᎵᎭ,atela ukvwiyu takwatuliha
valid,training_data/processed/sentence_audio/Sentence_for_entry_0065.wav,ᎤᏕᎰᎯᏍᏙᏗ ᎠᏁᏟᏗᎭ,utehohihstohti anelhtiha
valid,training_data/processed/sentence_audio/Sentence_for_entry_0457.wav,ᎯᎳ ᎢᎦᏅᎯᏓ ᎠᏑᎶ ᎭᏑᎵᏍᎪ,hila ikanvhita ahsulo hahsulihsko
valid,training_data/processed/sentence_audio/Sentence_for_entry_1294.wav,ᏥᏔᎦ ᎧᏃᎨ ᎠᏍᏗᎩᎠ,tsithaka khanoke ahstiki'a
valid,training_data/processed/sentence_audio/Sentence_for_entry_1465_01.wav,ᏐᎢ ᏗᎧᏅᏑᎸ ᏩᏴᎭ,so'i tikhanvhsulv wayvha
valid,training_data/processed/sentence_audio/Sentence_for_entry_0017.wav,ᎢᎦᏓ ᏗᎩᏍᏗ ᎠᎾᏓᎯᎯ ᏥᏈᏍᏗ ᏱᏓᎩᏌ,ikata tikhihsti anatahihi tskwihsti yitakhihsa
valid,training_data/processed/sentence_audio/Sentence_for_entry_1826.wav,ᏩᏚᎾ ᎤᎦᎵᏍᏔᏅ ᎤᎳᏏᏕᎾ ᎤᏓᎷᏯ,watuna ukalhsthanv ulahsihtena utaluyha
valid,training_data/processed/sentence_audio/Sentence_for_entry_1202.wav,ᎯᎳ ᎾᏂᎠ ᎠᏂᏣᎳᎩ ᏚᏂᎸᏫᏍᏓᏁ ᏣᎳᎩ ᎠᏰᏟᎢ,hila nani'a anitsalaki tunilvwhihstane tsalaki ayelhi'i
valid,training_data/processed/sentence_audio/Sentence_for_entry_0460.wav,ᎭᏑᏴᎳ Ꮎ ᎤᎦᎹ,hahsuyvla na ukama
valid,training_data/processed/sentence_audio/Sentence_for_entry_1119.wav,ᎯᎳ ᎢᎪᎯᏓ ᏕᏨᏩᏝᏁ ᏗᎿᏬ,hila ikohita tetsvwalhane tinhawo
valid,training_data/processed/sentence_audio/Sentence_for_entry_1201.wav,ᏣᎳᎩᏍ ᎯᏬᏂᏍᎩ,tsalakihs hiwonihski
valid,training_data/processed/sentence_audio/Sentence_for_entry_0686.wav,ᎧᎾᏁᏍᎩ ᎦᏨᏍᎬ ᏥᎪᏩᏔ ᏗᎫᎵᏗᏍᎩ,khananehski katsvhskv tsikowahtha tikulhtihski
valid,training_data/processed/sentence_audio/Sentence_for_entry_0130.wav,ᎠᏂᏣᎳᎩ ᎠᏂᎨᏳᏣ ᎤᏂᎸᏉᏗ ᎤᎾᎳᏍᎦᏟᏗᎢ,anitsalaki anikeyhutsa unilvkwhti unalahskalhti'i
valid,training_data/processed/sentence_audio/Sentence_for_entry_0449.wav,ᎯᎳ ᎢᎦᏅᎯᏓ ᎠᏍᏘ ᏣᏚᎵ,hila ikanvhita ahsthi tsatuli
valid,training_data/processed/sentence_audio/Sentence_for_entry_0243.wav,ᎠᏣᏓᏍ Ꮎ ᎠᏍᎦᏯ ᎠᏣᎳᎩᎨ,atsahtahs na ahskaya atsalakikhe
valid,training_data/processed/sentence_audio/Sentence_for_entry_0925.wav,ᏕᎦᏅᏅ ᏕᎦᏁᏍᏓᎳᏗᎠ,tekanvnhv tekanehstalti'a
valid,training_data/processed/sentence_audio/Sentence_for_entry_0898.wav,ᎦᎸᎳᏗᎨ ᏫᎶᎦ,kalvlatike whi'loka
valid,training_data/processed/sentence_audio/Sentence_for_entry_0765_02.wav,ᎠᏁᏙᎭᏍ ᏕᏣᏓᏘᎿᎥ,anetohahs tetsatathinha'v
valid,training_data/processed/sentence_audio/Sentence_for_entry_1830.wav,ᎥᏍᎩᏱ ᏔᎵᏍᎪ ᏅᎩᏁ ᏭᏅ ᏓᏂᏍᏓᏲᎯᎲ ᎠᏓᏁᏗ,vhskiyhi thalhsko nvhkine wunhv tanihstayohihv atanhehti
valid,training_data/processed/sentence_audio/Sentence_for_entry_1380.wav,ᎦᏙ ᎤᏍᏗ ᏂᏨᏅᏗ ᎯᏃᎨᏂ,kato uhsti nitsvnhti hinhokeni
valid,training_data/processed/sentence_audio/Sentence_for_entry_1709.wav,ᏱᎰᏩ ᏚᏙᎠ ᎤᏁᏝᏅᎯ ᎠᏗᎭ ᎦᎸᏉᏗ ᎪᏪᎵ,yihowa tuto'a unelhanvhi atiha kalvkwhti kowheli
valid,training_data/processed/sentence_audio/Sentence_for_entry_0628.wav,ᏘᏲᎯ ᏥᏍᏚ,thiyohi tsihstu
valid,training_data/processed/sentence_audio/Sentence_for_entry_0400.wav,ᏓᎫᏔᏂᏍ ᎮᎵᎠ ᎠᏎᏛ,takuthanhihs heli'a ahsetv
valid,training_data/processed/sentence_audio/Sentence_for_entry_1563.wav,ᎦᏙ ᎠᏛᏁᎯ ᎤᏙᏓ,kato atvnehi utota
valid,training_data/processed/sentence_audio/Sentence_for_entry_1653.wav,ᎤᏦᏍᏗ ᏚᏬᏪᎳ,utsohsti tuwowhela
valid,training_data/processed/sentence_audio/Sentence_for_entry_1241.wav,ᎤᏙᎯᏳ ᏧᎦᏙᏴᎢᏍᏗ ᎠᎦᎵᎭ,utohiyu tsukhthoyv'ihsti akaliha
valid,training_data/processed/sentence_audio/Sentence_for_entry_1071.wav,ᏏᏲ ᎠᏗᎭ ᎯᏲᏎᎸ ᎯᎪᎥᎢ,siyo atiha hiyohselv hiko'v'i
valid,training_data/processed/sentence_audio/Sentence_for_entry_1719.wav,ᎯᎳ ᏂᎧ ᏴᏫ ᎤᏅᏥᏓ,hila nikha yvwi unvtsita
valid,training_data/processed/sentence_audio/Sentence_for_entry_0972.wav,ᏴᎩ ᎦᎭᏛ ᎦᏅᏆᎶᎠ,yvki kahathv kanvkwalo'a
valid,training_data/processed/sentence_audio/Sentence_for_entry_1355.wav,ᎾᎯᏳᎢᏍ ᎩᎳ ᏖᏏ,nahiyu'ihs khila thehsi
valid,training_data/processed/sentence_audio/Sentence_for_entry_0257.wav,ᎠᏂᏥᎸᏍᎩ ᏚᏅᏏ ᎩᎶᎢ,anitsilvhski tunvhsi khilo'i
valid,training_data/processed/sentence_audio/Sentence_for_entry_0252.wav,ᎠᎹᏱ ᎡᎯ ᎠᏥᎳ ᎢᎩᏯᎷᎦ,amayi ehi atsila ikiyhaluka
valid,training_data/processed/sentence_audio/Sentence_for_entry_1583.wav,ᏙᎯᏳ ᎤᎨᏳᎿ Ꮎ ᎠᏍᎦᏯ,tohiyu ukeyunha na ahskaya
valid,training_data/processed/sentence_audio/Sentence_for_entry_1078.wav,ᎫᎫ ᏕᎬᏩᏲᏕᏍᏗ ᎩᏟ,kuku tekvwayotehsti kilhi
valid,training_data/processed/sentence_audio/Sentence_for_entry_1574.wav,ᏱᏂᎦᎵᏍᏗᎭᏊ ᎢᏴ ᎤᏛᏅᎢᏍᏙ ᎤᏓᏍᏕᎸᏗᎢ,yinikalhstihakwu iyv utvnv'ihsto utahstelhti'i
valid,training_data/processed/sentence_audio/Sentence_for_entry_0140.wav,ᏗᎪᏪᎵ ᏧᏪᏘ ᏓᎪᎲᏍᏗᎭ,tikowheli tsuwethi takohvhstiha
valid,training_data/processed/sentence_audio/Sentence_for_entry_0991.wav,ᏔᎵᏍᎪ ᏗᎦᏍᎩᎶ ᏗᏥᏍᎩᎳᏓ,thalhsko tikahskilo titsihskilata
valid,training_data/processed/sentence_audio/Sentence_for_entry_1513.wav,ᎦᏙ ᎤᎾᏍᏗ ᏚᏯ ᎯᎠ,kato unhsti thuya hi'a
valid,training_data/processed/sentence_audio/Sentence_for_entry_0173.wav,ᎪᎱᏍᏗ ᏳᏍᎦᏍᏓᏁᎳ ᏥᏍᏆ ᎠᏝᏫᏗᏍᎪᎢ,kohuhsti yuhskahstanela tsihskwa alhawitihsko'i
valid,training_data/processed/sentence_audio/Sentence_for_entry_1730.wav,ᎦᏙ ᎤᏛᏁᎸ ᎤᏍᏛᏗᎠ,kato utvnelv uhstvti'a
valid,training_data/processed/sentence_audio/Sentence_for_entry_0482.wav,ᎠᏂᏲᏍᎩ ᎤᏖᎳᏗᏍᏗ ᎤᏚᎵᎭ,aniyohski uthelatihsti utuliha
valid,training_data/processed/sentence_audio/Sentence_for_entry_0117_02.wav,ᏧᏬᏰᏂ ᎬᏗ ᎤᎦᎳᏒ ᎠᏍᏘ,tsuwoyeni kvhti ukalhsv ahsthi
valid,training_data/processed/sentence_audio/Sentence_for_entry_0479.wav,ᎤᏪᏥ ᎠᎨᏳᏣ ᎠᎬᏓᎨᏂ ᎤᏔᏪᏙᏅᎢ,uwetsi akeyhutsa akvtakeni uthawetonv'i
valid,training_data/processed/sentence_audio/Sentence_for_entry_0619.wav,ᎤᎬᏫᏳᎯ ᎤᏬᏂᏐᎿ ᏚᎾᏏᏛᏂᎸ ᏴᏫ,ukvwiyuhi uwonihsonha tunahsihthvnilv yvwi
valid,training_data/processed/sentence_audio/Sentence_for_entry_0739.wav,ᏗᎾᎳᏍᎦᎵᏍᎬ ᏚᏘᏅᏒ ᏚᏓᏘᎿᎥᎢ,tinalahskalihskv tuthinhvhsv tutathinha'v'i
valid,training_data/processed/sentence_audio/Sentence_for_entry_0041.wav,ᎤᏃᎴ ᎤᏲᏍᏔᏃᏅ ᎠᏓᏁᎸᎢ,unole uyohsthanonhv atanelv'i
valid,training_data/processed/sentence_audio/Sentence_for_entry_0996.wav,ᎦᏥᏃᏍᏓ ᎾᎵᏍᏛᏡᏍᎬᎾ ᎨᏒ ᎢᏳᏍᏗ ᎦᏐᏆᏘ ᏄᎵᏍᏔᏅᎢ,katshinohsta nalhstvlhuhskvna kehsv iyuhsti kahsohkwathi nulhsthanv'i
valid,training_data/processed/sentence_audio/Sentence_for_entry_0657.wav,Ꮎ ᎤᏍᏗ ᎠᏧᏣ ᏗᏓᏰᏠᎯ ᎢᏳᎵᏍᏙᏗ ᎤᏚᎵ ᎠᏛᏒᎢ,na uhsti atshutsa titayhelhohi iyulhstohti utuli athvhsv'i
valid,training_data/processed/sentence_audio/Sentence_for_entry_1225.wav,ᏧᏓᎴᏅᏓ ᎤᏂᏍᎪᎵᏗᏓᎾ,tsutalenhvta unihskolhtita'na
valid,training_data/processed/sentence_audio/Sentence_for_entry_1091.wav,ᎦᏳᎳ ᎩᎶ ᏥᏅᏫᏍᏔᎾ ᏧᏭᏖᏍᏗ ᎯᎠ ᏅᏯ ᏣᏂᎳᎨᏯ,kayula khilo tsinvwhsthana tsuwuthehsti hi'a nvya tsanilakeya
valid,training_data/processed/sentence_audio/Sentence_for_entry_0321.wav,ᎤᏪᏥ ᎠᏧᏣ ᏳᏍᏕᎸᎭ ᏚᎸᏫᏍᏓᏁᎲ ᎠᎵᎮᎵᏤᎰᎢ,uwetsi atshutsa yuhstelvha tulvwhihstanehv alihelitsheho'i
valid,training_data/processed/sentence_audio/Sentence_for_entry_0766.wav,ᎢᎾ ᎨᎦ,ina keka
valid,training_data/processed/sentence_audio/Sentence_for_entry_1699.wav,ᎣᎩᎾᎵᎢ ᏫᏓᏥᏩᏛᎯᏙᎵ,okinali'i witatsiwahthvhitoli
valid,training_data/processed/sentence_audio/Sentence_for_entry_1832.wav,ᎯᎳ ᎠᏟᎢᎵ ᎠᏗᎭ ᏩᏥ,hila alhi'ili atiha watsi
valid,training_data/processed/sentence_audio/Sentence_for_entry_1758.wav,ᎤᏚᎩ ᎠᏋᎭ ᏥᏯᏛᎪᏗᎢ,uthuki akwvha tsiyathvkoti'i
valid,training_data/processed/sentence_audio/Sentence_for_entry_1665.wav,ᎠᏫ ᏚᏯᎸᏒ ᏒᎯ ᎠᏎᏃ ᎤᏉᎸᏒᎢ,awhi tuyhalvhsv hsvhi ahsenho ukwholvhsv'i
valid,training_data/processed/sentence_audio/Sentence_for_entry_0601.wav,ᏚᎳᏑᎴᏒ ᎠᎴ ᏚᎵᏲᎩᏒᎢ,tulahsulehsv ale tuliyokihsv'i
valid,training_data/processed/sentence_audio/Sentence_for_entry_1282.wav,ᎨᏘᎶᏍᏗ ᎬᏗ ᎤᏁᏆᏛᎲ ᎤᏂᎷᎬᎢ,kethilohsti kvhti unhekwatvhv unhilhkv'i
valid,training_data/processed/sentence_audio/Sentence_for_entry_1030.wav,ᎦᎪ ᏚᏩᏍᎪ ᏗᎨᏛᏍᏗ,kako tuwhahsko tikethvhsti
valid,training_data/processed/sentence_audio/Sentence_for_entry_0355.wav,ᎦᎪ ᎤᏍᎪᏎᎢ ᎯᎠ ᎠᎹᏢᏗᎢ,kako uhskohse'i hi'a amalhti'i
valid,training_data/processed/sentence_audio/Sentence_for_entry_1577.wav,ᏙᏳ ᎤᏂᎦᎾᏍᏓ ᎯᎠ ᎠᏂᏩᏒᎩ,toyu unikanahsta hi'a aniwhsvki
valid,training_data/processed/sentence_audio/Sentence_for_entry_1018.wav,ᎩᎶ ᎦᏰᎪᎩ ᏱᎩ ᏧᎶᏘᏍᎩ ᎦᏅᏓᏓ ᎠᎾᏗᏍᎪᎢ,khilo kayhkoki yiki tsulotski kanhta'ta anatihsko'i
valid,training_data/processed/sentence_audio/Sentence_for_entry_0526.wav,ᎯᎸᏍᎩ ᏯᏂᎢ ᎠᏂᏍᎦᏯ ᏗᏗᏍᏗ ᏓᏂᏲᏢᏍᎦ,hilvhski yani anihskaya titihsti taniyolhvhska
valid,training_data/processed/sentence_audio/Sentence_for_entry_1488.wav,ᏒᏃᏱ ᎠᏰᏟ ᏓᎦᏁᎳᏗ,svnoyi ayelhi takanela'ti
valid,training_data/processed/sentence_audio/Sentence_for_entry_1494.wav,ᏔᎷᎩᏍᎩ ᏗᎧᏅᏬᏙᏗ ᎤᏗᏒᎲᏏ,thalukihski tikhanvwotohti utsvhvhsi
valid,training_data/processed/sentence_audio/Sentence_for_entry_0010.wav,Ꮎ ᎠᎳᏍᎦᎵᏍᎩ ᏍᏓᏯ ᎠᏓᏗᏅᏗᎭ ᏍᏆᏞᏍᏗ,na alahskalihski hstaya atatinvtiha hskwalhehsti
valid,training_data/processed/sentence_audio/Sentence_for_entry_0930.wav,ᎦᏅᎪ ᎦᎴᏴᎯ ᎧᏫ ᎤᏗᏞᎩ ᎠᏗᏔᏍᎬᎢ,kanhko kaleyvhi khawhi utilhehki atithahskv'i
valid,training_data/processed/sentence_audio/Sentence_for_entry_0314.wav,ᎩᎶ ᎤᏯᏂᏍᎬ ᎤᏛᎦᎾ ᎤᎴᏫᏍᏔᏅᎢ,khilo uyhanihskv uthvkana ulewhihsthanv'i
valid,training_data/processed/sentence_audio/Sentence_for_entry_0891.wav,ᏧᏓᏅᎦᎸᏓ ᏂᏙᏩᏅᎾ ᏱᎩ ᏗᏤᏍᏙ ᎦᎷᏯᏍᏗ ᏯᎾᎩᎸᎥᎦ,tsutanvkalvta nitowanhvna yiki titsehsto kaluyhsti yanhkhilv'vka
valid,training_data/processed/sentence_audio/Sentence_for_entry_0591.wav,ᏓᎳᎳ ᎤᏂᏴᎲ ᏪᏌ,talala uniyvhv wehsa
valid,training_data/processed/sentence_audio/Sentence_for_entry_1810_01.wav,ᎤᎸᏌᏗ ᎤᏲᏨ ᎫᏖᎠ,ulvhsa'ti uyotsv kuthe'a
valid,training_data/processed/sentence_audio/Sentence_for_entry_1312.wav,ᎯᎳ ᎢᏴ ᏥᎨᏒ ᎤᏮᏕᏤ ᎠᏂᏁᎵ Ꮭ ᏯᏆᏅᏖ ᏁᎲᎾ ᎨᏒᎢ,hila iyv tsikehsv uwhtetse anineli lha yakwanhthe nehvna kehsv'i
valid,training_data/processed/sentence_audio/Sentence_for_entry_1763.wav,ᎦᏙ ᎤᏍᏗ ᎲᏗᏍᎪ ᏅᏅᏕᏍᎬ ᎠᏣᏗ ᎤᏩᏥᏍᎦᏢᎢ,kato uhsti hvhtihsko nhvnhtehskv atsati uwatsihskalhv'i
